"""Notes""","""State of Residence""","""State of Residence Code""","""Year""","""Year Code""","""Gonorrhea""","""Gonorrhea Code""","Births"
NA,"""Alabama""","""01""","""2016""","""2016""","""Yes""","""1""",215
NA,"""Alabama""","""01""","""2016""","""2016""","""No""","""2""",58918
NA,"""Alabama""","""01""","""2016""","""2016""","""Unknown or Not Stated""","""9""",18
NA,"""Alabama""","""01""","""2017""","""2017""","""Yes""","""1""",207
NA,"""Alabama""","""01""","""2017""","""2017""","""No""","""2""",58719
NA,"""Alabama""","""01""","""2017""","""2017""","""Unknown or Not Stated""","""9""",15
NA,"""Alabama""","""01""","""2018""","""2018""","""Yes""","""1""",221
NA,"""Alabama""","""01""","""2018""","""2018""","""No""","""2""",57528
NA,"""Alabama""","""01""","""2018""","""2018""","""Unknown or Not Stated""","""9""",12
NA,"""Alabama""","""01""","""2019""","""2019""","""Yes""","""1""",236
NA,"""Alabama""","""01""","""2019""","""2019""","""No""","""2""",58369
NA,"""Alabama""","""01""","""2019""","""2019""","""Unknown or Not Stated""","""9""",10
NA,"""Alabama""","""01""","""2020""","""2020""","""Yes""","""1""",305
NA,"""Alabama""","""01""","""2020""","""2020""","""No""","""2""",57337
NA,"""Alabama""","""01""","""2021""","""2021""","""Yes""","""1""",376
NA,"""Alabama""","""01""","""2021""","""2021""","""No""","""2""",57670
NA,"""Alaska""","""02""","""2016""","""2016""","""Yes""","""1""",27
NA,"""Alaska""","""02""","""2016""","""2016""","""No""","""2""",11084
NA,"""Alaska""","""02""","""2016""","""2016""","""Unknown or Not Stated""","""9""",98
NA,"""Alaska""","""02""","""2017""","""2017""","""Yes""","""1""",33
NA,"""Alaska""","""02""","""2017""","""2017""","""No""","""2""",10293
NA,"""Alaska""","""02""","""2017""","""2017""","""Unknown or Not Stated""","""9""",119
NA,"""Alaska""","""02""","""2018""","""2018""","""Yes""","""1""",29
NA,"""Alaska""","""02""","""2018""","""2018""","""No""","""2""",9926
NA,"""Alaska""","""02""","""2018""","""2018""","""Unknown or Not Stated""","""9""",131
NA,"""Alaska""","""02""","""2019""","""2019""","""Yes""","""1""",33
NA,"""Alaska""","""02""","""2019""","""2019""","""No""","""2""",9680
NA,"""Alaska""","""02""","""2019""","""2019""","""Unknown or Not Stated""","""9""",109
NA,"""Alaska""","""02""","""2020""","""2020""","""Yes""","""1""",30
NA,"""Alaska""","""02""","""2020""","""2020""","""No""","""2""",9352
NA,"""Alaska""","""02""","""2020""","""2020""","""Unknown or Not Stated""","""9""",87
NA,"""Alaska""","""02""","""2021""","""2021""","""Yes""","""1""",39
NA,"""Alaska""","""02""","""2021""","""2021""","""No""","""2""",9264
NA,"""Alaska""","""02""","""2021""","""2021""","""Unknown or Not Stated""","""9""",64
NA,"""Arizona""","""04""","""2016""","""2016""","""Yes""","""1""",250
NA,"""Arizona""","""04""","""2016""","""2016""","""No""","""2""",84269
NA,"""Arizona""","""04""","""2017""","""2017""","""Yes""","""1""",254
NA,"""Arizona""","""04""","""2017""","""2017""","""No""","""2""",81612
NA,"""Arizona""","""04""","""2018""","""2018""","""Yes""","""1""",301
NA,"""Arizona""","""04""","""2018""","""2018""","""No""","""2""",80419
NA,"""Arizona""","""04""","""2019""","""2019""","""Yes""","""1""",307
NA,"""Arizona""","""04""","""2019""","""2019""","""No""","""2""",79064
NA,"""Arizona""","""04""","""2020""","""2020""","""Yes""","""1""",288
NA,"""Arizona""","""04""","""2020""","""2020""","""No""","""2""",76655
NA,"""Arizona""","""04""","""2021""","""2021""","""Yes""","""1""",270
NA,"""Arizona""","""04""","""2021""","""2021""","""No""","""2""",77640
NA,"""Arkansas""","""05""","""2016""","""2016""","""Yes""","""1""",208
NA,"""Arkansas""","""05""","""2016""","""2016""","""No""","""2""",38064
NA,"""Arkansas""","""05""","""2017""","""2017""","""Yes""","""1""",235
NA,"""Arkansas""","""05""","""2017""","""2017""","""No""","""2""",37281
NA,"""Arkansas""","""05""","""2018""","""2018""","""Yes""","""1""",237
NA,"""Arkansas""","""05""","""2018""","""2018""","""No""","""2""",36778
NA,"""Arkansas""","""05""","""2019""","""2019""","""Yes""","""1""",248
NA,"""Arkansas""","""05""","""2019""","""2019""","""No""","""2""",36314
NA,"""Arkansas""","""05""","""2020""","""2020""","""Yes""","""1""",270
NA,"""Arkansas""","""05""","""2020""","""2020""","""No""","""2""",34979
NA,"""Arkansas""","""05""","""2021""","""2021""","""Yes""","""1""",261
NA,"""Arkansas""","""05""","""2021""","""2021""","""No""","""2""",35701
NA,"""California""","""06""","""2016""","""2016""","""Yes""","""1""",379
NA,"""California""","""06""","""2016""","""2016""","""No""","""2""",488407
NA,"""California""","""06""","""2016""","""2016""","""Unknown or Not Stated""","""9""",41
NA,"""California""","""06""","""2017""","""2017""","""Yes""","""1""",406
NA,"""California""","""06""","""2017""","""2017""","""No""","""2""",471219
NA,"""California""","""06""","""2017""","""2017""","""Unknown or Not Stated""","""9""",33
NA,"""California""","""06""","""2018""","""2018""","""Yes""","""1""",504
NA,"""California""","""06""","""2018""","""2018""","""No""","""2""",454361
NA,"""California""","""06""","""2018""","""2018""","""Unknown or Not Stated""","""9""",55
NA,"""California""","""06""","""2019""","""2019""","""Yes""","""1""",779
NA,"""California""","""06""","""2019""","""2019""","""No""","""2""",444767
NA,"""California""","""06""","""2019""","""2019""","""Unknown or Not Stated""","""9""",933
NA,"""California""","""06""","""2020""","""2020""","""Yes""","""1""",719
NA,"""California""","""06""","""2020""","""2020""","""No""","""2""",418124
NA,"""California""","""06""","""2020""","""2020""","""Unknown or Not Stated""","""9""",1416
NA,"""California""","""06""","""2021""","""2021""","""Yes""","""1""",713
NA,"""California""","""06""","""2021""","""2021""","""No""","""2""",418074
NA,"""California""","""06""","""2021""","""2021""","""Unknown or Not Stated""","""9""",1821
NA,"""Colorado""","""08""","""2016""","""2016""","""Yes""","""1""",103
NA,"""Colorado""","""08""","""2016""","""2016""","""No""","""2""",66500
NA,"""Colorado""","""08""","""2016""","""2016""","""Unknown or Not Stated""","""9""",10
NA,"""Colorado""","""08""","""2017""","""2017""","""Yes""","""1""",125
NA,"""Colorado""","""08""","""2017""","""2017""","""No""","""2""",64246
NA,"""Colorado""","""08""","""2017""","""2017""","""Unknown or Not Stated""","""9""",11
NA,"""Colorado""","""08""","""2018""","""2018""","""Yes""","""1""",160
NA,"""Colorado""","""08""","""2018""","""2018""","""No""","""2""",62718
NA,"""Colorado""","""08""","""2019""","""2019""","""Yes""","""1""",124
NA,"""Colorado""","""08""","""2019""","""2019""","""No""","""2""",62737
NA,"""Colorado""","""08""","""2020""","""2020""","""Yes""","""1""",155
NA,"""Colorado""","""08""","""2020""","""2020""","""No""","""2""",61328
NA,"""Colorado""","""08""","""2020""","""2020""","""Unknown or Not Stated""","""9""",11
NA,"""Colorado""","""08""","""2021""","""2021""","""Yes""","""1""",170
NA,"""Colorado""","""08""","""2021""","""2021""","""No""","""2""",62774
NA,"""Connecticut""","""09""","""2016""","""2016""","""Yes""","""1""",32
NA,"""Connecticut""","""09""","""2016""","""2016""","""No""","""2""",35369
NA,"""Connecticut""","""09""","""2016""","""2016""","""Unknown or Not Stated""","""9""",614
NA,"""Connecticut""","""09""","""2017""","""2017""","""Yes""","""1""",27
NA,"""Connecticut""","""09""","""2017""","""2017""","""No""","""2""",34947
NA,"""Connecticut""","""09""","""2017""","""2017""","""Unknown or Not Stated""","""9""",247
NA,"""Connecticut""","""09""","""2018""","""2018""","""Yes""","""1""",35
NA,"""Connecticut""","""09""","""2018""","""2018""","""No""","""2""",34602
NA,"""Connecticut""","""09""","""2018""","""2018""","""Unknown or Not Stated""","""9""",88
NA,"""Connecticut""","""09""","""2019""","""2019""","""Yes""","""1""",46
NA,"""Connecticut""","""09""","""2019""","""2019""","""No""","""2""",34128
NA,"""Connecticut""","""09""","""2019""","""2019""","""Unknown or Not Stated""","""9""",84
NA,"""Connecticut""","""09""","""2020""","""2020""","""Yes""","""1""",40
NA,"""Connecticut""","""09""","""2020""","""2020""","""No""","""2""",33330
NA,"""Connecticut""","""09""","""2020""","""2020""","""Unknown or Not Stated""","""9""",90
NA,"""Connecticut""","""09""","""2021""","""2021""","""Yes""","""1""",68
NA,"""Connecticut""","""09""","""2021""","""2021""","""No""","""2""",35572
NA,"""Connecticut""","""09""","""2021""","""2021""","""Unknown or Not Stated""","""9""",30
NA,"""Delaware""","""10""","""2016""","""2016""","""Yes""","""1""",35
NA,"""Delaware""","""10""","""2016""","""2016""","""No""","""2""",10957
NA,"""Delaware""","""10""","""2017""","""2017""","""Yes""","""1""",41
NA,"""Delaware""","""10""","""2017""","""2017""","""No""","""2""",10813
NA,"""Delaware""","""10""","""2018""","""2018""","""Yes""","""1""",50
NA,"""Delaware""","""10""","""2018""","""2018""","""No""","""2""",10567
NA,"""Delaware""","""10""","""2019""","""2019""","""Yes""","""1""",75
NA,"""Delaware""","""10""","""2019""","""2019""","""No""","""2""",10441
NA,"""Delaware""","""10""","""2019""","""2019""","""Unknown or Not Stated""","""9""",46
NA,"""Delaware""","""10""","""2020""","""2020""","""Yes""","""1""",37
NA,"""Delaware""","""10""","""2020""","""2020""","""No""","""2""",10236
NA,"""Delaware""","""10""","""2020""","""2020""","""Unknown or Not Stated""","""9""",119
NA,"""Delaware""","""10""","""2021""","""2021""","""Yes""","""1""",29
NA,"""Delaware""","""10""","""2021""","""2021""","""No""","""2""",10364
NA,"""Delaware""","""10""","""2021""","""2021""","""Unknown or Not Stated""","""9""",89
NA,"""District of Columbia""","""11""","""2016""","""2016""","""Yes""","""1""",21
NA,"""District of Columbia""","""11""","""2016""","""2016""","""No""","""2""",9821
NA,"""District of Columbia""","""11""","""2016""","""2016""","""Unknown or Not Stated""","""9""",16
NA,"""District of Columbia""","""11""","""2017""","""2017""","""Yes""","""1""",32
NA,"""District of Columbia""","""11""","""2017""","""2017""","""No""","""2""",9525
NA,"""District of Columbia""","""11""","""2018""","""2018""","""Yes""","""1""",35
NA,"""District of Columbia""","""11""","""2018""","""2018""","""No""","""2""",9174
NA,"""District of Columbia""","""11""","""2019""","""2019""","""Yes""","""1""",29
NA,"""District of Columbia""","""11""","""2019""","""2019""","""No""","""2""",9044
NA,"""District of Columbia""","""11""","""2020""","""2020""","""Yes""","""1""",43
NA,"""District of Columbia""","""11""","""2020""","""2020""","""No""","""2""",8826
NA,"""District of Columbia""","""11""","""2021""","""2021""","""Yes""","""1""",37
NA,"""District of Columbia""","""11""","""2021""","""2021""","""No""","""2""",8517
NA,"""District of Columbia""","""11""","""2021""","""2021""","""Unknown or Not Stated""","""9""",106
NA,"""Florida""","""12""","""2016""","""2016""","""Yes""","""1""",573
NA,"""Florida""","""12""","""2016""","""2016""","""No""","""2""",221967
NA,"""Florida""","""12""","""2016""","""2016""","""Unknown or Not Stated""","""9""",2482
NA,"""Florida""","""12""","""2017""","""2017""","""Yes""","""1""",666
NA,"""Florida""","""12""","""2017""","""2017""","""No""","""2""",220549
NA,"""Florida""","""12""","""2017""","""2017""","""Unknown or Not Stated""","""9""",2415
NA,"""Florida""","""12""","""2018""","""2018""","""Yes""","""1""",674
NA,"""Florida""","""12""","""2018""","""2018""","""No""","""2""",218478
NA,"""Florida""","""12""","""2018""","""2018""","""Unknown or Not Stated""","""9""",2390
NA,"""Florida""","""12""","""2019""","""2019""","""Yes""","""1""",650
NA,"""Florida""","""12""","""2019""","""2019""","""No""","""2""",218282
NA,"""Florida""","""12""","""2019""","""2019""","""Unknown or Not Stated""","""9""",1070
NA,"""Florida""","""12""","""2020""","""2020""","""Yes""","""1""",691
NA,"""Florida""","""12""","""2020""","""2020""","""No""","""2""",208158
NA,"""Florida""","""12""","""2020""","""2020""","""Unknown or Not Stated""","""9""",822
NA,"""Florida""","""12""","""2021""","""2021""","""Yes""","""1""",778
NA,"""Florida""","""12""","""2021""","""2021""","""No""","""2""",214204
NA,"""Florida""","""12""","""2021""","""2021""","""Unknown or Not Stated""","""9""",1278
NA,"""Georgia""","""13""","""2016""","""2016""","""Yes""","""1""",550
NA,"""Georgia""","""13""","""2016""","""2016""","""No""","""2""",128961
NA,"""Georgia""","""13""","""2016""","""2016""","""Unknown or Not Stated""","""9""",531
NA,"""Georgia""","""13""","""2017""","""2017""","""Yes""","""1""",651
NA,"""Georgia""","""13""","""2017""","""2017""","""No""","""2""",128056
NA,"""Georgia""","""13""","""2017""","""2017""","""Unknown or Not Stated""","""9""",536
NA,"""Georgia""","""13""","""2018""","""2018""","""Yes""","""1""",558
NA,"""Georgia""","""13""","""2018""","""2018""","""No""","""2""",125111
NA,"""Georgia""","""13""","""2018""","""2018""","""Unknown or Not Stated""","""9""",503
NA,"""Georgia""","""13""","""2019""","""2019""","""Yes""","""1""",567
NA,"""Georgia""","""13""","""2019""","""2019""","""No""","""2""",125501
NA,"""Georgia""","""13""","""2019""","""2019""","""Unknown or Not Stated""","""9""",303
NA,"""Georgia""","""13""","""2020""","""2020""","""Yes""","""1""",689
NA,"""Georgia""","""13""","""2020""","""2020""","""No""","""2""",121485
NA,"""Georgia""","""13""","""2020""","""2020""","""Unknown or Not Stated""","""9""",299
NA,"""Georgia""","""13""","""2021""","""2021""","""Yes""","""1""",736
NA,"""Georgia""","""13""","""2021""","""2021""","""No""","""2""",123026
NA,"""Georgia""","""13""","""2021""","""2021""","""Unknown or Not Stated""","""9""",311
NA,"""Hawaii""","""15""","""2016""","""2016""","""Yes""","""1""",16
NA,"""Hawaii""","""15""","""2016""","""2016""","""No""","""2""",18043
NA,"""Hawaii""","""15""","""2017""","""2017""","""Yes""","""1""",16
NA,"""Hawaii""","""15""","""2017""","""2017""","""No""","""2""",17501
NA,"""Hawaii""","""15""","""2018""","""2018""","""Yes""","""1""",12
NA,"""Hawaii""","""15""","""2018""","""2018""","""No""","""2""",16960
NA,"""Hawaii""","""15""","""2019""","""2019""","""Yes""","""1""",14
NA,"""Hawaii""","""15""","""2019""","""2019""","""No""","""2""",16783
NA,"""Hawaii""","""15""","""2020""","""2020""","""Yes""","""1""",19
NA,"""Hawaii""","""15""","""2020""","""2020""","""No""","""2""",15765
NA,"""Hawaii""","""15""","""2021""","""2021""","""Yes""","""1""",10
NA,"""Hawaii""","""15""","""2021""","""2021""","""No""","""2""",15610
NA,"""Idaho""","""16""","""2016""","""2016""","""Yes""","""1""",29
NA,"""Idaho""","""16""","""2016""","""2016""","""No""","""2""",22381
NA,"""Idaho""","""16""","""2016""","""2016""","""Unknown or Not Stated""","""9""",72
NA,"""Idaho""","""16""","""2017""","""2017""","""Yes""","""1""",22
NA,"""Idaho""","""16""","""2017""","""2017""","""No""","""2""",22109
NA,"""Idaho""","""16""","""2017""","""2017""","""Unknown or Not Stated""","""9""",50
NA,"""Idaho""","""16""","""2018""","""2018""","""Yes""","""1""",37
NA,"""Idaho""","""16""","""2018""","""2018""","""No""","""2""",21327
NA,"""Idaho""","""16""","""2018""","""2018""","""Unknown or Not Stated""","""9""",39
NA,"""Idaho""","""16""","""2019""","""2019""","""Yes""","""1""",24
NA,"""Idaho""","""16""","""2019""","""2019""","""No""","""2""",21987
NA,"""Idaho""","""16""","""2019""","""2019""","""Unknown or Not Stated""","""9""",52
NA,"""Idaho""","""16""","""2020""","""2020""","""Yes""","""1""",27
NA,"""Idaho""","""16""","""2020""","""2020""","""No""","""2""",21471
NA,"""Idaho""","""16""","""2020""","""2020""","""Unknown or Not Stated""","""9""",35
NA,"""Idaho""","""16""","""2021""","""2021""","""Yes""","""1""",23
NA,"""Idaho""","""16""","""2021""","""2021""","""No""","""2""",22331
NA,"""Idaho""","""16""","""2021""","""2021""","""Unknown or Not Stated""","""9""",73
NA,"""Illinois""","""17""","""2016""","""2016""","""Yes""","""1""",442
NA,"""Illinois""","""17""","""2016""","""2016""","""No""","""2""",153680
NA,"""Illinois""","""17""","""2016""","""2016""","""Unknown or Not Stated""","""9""",323
NA,"""Illinois""","""17""","""2017""","""2017""","""Yes""","""1""",449
NA,"""Illinois""","""17""","""2017""","""2017""","""No""","""2""",148458
NA,"""Illinois""","""17""","""2017""","""2017""","""Unknown or Not Stated""","""9""",483
NA,"""Illinois""","""17""","""2018""","""2018""","""Yes""","""1""",404
NA,"""Illinois""","""17""","""2018""","""2018""","""No""","""2""",144026
NA,"""Illinois""","""17""","""2018""","""2018""","""Unknown or Not Stated""","""9""",385
NA,"""Illinois""","""17""","""2019""","""2019""","""Yes""","""1""",447
NA,"""Illinois""","""17""","""2019""","""2019""","""No""","""2""",139530
NA,"""Illinois""","""17""","""2019""","""2019""","""Unknown or Not Stated""","""9""",151
NA,"""Illinois""","""17""","""2020""","""2020""","""Yes""","""1""",489
NA,"""Illinois""","""17""","""2020""","""2020""","""No""","""2""",132586
NA,"""Illinois""","""17""","""2020""","""2020""","""Unknown or Not Stated""","""9""",223
NA,"""Illinois""","""17""","""2021""","""2021""","""Yes""","""1""",524
NA,"""Illinois""","""17""","""2021""","""2021""","""No""","""2""",131514
NA,"""Illinois""","""17""","""2021""","""2021""","""Unknown or Not Stated""","""9""",151
NA,"""Indiana""","""18""","""2016""","""2016""","""Yes""","""1""",304
NA,"""Indiana""","""18""","""2016""","""2016""","""No""","""2""",82778
NA,"""Indiana""","""18""","""2017""","""2017""","""Yes""","""1""",354
NA,"""Indiana""","""18""","""2017""","""2017""","""No""","""2""",81812
NA,"""Indiana""","""18""","""2018""","""2018""","""Yes""","""1""",370
NA,"""Indiana""","""18""","""2018""","""2018""","""No""","""2""",81274
NA,"""Indiana""","""18""","""2019""","""2019""","""Yes""","""1""",336
NA,"""Indiana""","""18""","""2019""","""2019""","""No""","""2""",80518
NA,"""Indiana""","""18""","""2020""","""2020""","""Yes""","""1""",301
NA,"""Indiana""","""18""","""2020""","""2020""","""No""","""2""",78265
NA,"""Indiana""","""18""","""2020""","""2020""","""Unknown or Not Stated""","""9""",50
NA,"""Indiana""","""18""","""2021""","""2021""","""Yes""","""1""",387
NA,"""Indiana""","""18""","""2021""","""2021""","""No""","""2""",77143
NA,"""Indiana""","""18""","""2021""","""2021""","""Unknown or Not Stated""","""9""",2416
NA,"""Iowa""","""19""","""2016""","""2016""","""Yes""","""1""",81
NA,"""Iowa""","""19""","""2016""","""2016""","""No""","""2""",39321
NA,"""Iowa""","""19""","""2017""","""2017""","""Yes""","""1""",94
NA,"""Iowa""","""19""","""2017""","""2017""","""No""","""2""",38330
NA,"""Iowa""","""19""","""2018""","""2018""","""Yes""","""1""",145
NA,"""Iowa""","""19""","""2018""","""2018""","""No""","""2""",37639
NA,"""Iowa""","""19""","""2019""","""2019""","""Yes""","""1""",147
NA,"""Iowa""","""19""","""2019""","""2019""","""No""","""2""",37498
NA,"""Iowa""","""19""","""2020""","""2020""","""Yes""","""1""",139
NA,"""Iowa""","""19""","""2020""","""2020""","""No""","""2""",35972
NA,"""Iowa""","""19""","""2021""","""2021""","""Yes""","""1""",185
NA,"""Iowa""","""19""","""2021""","""2021""","""No""","""2""",36637
NA,"""Iowa""","""19""","""2021""","""2021""","""Unknown or Not Stated""","""9""",13
NA,"""Kansas""","""20""","""2016""","""2016""","""Yes""","""1""",98
NA,"""Kansas""","""20""","""2016""","""2016""","""No""","""2""",37955
NA,"""Kansas""","""20""","""2017""","""2017""","""Yes""","""1""",136
NA,"""Kansas""","""20""","""2017""","""2017""","""No""","""2""",36382
NA,"""Kansas""","""20""","""2018""","""2018""","""Yes""","""1""",119
NA,"""Kansas""","""20""","""2018""","""2018""","""No""","""2""",36141
NA,"""Kansas""","""20""","""2019""","""2019""","""Yes""","""1""",141
NA,"""Kansas""","""20""","""2019""","""2019""","""No""","""2""",35254
NA,"""Kansas""","""20""","""2020""","""2020""","""Yes""","""1""",112
NA,"""Kansas""","""20""","""2020""","""2020""","""No""","""2""",34262
NA,"""Kansas""","""20""","""2021""","""2021""","""Yes""","""1""",132
NA,"""Kansas""","""20""","""2021""","""2021""","""No""","""2""",34570
NA,"""Kentucky""","""21""","""2016""","""2016""","""Yes""","""1""",199
NA,"""Kentucky""","""21""","""2016""","""2016""","""No""","""2""",54730
NA,"""Kentucky""","""21""","""2016""","""2016""","""Unknown or Not Stated""","""9""",520
NA,"""Kentucky""","""21""","""2017""","""2017""","""Yes""","""1""",230
NA,"""Kentucky""","""21""","""2017""","""2017""","""No""","""2""",54292
NA,"""Kentucky""","""21""","""2017""","""2017""","""Unknown or Not Stated""","""9""",230
NA,"""Kentucky""","""21""","""2018""","""2018""","""Yes""","""1""",233
NA,"""Kentucky""","""21""","""2018""","""2018""","""No""","""2""",53538
NA,"""Kentucky""","""21""","""2018""","""2018""","""Unknown or Not Stated""","""9""",151
NA,"""Kentucky""","""21""","""2019""","""2019""","""Yes""","""1""",241
NA,"""Kentucky""","""21""","""2019""","""2019""","""No""","""2""",52617
NA,"""Kentucky""","""21""","""2019""","""2019""","""Unknown or Not Stated""","""9""",211
NA,"""Kentucky""","""21""","""2020""","""2020""","""Yes""","""1""",232
NA,"""Kentucky""","""21""","""2020""","""2020""","""No""","""2""",50788
NA,"""Kentucky""","""21""","""2020""","""2020""","""Unknown or Not Stated""","""9""",648
NA,"""Kentucky""","""21""","""2021""","""2021""","""Yes""","""1""",255
NA,"""Kentucky""","""21""","""2021""","""2021""","""No""","""2""",51661
NA,"""Kentucky""","""21""","""2021""","""2021""","""Unknown or Not Stated""","""9""",298
NA,"""Louisiana""","""22""","""2016""","""2016""","""Yes""","""1""",462
NA,"""Louisiana""","""22""","""2016""","""2016""","""No""","""2""",62716
NA,"""Louisiana""","""22""","""2017""","""2017""","""Yes""","""1""",480
NA,"""Louisiana""","""22""","""2017""","""2017""","""No""","""2""",60538
NA,"""Louisiana""","""22""","""2018""","""2018""","""Yes""","""1""",382
NA,"""Louisiana""","""22""","""2018""","""2018""","""No""","""2""",59233
NA,"""Louisiana""","""22""","""2019""","""2019""","""Yes""","""1""",462
NA,"""Louisiana""","""22""","""2019""","""2019""","""No""","""2""",58477
NA,"""Louisiana""","""22""","""2020""","""2020""","""Yes""","""1""",458
NA,"""Louisiana""","""22""","""2020""","""2020""","""No""","""2""",56868
NA,"""Louisiana""","""22""","""2021""","""2021""","""Yes""","""1""",569
NA,"""Louisiana""","""22""","""2021""","""2021""","""No""","""2""",56861
NA,"""Maine""","""23""","""2016""","""2016""","""Yes""","""1""",10
NA,"""Maine""","""23""","""2016""","""2016""","""No""","""2""",12614
NA,"""Maine""","""23""","""2016""","""2016""","""Unknown or Not Stated""","""9""",81
NA,"""Maine""","""23""","""2017""","""2017""","""No""","""2""",12238
NA,"""Maine""","""23""","""2017""","""2017""","""Unknown or Not Stated""","""9""",51
NA,"""Maine""","""23""","""2018""","""2018""","""Yes""","""1""",10
NA,"""Maine""","""23""","""2018""","""2018""","""No""","""2""",12253
NA,"""Maine""","""23""","""2018""","""2018""","""Unknown or Not Stated""","""9""",48
NA,"""Maine""","""23""","""2019""","""2019""","""Yes""","""1""",10
NA,"""Maine""","""23""","""2019""","""2019""","""No""","""2""",11702
NA,"""Maine""","""23""","""2019""","""2019""","""Unknown or Not Stated""","""9""",67
NA,"""Maine""","""23""","""2020""","""2020""","""No""","""2""",11374
NA,"""Maine""","""23""","""2020""","""2020""","""Unknown or Not Stated""","""9""",163
NA,"""Maine""","""23""","""2021""","""2021""","""No""","""2""",11951
NA,"""Maine""","""23""","""2021""","""2021""","""Unknown or Not Stated""","""9""",47
NA,"""Maryland""","""24""","""2016""","""2016""","""Yes""","""1""",183
NA,"""Maryland""","""24""","""2016""","""2016""","""No""","""2""",72860
NA,"""Maryland""","""24""","""2016""","""2016""","""Unknown or Not Stated""","""9""",93
NA,"""Maryland""","""24""","""2017""","""2017""","""Yes""","""1""",226
NA,"""Maryland""","""24""","""2017""","""2017""","""No""","""2""",71373
NA,"""Maryland""","""24""","""2017""","""2017""","""Unknown or Not Stated""","""9""",42
NA,"""Maryland""","""24""","""2018""","""2018""","""Yes""","""1""",209
NA,"""Maryland""","""24""","""2018""","""2018""","""No""","""2""",70802
NA,"""Maryland""","""24""","""2018""","""2018""","""Unknown or Not Stated""","""9""",69
NA,"""Maryland""","""24""","""2019""","""2019""","""Yes""","""1""",175
NA,"""Maryland""","""24""","""2019""","""2019""","""No""","""2""",69972
NA,"""Maryland""","""24""","""2019""","""2019""","""Unknown or Not Stated""","""9""",31
NA,"""Maryland""","""24""","""2020""","""2020""","""Yes""","""1""",203
NA,"""Maryland""","""24""","""2020""","""2020""","""No""","""2""",68324
NA,"""Maryland""","""24""","""2020""","""2020""","""Unknown or Not Stated""","""9""",27
NA,"""Maryland""","""24""","""2021""","""2021""","""Yes""","""1""",186
NA,"""Maryland""","""24""","""2021""","""2021""","""No""","""2""",68080
NA,"""Maryland""","""24""","""2021""","""2021""","""Unknown or Not Stated""","""9""",19
NA,"""Massachusetts""","""25""","""2016""","""2016""","""Yes""","""1""",81
NA,"""Massachusetts""","""25""","""2016""","""2016""","""No""","""2""",71130
NA,"""Massachusetts""","""25""","""2016""","""2016""","""Unknown or Not Stated""","""9""",106
NA,"""Massachusetts""","""25""","""2017""","""2017""","""Yes""","""1""",77
NA,"""Massachusetts""","""25""","""2017""","""2017""","""No""","""2""",70549
NA,"""Massachusetts""","""25""","""2017""","""2017""","""Unknown or Not Stated""","""9""",76
NA,"""Massachusetts""","""25""","""2018""","""2018""","""Yes""","""1""",87
NA,"""Massachusetts""","""25""","""2018""","""2018""","""No""","""2""",68948
NA,"""Massachusetts""","""25""","""2018""","""2018""","""Unknown or Not Stated""","""9""",74
NA,"""Massachusetts""","""25""","""2019""","""2019""","""Yes""","""1""",73
NA,"""Massachusetts""","""25""","""2019""","""2019""","""No""","""2""",68903
NA,"""Massachusetts""","""25""","""2019""","""2019""","""Unknown or Not Stated""","""9""",141
NA,"""Massachusetts""","""25""","""2020""","""2020""","""Yes""","""1""",85
NA,"""Massachusetts""","""25""","""2020""","""2020""","""No""","""2""",66108
NA,"""Massachusetts""","""25""","""2020""","""2020""","""Unknown or Not Stated""","""9""",235
NA,"""Massachusetts""","""25""","""2021""","""2021""","""Yes""","""1""",109
NA,"""Massachusetts""","""25""","""2021""","""2021""","""No""","""2""",68347
NA,"""Massachusetts""","""25""","""2021""","""2021""","""Unknown or Not Stated""","""9""",681
NA,"""Michigan""","""26""","""2016""","""2016""","""Yes""","""1""",226
NA,"""Michigan""","""26""","""2016""","""2016""","""No""","""2""",112064
NA,"""Michigan""","""26""","""2016""","""2016""","""Unknown or Not Stated""","""9""",1025
NA,"""Michigan""","""26""","""2017""","""2017""","""Yes""","""1""",253
NA,"""Michigan""","""26""","""2017""","""2017""","""No""","""2""",109722
NA,"""Michigan""","""26""","""2017""","""2017""","""Unknown or Not Stated""","""9""",1451
NA,"""Michigan""","""26""","""2018""","""2018""","""Yes""","""1""",216
NA,"""Michigan""","""26""","""2018""","""2018""","""No""","""2""",108772
NA,"""Michigan""","""26""","""2018""","""2018""","""Unknown or Not Stated""","""9""",1044
NA,"""Michigan""","""26""","""2019""","""2019""","""Yes""","""1""",246
NA,"""Michigan""","""26""","""2019""","""2019""","""No""","""2""",106161
NA,"""Michigan""","""26""","""2019""","""2019""","""Unknown or Not Stated""","""9""",1479
NA,"""Michigan""","""26""","""2020""","""2020""","""Yes""","""1""",353
NA,"""Michigan""","""26""","""2020""","""2020""","""No""","""2""",102343
NA,"""Michigan""","""26""","""2020""","""2020""","""Unknown or Not Stated""","""9""",1378
NA,"""Michigan""","""26""","""2021""","""2021""","""Yes""","""1""",347
NA,"""Michigan""","""26""","""2021""","""2021""","""No""","""2""",103392
NA,"""Michigan""","""26""","""2021""","""2021""","""Unknown or Not Stated""","""9""",1241
NA,"""Minnesota""","""27""","""2016""","""2016""","""Yes""","""1""",105
NA,"""Minnesota""","""27""","""2016""","""2016""","""No""","""2""",69454
NA,"""Minnesota""","""27""","""2016""","""2016""","""Unknown or Not Stated""","""9""",190
NA,"""Minnesota""","""27""","""2017""","""2017""","""Yes""","""1""",120
NA,"""Minnesota""","""27""","""2017""","""2017""","""No""","""2""",68240
NA,"""Minnesota""","""27""","""2017""","""2017""","""Unknown or Not Stated""","""9""",235
NA,"""Minnesota""","""27""","""2018""","""2018""","""Yes""","""1""",141
NA,"""Minnesota""","""27""","""2018""","""2018""","""No""","""2""",67041
NA,"""Minnesota""","""27""","""2018""","""2018""","""Unknown or Not Stated""","""9""",162
NA,"""Minnesota""","""27""","""2019""","""2019""","""Yes""","""1""",139
NA,"""Minnesota""","""27""","""2019""","""2019""","""No""","""2""",65675
NA,"""Minnesota""","""27""","""2019""","""2019""","""Unknown or Not Stated""","""9""",213
NA,"""Minnesota""","""27""","""2020""","""2020""","""Yes""","""1""",169
NA,"""Minnesota""","""27""","""2020""","""2020""","""No""","""2""",63096
NA,"""Minnesota""","""27""","""2020""","""2020""","""Unknown or Not Stated""","""9""",178
NA,"""Minnesota""","""27""","""2021""","""2021""","""Yes""","""1""",201
NA,"""Minnesota""","""27""","""2021""","""2021""","""No""","""2""",64051
NA,"""Minnesota""","""27""","""2021""","""2021""","""Unknown or Not Stated""","""9""",173
NA,"""Mississippi""","""28""","""2016""","""2016""","""Yes""","""1""",226
NA,"""Mississippi""","""28""","""2016""","""2016""","""No""","""2""",37684
NA,"""Mississippi""","""28""","""2016""","""2016""","""Unknown or Not Stated""","""9""",18
NA,"""Mississippi""","""28""","""2017""","""2017""","""Yes""","""1""",249
NA,"""Mississippi""","""28""","""2017""","""2017""","""No""","""2""",37096
NA,"""Mississippi""","""28""","""2017""","""2017""","""Unknown or Not Stated""","""9""",12
NA,"""Mississippi""","""28""","""2018""","""2018""","""Yes""","""1""",305
NA,"""Mississippi""","""28""","""2018""","""2018""","""No""","""2""",36672
NA,"""Mississippi""","""28""","""2018""","""2018""","""Unknown or Not Stated""","""9""",23
NA,"""Mississippi""","""28""","""2019""","""2019""","""Yes""","""1""",367
NA,"""Mississippi""","""28""","""2019""","""2019""","""No""","""2""",36248
NA,"""Mississippi""","""28""","""2019""","""2019""","""Unknown or Not Stated""","""9""",21
NA,"""Mississippi""","""28""","""2020""","""2020""","""Yes""","""1""",362
NA,"""Mississippi""","""28""","""2020""","""2020""","""No""","""2""",35103
NA,"""Mississippi""","""28""","""2021""","""2021""","""Yes""","""1""",382
NA,"""Mississippi""","""28""","""2021""","""2021""","""No""","""2""",34764
NA,"""Mississippi""","""28""","""2021""","""2021""","""Unknown or Not Stated""","""9""",10
NA,"""Missouri""","""29""","""2016""","""2016""","""Yes""","""1""",327
NA,"""Missouri""","""29""","""2016""","""2016""","""No""","""2""",74376
NA,"""Missouri""","""29""","""2017""","""2017""","""Yes""","""1""",385
NA,"""Missouri""","""29""","""2017""","""2017""","""No""","""2""",72648
NA,"""Missouri""","""29""","""2018""","""2018""","""Yes""","""1""",368
NA,"""Missouri""","""29""","""2018""","""2018""","""No""","""2""",72900
NA,"""Missouri""","""29""","""2019""","""2019""","""Yes""","""1""",368
NA,"""Missouri""","""29""","""2019""","""2019""","""No""","""2""",71755
NA,"""Missouri""","""29""","""2020""","""2020""","""Yes""","""1""",370
NA,"""Missouri""","""29""","""2020""","""2020""","""No""","""2""",68911
NA,"""Missouri""","""29""","""2021""","""2021""","""Yes""","""1""",371
NA,"""Missouri""","""29""","""2021""","""2021""","""No""","""2""",69081
NA,"""Montana""","""30""","""2016""","""2016""","""Yes""","""1""",42
NA,"""Montana""","""30""","""2016""","""2016""","""No""","""2""",12213
NA,"""Montana""","""30""","""2016""","""2016""","""Unknown or Not Stated""","""9""",27
NA,"""Montana""","""30""","""2017""","""2017""","""Yes""","""1""",26
NA,"""Montana""","""30""","""2017""","""2017""","""No""","""2""",11754
NA,"""Montana""","""30""","""2017""","""2017""","""Unknown or Not Stated""","""9""",19
NA,"""Montana""","""30""","""2018""","""2018""","""Yes""","""1""",25
NA,"""Montana""","""30""","""2018""","""2018""","""No""","""2""",11477
NA,"""Montana""","""30""","""2018""","""2018""","""Unknown or Not Stated""","""9""",11
NA,"""Montana""","""30""","""2019""","""2019""","""Yes""","""1""",41
NA,"""Montana""","""30""","""2019""","""2019""","""No""","""2""",11033
NA,"""Montana""","""30""","""2020""","""2020""","""Yes""","""1""",43
NA,"""Montana""","""30""","""2020""","""2020""","""No""","""2""",10747
NA,"""Montana""","""30""","""2021""","""2021""","""Yes""","""1""",33
NA,"""Montana""","""30""","""2021""","""2021""","""No""","""2""",11197
NA,"""Nebraska""","""31""","""2016""","""2016""","""Yes""","""1""",76
NA,"""Nebraska""","""31""","""2016""","""2016""","""No""","""2""",26448
NA,"""Nebraska""","""31""","""2016""","""2016""","""Unknown or Not Stated""","""9""",65
NA,"""Nebraska""","""31""","""2017""","""2017""","""Yes""","""1""",98
NA,"""Nebraska""","""31""","""2017""","""2017""","""No""","""2""",25689
NA,"""Nebraska""","""31""","""2017""","""2017""","""Unknown or Not Stated""","""9""",34
NA,"""Nebraska""","""31""","""2018""","""2018""","""Yes""","""1""",72
NA,"""Nebraska""","""31""","""2018""","""2018""","""No""","""2""",25374
NA,"""Nebraska""","""31""","""2018""","""2018""","""Unknown or Not Stated""","""9""",42
NA,"""Nebraska""","""31""","""2019""","""2019""","""Yes""","""1""",70
NA,"""Nebraska""","""31""","""2019""","""2019""","""No""","""2""",24642
NA,"""Nebraska""","""31""","""2019""","""2019""","""Unknown or Not Stated""","""9""",43
NA,"""Nebraska""","""31""","""2020""","""2020""","""Yes""","""1""",80
NA,"""Nebraska""","""31""","""2020""","""2020""","""No""","""2""",24117
NA,"""Nebraska""","""31""","""2020""","""2020""","""Unknown or Not Stated""","""9""",94
NA,"""Nebraska""","""31""","""2021""","""2021""","""Yes""","""1""",83
NA,"""Nebraska""","""31""","""2021""","""2021""","""No""","""2""",24462
NA,"""Nebraska""","""31""","""2021""","""2021""","""Unknown or Not Stated""","""9""",64
NA,"""Nevada""","""32""","""2016""","""2016""","""Yes""","""1""",78
NA,"""Nevada""","""32""","""2016""","""2016""","""No""","""2""",36179
NA,"""Nevada""","""32""","""2017""","""2017""","""Yes""","""1""",78
NA,"""Nevada""","""32""","""2017""","""2017""","""No""","""2""",35676
NA,"""Nevada""","""32""","""2018""","""2018""","""Yes""","""1""",78
NA,"""Nevada""","""32""","""2018""","""2018""","""No""","""2""",35603
NA,"""Nevada""","""32""","""2019""","""2019""","""Yes""","""1""",68
NA,"""Nevada""","""32""","""2019""","""2019""","""No""","""2""",35002
NA,"""Nevada""","""32""","""2020""","""2020""","""Yes""","""1""",66
NA,"""Nevada""","""32""","""2020""","""2020""","""No""","""2""",33586
NA,"""Nevada""","""32""","""2021""","""2021""","""Yes""","""1""",60
NA,"""Nevada""","""32""","""2021""","""2021""","""No""","""2""",33623
NA,"""New Hampshire""","""33""","""2016""","""2016""","""No""","""2""",12151
NA,"""New Hampshire""","""33""","""2016""","""2016""","""Unknown or Not Stated""","""9""",112
NA,"""New Hampshire""","""33""","""2017""","""2017""","""Yes""","""1""",11
NA,"""New Hampshire""","""33""","""2017""","""2017""","""No""","""2""",12080
NA,"""New Hampshire""","""33""","""2017""","""2017""","""Unknown or Not Stated""","""9""",25
NA,"""New Hampshire""","""33""","""2018""","""2018""","""Yes""","""1""",10
NA,"""New Hampshire""","""33""","""2018""","""2018""","""No""","""2""",11965
NA,"""New Hampshire""","""33""","""2018""","""2018""","""Unknown or Not Stated""","""9""",20
NA,"""New Hampshire""","""33""","""2019""","""2019""","""No""","""2""",11806
NA,"""New Hampshire""","""33""","""2019""","""2019""","""Unknown or Not Stated""","""9""",24
NA,"""New Hampshire""","""33""","""2020""","""2020""","""No""","""2""",11753
NA,"""New Hampshire""","""33""","""2020""","""2020""","""Unknown or Not Stated""","""9""",33
NA,"""New Hampshire""","""33""","""2021""","""2021""","""No""","""2""",12586
NA,"""New Hampshire""","""33""","""2021""","""2021""","""Unknown or Not Stated""","""9""",33
NA,"""New Jersey""","""34""","""2016""","""2016""","""Yes""","""1""",282
NA,"""New Jersey""","""34""","""2016""","""2016""","""No""","""2""",102360
NA,"""New Jersey""","""34""","""2017""","""2017""","""Yes""","""1""",268
NA,"""New Jersey""","""34""","""2017""","""2017""","""No""","""2""",100979
NA,"""New Jersey""","""34""","""2018""","""2018""","""Yes""","""1""",264
NA,"""New Jersey""","""34""","""2018""","""2018""","""No""","""2""",100949
NA,"""New Jersey""","""34""","""2018""","""2018""","""Unknown or Not Stated""","""9""",10
NA,"""New Jersey""","""34""","""2019""","""2019""","""Yes""","""1""",216
NA,"""New Jersey""","""34""","""2019""","""2019""","""No""","""2""",99359
NA,"""New Jersey""","""34""","""2019""","""2019""","""Unknown or Not Stated""","""9""",10
NA,"""New Jersey""","""34""","""2020""","""2020""","""Yes""","""1""",215
NA,"""New Jersey""","""34""","""2020""","""2020""","""No""","""2""",97729
NA,"""New Jersey""","""34""","""2020""","""2020""","""Unknown or Not Stated""","""9""",10
NA,"""New Jersey""","""34""","""2021""","""2021""","""Yes""","""1""",206
NA,"""New Jersey""","""34""","""2021""","""2021""","""No""","""2""",100850
NA,"""New Jersey""","""34""","""2021""","""2021""","""Unknown or Not Stated""","""9""",441
NA,"""New Mexico""","""35""","""2016""","""2016""","""Yes""","""1""",44
NA,"""New Mexico""","""35""","""2016""","""2016""","""No""","""2""",24456
NA,"""New Mexico""","""35""","""2016""","""2016""","""Unknown or Not Stated""","""9""",192
NA,"""New Mexico""","""35""","""2017""","""2017""","""Yes""","""1""",60
NA,"""New Mexico""","""35""","""2017""","""2017""","""No""","""2""",23493
NA,"""New Mexico""","""35""","""2017""","""2017""","""Unknown or Not Stated""","""9""",214
NA,"""New Mexico""","""35""","""2018""","""2018""","""Yes""","""1""",56
NA,"""New Mexico""","""35""","""2018""","""2018""","""No""","""2""",22847
NA,"""New Mexico""","""35""","""2018""","""2018""","""Unknown or Not Stated""","""9""",136
NA,"""New Mexico""","""35""","""2019""","""2019""","""Yes""","""1""",66
NA,"""New Mexico""","""35""","""2019""","""2019""","""No""","""2""",22786
NA,"""New Mexico""","""35""","""2019""","""2019""","""Unknown or Not Stated""","""9""",108
NA,"""New Mexico""","""35""","""2020""","""2020""","""Yes""","""1""",46
NA,"""New Mexico""","""35""","""2020""","""2020""","""No""","""2""",21704
NA,"""New Mexico""","""35""","""2020""","""2020""","""Unknown or Not Stated""","""9""",153
NA,"""New Mexico""","""35""","""2021""","""2021""","""Yes""","""1""",57
NA,"""New Mexico""","""35""","""2021""","""2021""","""No""","""2""",21219
NA,"""New Mexico""","""35""","""2021""","""2021""","""Unknown or Not Stated""","""9""",115
NA,"""New York""","""36""","""2016""","""2016""","""Yes""","""1""",411
NA,"""New York""","""36""","""2016""","""2016""","""No""","""2""",232838
NA,"""New York""","""36""","""2016""","""2016""","""Unknown or Not Stated""","""9""",1034
NA,"""New York""","""36""","""2017""","""2017""","""Yes""","""1""",399
NA,"""New York""","""36""","""2017""","""2017""","""No""","""2""",228209
NA,"""New York""","""36""","""2017""","""2017""","""Unknown or Not Stated""","""9""",1129
NA,"""New York""","""36""","""2018""","""2018""","""Yes""","""1""",366
NA,"""New York""","""36""","""2018""","""2018""","""No""","""2""",224702
NA,"""New York""","""36""","""2018""","""2018""","""Unknown or Not Stated""","""9""",1170
NA,"""New York""","""36""","""2019""","""2019""","""Yes""","""1""",380
NA,"""New York""","""36""","""2019""","""2019""","""No""","""2""",219871
NA,"""New York""","""36""","""2019""","""2019""","""Unknown or Not Stated""","""9""",1288
NA,"""New York""","""36""","""2020""","""2020""","""Yes""","""1""",455
NA,"""New York""","""36""","""2020""","""2020""","""No""","""2""",207695
NA,"""New York""","""36""","""2020""","""2020""","""Unknown or Not Stated""","""9""",1188
NA,"""New York""","""36""","""2021""","""2021""","""Yes""","""1""",556
NA,"""New York""","""36""","""2021""","""2021""","""No""","""2""",208787
NA,"""New York""","""36""","""2021""","""2021""","""Unknown or Not Stated""","""9""",1399
NA,"""North Carolina""","""37""","""2016""","""2016""","""Yes""","""1""",433
NA,"""North Carolina""","""37""","""2016""","""2016""","""No""","""2""",120007
NA,"""North Carolina""","""37""","""2016""","""2016""","""Unknown or Not Stated""","""9""",339
NA,"""North Carolina""","""37""","""2017""","""2017""","""Yes""","""1""",410
NA,"""North Carolina""","""37""","""2017""","""2017""","""No""","""2""",119270
NA,"""North Carolina""","""37""","""2017""","""2017""","""Unknown or Not Stated""","""9""",445
NA,"""North Carolina""","""37""","""2018""","""2018""","""Yes""","""1""",482
NA,"""North Carolina""","""37""","""2018""","""2018""","""No""","""2""",118026
NA,"""North Carolina""","""37""","""2018""","""2018""","""Unknown or Not Stated""","""9""",446
NA,"""North Carolina""","""37""","""2019""","""2019""","""Yes""","""1""",539
NA,"""North Carolina""","""37""","""2019""","""2019""","""No""","""2""",117575
NA,"""North Carolina""","""37""","""2019""","""2019""","""Unknown or Not Stated""","""9""",611
NA,"""North Carolina""","""37""","""2020""","""2020""","""Yes""","""1""",614
NA,"""North Carolina""","""37""","""2020""","""2020""","""No""","""2""",114650
NA,"""North Carolina""","""37""","""2020""","""2020""","""Unknown or Not Stated""","""9""",1466
NA,"""North Carolina""","""37""","""2021""","""2021""","""Yes""","""1""",621
NA,"""North Carolina""","""37""","""2021""","""2021""","""No""","""2""",119138
NA,"""North Carolina""","""37""","""2021""","""2021""","""Unknown or Not Stated""","""9""",707
NA,"""North Dakota""","""38""","""2016""","""2016""","""Yes""","""1""",20
NA,"""North Dakota""","""38""","""2016""","""2016""","""No""","""2""",11361
NA,"""North Dakota""","""38""","""2017""","""2017""","""Yes""","""1""",21
NA,"""North Dakota""","""38""","""2017""","""2017""","""No""","""2""",10713
NA,"""North Dakota""","""38""","""2018""","""2018""","""Yes""","""1""",32
NA,"""North Dakota""","""38""","""2018""","""2018""","""No""","""2""",10603
NA,"""North Dakota""","""38""","""2019""","""2019""","""Yes""","""1""",39
NA,"""North Dakota""","""38""","""2019""","""2019""","""No""","""2""",10415
NA,"""North Dakota""","""38""","""2020""","""2020""","""Yes""","""1""",32
NA,"""North Dakota""","""38""","""2020""","""2020""","""No""","""2""",10027
NA,"""North Dakota""","""38""","""2021""","""2021""","""Yes""","""1""",44
NA,"""North Dakota""","""38""","""2021""","""2021""","""No""","""2""",10068
NA,"""Ohio""","""39""","""2016""","""2016""","""Yes""","""1""",755
NA,"""Ohio""","""39""","""2016""","""2016""","""No""","""2""",137276
NA,"""Ohio""","""39""","""2016""","""2016""","""Unknown or Not Stated""","""9""",54
NA,"""Ohio""","""39""","""2017""","""2017""","""Yes""","""1""",906
NA,"""Ohio""","""39""","""2017""","""2017""","""No""","""2""",135883
NA,"""Ohio""","""39""","""2017""","""2017""","""Unknown or Not Stated""","""9""",43
NA,"""Ohio""","""39""","""2018""","""2018""","""Yes""","""1""",889
NA,"""Ohio""","""39""","""2018""","""2018""","""No""","""2""",134222
NA,"""Ohio""","""39""","""2018""","""2018""","""Unknown or Not Stated""","""9""",23
NA,"""Ohio""","""39""","""2019""","""2019""","""Yes""","""1""",860
NA,"""Ohio""","""39""","""2019""","""2019""","""No""","""2""",133548
NA,"""Ohio""","""39""","""2019""","""2019""","""Unknown or Not Stated""","""9""",53
NA,"""Ohio""","""39""","""2020""","""2020""","""Yes""","""1""",836
NA,"""Ohio""","""39""","""2020""","""2020""","""No""","""2""",128331
NA,"""Ohio""","""39""","""2020""","""2020""","""Unknown or Not Stated""","""9""",24
NA,"""Ohio""","""39""","""2021""","""2021""","""Yes""","""1""",940
NA,"""Ohio""","""39""","""2021""","""2021""","""No""","""2""",128757
NA,"""Ohio""","""39""","""2021""","""2021""","""Unknown or Not Stated""","""9""",94
NA,"""Oklahoma""","""40""","""2016""","""2016""","""Yes""","""1""",204
NA,"""Oklahoma""","""40""","""2016""","""2016""","""No""","""2""",52387
NA,"""Oklahoma""","""40""","""2017""","""2017""","""Yes""","""1""",208
NA,"""Oklahoma""","""40""","""2017""","""2017""","""No""","""2""",50004
NA,"""Oklahoma""","""40""","""2018""","""2018""","""Yes""","""1""",229
NA,"""Oklahoma""","""40""","""2018""","""2018""","""No""","""2""",49571
NA,"""Oklahoma""","""40""","""2019""","""2019""","""Yes""","""1""",178
NA,"""Oklahoma""","""40""","""2019""","""2019""","""No""","""2""",48959
NA,"""Oklahoma""","""40""","""2020""","""2020""","""Yes""","""1""",210
NA,"""Oklahoma""","""40""","""2020""","""2020""","""No""","""2""",47411
NA,"""Oklahoma""","""40""","""2021""","""2021""","""Yes""","""1""",229
NA,"""Oklahoma""","""40""","""2021""","""2021""","""No""","""2""",48170
NA,"""Oklahoma""","""40""","""2021""","""2021""","""Unknown or Not Stated""","""9""",11
NA,"""Oregon""","""41""","""2016""","""2016""","""Yes""","""1""",103
NA,"""Oregon""","""41""","""2016""","""2016""","""No""","""2""",45427
NA,"""Oregon""","""41""","""2017""","""2017""","""Yes""","""1""",77
NA,"""Oregon""","""41""","""2017""","""2017""","""No""","""2""",43553
NA,"""Oregon""","""41""","""2018""","""2018""","""Yes""","""1""",98
NA,"""Oregon""","""41""","""2018""","""2018""","""No""","""2""",42088
NA,"""Oregon""","""41""","""2019""","""2019""","""Yes""","""1""",90
NA,"""Oregon""","""41""","""2019""","""2019""","""No""","""2""",41765
NA,"""Oregon""","""41""","""2020""","""2020""","""Yes""","""1""",87
NA,"""Oregon""","""41""","""2020""","""2020""","""No""","""2""",39730
NA,"""Oregon""","""41""","""2021""","""2021""","""Yes""","""1""",99
NA,"""Oregon""","""41""","""2021""","""2021""","""No""","""2""",40815
NA,"""Pennsylvania""","""42""","""2016""","""2016""","""Yes""","""1""",304
NA,"""Pennsylvania""","""42""","""2016""","""2016""","""No""","""2""",139059
NA,"""Pennsylvania""","""42""","""2016""","""2016""","""Unknown or Not Stated""","""9""",46
NA,"""Pennsylvania""","""42""","""2017""","""2017""","""Yes""","""1""",368
NA,"""Pennsylvania""","""42""","""2017""","""2017""","""No""","""2""",137325
NA,"""Pennsylvania""","""42""","""2017""","""2017""","""Unknown or Not Stated""","""9""",52
NA,"""Pennsylvania""","""42""","""2018""","""2018""","""Yes""","""1""",503
NA,"""Pennsylvania""","""42""","""2018""","""2018""","""No""","""2""",135124
NA,"""Pennsylvania""","""42""","""2018""","""2018""","""Unknown or Not Stated""","""9""",46
NA,"""Pennsylvania""","""42""","""2019""","""2019""","""Yes""","""1""",373
NA,"""Pennsylvania""","""42""","""2019""","""2019""","""No""","""2""",133809
NA,"""Pennsylvania""","""42""","""2019""","""2019""","""Unknown or Not Stated""","""9""",48
NA,"""Pennsylvania""","""42""","""2020""","""2020""","""Yes""","""1""",327
NA,"""Pennsylvania""","""42""","""2020""","""2020""","""No""","""2""",130298
NA,"""Pennsylvania""","""42""","""2020""","""2020""","""Unknown or Not Stated""","""9""",68
NA,"""Pennsylvania""","""42""","""2021""","""2021""","""Yes""","""1""",382
NA,"""Pennsylvania""","""42""","""2021""","""2021""","""No""","""2""",131848
NA,"""Pennsylvania""","""42""","""2021""","""2021""","""Unknown or Not Stated""","""9""",392
NA,"""Rhode Island""","""44""","""2016""","""2016""","""No""","""2""",10788
NA,"""Rhode Island""","""44""","""2017""","""2017""","""No""","""2""",10634
NA,"""Rhode Island""","""44""","""2018""","""2018""","""No""","""2""",10497
NA,"""Rhode Island""","""44""","""2019""","""2019""","""No""","""2""",10167
NA,"""Rhode Island""","""44""","""2020""","""2020""","""Yes""","""1""",10
NA,"""Rhode Island""","""44""","""2020""","""2020""","""No""","""2""",10084
NA,"""Rhode Island""","""44""","""2021""","""2021""","""Yes""","""1""",13
NA,"""Rhode Island""","""44""","""2021""","""2021""","""No""","""2""",10448
NA,"""South Carolina""","""45""","""2016""","""2016""","""Yes""","""1""",388
NA,"""South Carolina""","""45""","""2016""","""2016""","""No""","""2""",56937
NA,"""South Carolina""","""45""","""2016""","""2016""","""Unknown or Not Stated""","""9""",17
NA,"""South Carolina""","""45""","""2017""","""2017""","""Yes""","""1""",378
NA,"""South Carolina""","""45""","""2017""","""2017""","""No""","""2""",56637
NA,"""South Carolina""","""45""","""2017""","""2017""","""Unknown or Not Stated""","""9""",14
NA,"""South Carolina""","""45""","""2018""","""2018""","""Yes""","""1""",430
NA,"""South Carolina""","""45""","""2018""","""2018""","""No""","""2""",56227
NA,"""South Carolina""","""45""","""2018""","""2018""","""Unknown or Not Stated""","""9""",12
NA,"""South Carolina""","""45""","""2019""","""2019""","""Yes""","""1""",376
NA,"""South Carolina""","""45""","""2019""","""2019""","""No""","""2""",56649
NA,"""South Carolina""","""45""","""2019""","""2019""","""Unknown or Not Stated""","""9""",13
NA,"""South Carolina""","""45""","""2020""","""2020""","""Yes""","""1""",369
NA,"""South Carolina""","""45""","""2020""","""2020""","""No""","""2""",55315
NA,"""South Carolina""","""45""","""2020""","""2020""","""Unknown or Not Stated""","""9""",20
NA,"""South Carolina""","""45""","""2021""","""2021""","""Yes""","""1""",367
NA,"""South Carolina""","""45""","""2021""","""2021""","""No""","""2""",56697
NA,"""South Carolina""","""45""","""2021""","""2021""","""Unknown or Not Stated""","""9""",121
NA,"""South Dakota""","""46""","""2016""","""2016""","""Yes""","""1""",52
NA,"""South Dakota""","""46""","""2016""","""2016""","""No""","""2""",12221
NA,"""South Dakota""","""46""","""2017""","""2017""","""Yes""","""1""",64
NA,"""South Dakota""","""46""","""2017""","""2017""","""No""","""2""",12061
NA,"""South Dakota""","""46""","""2018""","""2018""","""Yes""","""1""",66
NA,"""South Dakota""","""46""","""2018""","""2018""","""No""","""2""",11809
NA,"""South Dakota""","""46""","""2018""","""2018""","""Unknown or Not Stated""","""9""",18
NA,"""South Dakota""","""46""","""2019""","""2019""","""Yes""","""1""",77
NA,"""South Dakota""","""46""","""2019""","""2019""","""No""","""2""",11367
NA,"""South Dakota""","""46""","""2020""","""2020""","""Yes""","""1""",83
NA,"""South Dakota""","""46""","""2020""","""2020""","""No""","""2""",10870
NA,"""South Dakota""","""46""","""2021""","""2021""","""Yes""","""1""",119
NA,"""South Dakota""","""46""","""2021""","""2021""","""No""","""2""",11246
NA,"""Tennessee""","""47""","""2016""","""2016""","""Yes""","""1""",283
NA,"""Tennessee""","""47""","""2016""","""2016""","""No""","""2""",80511
NA,"""Tennessee""","""47""","""2016""","""2016""","""Unknown or Not Stated""","""9""",13
NA,"""Tennessee""","""47""","""2017""","""2017""","""Yes""","""1""",346
NA,"""Tennessee""","""47""","""2017""","""2017""","""No""","""2""",80597
NA,"""Tennessee""","""47""","""2017""","""2017""","""Unknown or Not Stated""","""9""",73
NA,"""Tennessee""","""47""","""2018""","""2018""","""Yes""","""1""",385
NA,"""Tennessee""","""47""","""2018""","""2018""","""No""","""2""",80319
NA,"""Tennessee""","""47""","""2018""","""2018""","""Unknown or Not Stated""","""9""",47
NA,"""Tennessee""","""47""","""2019""","""2019""","""Yes""","""1""",403
NA,"""Tennessee""","""47""","""2019""","""2019""","""No""","""2""",80036
NA,"""Tennessee""","""47""","""2019""","""2019""","""Unknown or Not Stated""","""9""",11
NA,"""Tennessee""","""47""","""2020""","""2020""","""Yes""","""1""",445
NA,"""Tennessee""","""47""","""2020""","""2020""","""No""","""2""",78239
NA,"""Tennessee""","""47""","""2021""","""2021""","""Yes""","""1""",543
NA,"""Tennessee""","""47""","""2021""","""2021""","""No""","""2""",81163
NA,"""Tennessee""","""47""","""2021""","""2021""","""Unknown or Not Stated""","""9""",11
NA,"""Texas""","""48""","""2016""","""2016""","""Yes""","""1""",1215
NA,"""Texas""","""48""","""2016""","""2016""","""No""","""2""",396826
NA,"""Texas""","""48""","""2017""","""2017""","""Yes""","""1""",1127
NA,"""Texas""","""48""","""2017""","""2017""","""No""","""2""",380919
NA,"""Texas""","""48""","""2018""","""2018""","""Yes""","""1""",1127
NA,"""Texas""","""48""","""2018""","""2018""","""No""","""2""",377463
NA,"""Texas""","""48""","""2018""","""2018""","""Unknown or Not Stated""","""9""",34
NA,"""Texas""","""48""","""2019""","""2019""","""Yes""","""1""",1194
NA,"""Texas""","""48""","""2019""","""2019""","""No""","""2""",375562
NA,"""Texas""","""48""","""2019""","""2019""","""Unknown or Not Stated""","""9""",843
NA,"""Texas""","""48""","""2020""","""2020""","""Yes""","""1""",1101
NA,"""Texas""","""48""","""2020""","""2020""","""No""","""2""",366273
NA,"""Texas""","""48""","""2020""","""2020""","""Unknown or Not Stated""","""9""",816
NA,"""Texas""","""48""","""2021""","""2021""","""Yes""","""1""",1136
NA,"""Texas""","""48""","""2021""","""2021""","""No""","""2""",371629
NA,"""Texas""","""48""","""2021""","""2021""","""Unknown or Not Stated""","""9""",829
NA,"""Utah""","""49""","""2016""","""2016""","""Yes""","""1""",47
NA,"""Utah""","""49""","""2016""","""2016""","""No""","""2""",50416
NA,"""Utah""","""49""","""2017""","""2017""","""Yes""","""1""",39
NA,"""Utah""","""49""","""2017""","""2017""","""No""","""2""",48546
NA,"""Utah""","""49""","""2018""","""2018""","""Yes""","""1""",22
NA,"""Utah""","""49""","""2018""","""2018""","""No""","""2""",47186
NA,"""Utah""","""49""","""2019""","""2019""","""Yes""","""1""",25
NA,"""Utah""","""49""","""2019""","""2019""","""No""","""2""",46800
NA,"""Utah""","""49""","""2020""","""2020""","""Yes""","""1""",28
NA,"""Utah""","""49""","""2020""","""2020""","""No""","""2""",45674
NA,"""Utah""","""49""","""2021""","""2021""","""Yes""","""1""",27
NA,"""Utah""","""49""","""2021""","""2021""","""No""","""2""",46685
NA,"""Vermont""","""50""","""2016""","""2016""","""No""","""2""",5750
NA,"""Vermont""","""50""","""2017""","""2017""","""No""","""2""",5654
NA,"""Vermont""","""50""","""2018""","""2018""","""Yes""","""1""",10
NA,"""Vermont""","""50""","""2018""","""2018""","""No""","""2""",5421
NA,"""Vermont""","""50""","""2019""","""2019""","""No""","""2""",5358
NA,"""Vermont""","""50""","""2020""","""2020""","""No""","""2""",5123
NA,"""Vermont""","""50""","""2021""","""2021""","""No""","""2""",5379
NA,"""Virginia""","""51""","""2016""","""2016""","""Yes""","""1""",267
NA,"""Virginia""","""51""","""2016""","""2016""","""No""","""2""",102184
NA,"""Virginia""","""51""","""2017""","""2017""","""Yes""","""1""",257
NA,"""Virginia""","""51""","""2017""","""2017""","""No""","""2""",100125
NA,"""Virginia""","""51""","""2018""","""2018""","""Yes""","""1""",321
NA,"""Virginia""","""51""","""2018""","""2018""","""No""","""2""",99520
NA,"""Virginia""","""51""","""2019""","""2019""","""Yes""","""1""",281
NA,"""Virginia""","""51""","""2019""","""2019""","""No""","""2""",97129
NA,"""Virginia""","""51""","""2019""","""2019""","""Unknown or Not Stated""","""9""",19
NA,"""Virginia""","""51""","""2020""","""2020""","""Yes""","""1""",296
NA,"""Virginia""","""51""","""2020""","""2020""","""No""","""2""",94428
NA,"""Virginia""","""51""","""2020""","""2020""","""Unknown or Not Stated""","""9""",25
NA,"""Virginia""","""51""","""2021""","""2021""","""Yes""","""1""",304
NA,"""Virginia""","""51""","""2021""","""2021""","""No""","""2""",95499
NA,"""Virginia""","""51""","""2021""","""2021""","""Unknown or Not Stated""","""9""",22
NA,"""Washington""","""53""","""2016""","""2016""","""Yes""","""1""",109
NA,"""Washington""","""53""","""2016""","""2016""","""No""","""2""",89918
NA,"""Washington""","""53""","""2016""","""2016""","""Unknown or Not Stated""","""9""",478
NA,"""Washington""","""53""","""2017""","""2017""","""Yes""","""1""",140
NA,"""Washington""","""53""","""2017""","""2017""","""No""","""2""",86999
NA,"""Washington""","""53""","""2017""","""2017""","""Unknown or Not Stated""","""9""",423
NA,"""Washington""","""53""","""2018""","""2018""","""Yes""","""1""",132
NA,"""Washington""","""53""","""2018""","""2018""","""No""","""2""",85951
NA,"""Washington""","""53""","""2019""","""2019""","""Yes""","""1""",138
NA,"""Washington""","""53""","""2019""","""2019""","""No""","""2""",84726
NA,"""Washington""","""53""","""2019""","""2019""","""Unknown or Not Stated""","""9""",31
NA,"""Washington""","""53""","""2020""","""2020""","""Yes""","""1""",148
NA,"""Washington""","""53""","""2020""","""2020""","""No""","""2""",82407
NA,"""Washington""","""53""","""2020""","""2020""","""Unknown or Not Stated""","""9""",531
NA,"""Washington""","""53""","""2021""","""2021""","""Yes""","""1""",145
NA,"""Washington""","""53""","""2021""","""2021""","""No""","""2""",82801
NA,"""Washington""","""53""","""2021""","""2021""","""Unknown or Not Stated""","""9""",965
NA,"""West Virginia""","""54""","""2016""","""2016""","""Yes""","""1""",19
NA,"""West Virginia""","""54""","""2016""","""2016""","""No""","""2""",18785
NA,"""West Virginia""","""54""","""2016""","""2016""","""Unknown or Not Stated""","""9""",275
NA,"""West Virginia""","""54""","""2017""","""2017""","""Yes""","""1""",32
NA,"""West Virginia""","""54""","""2017""","""2017""","""No""","""2""",18358
NA,"""West Virginia""","""54""","""2017""","""2017""","""Unknown or Not Stated""","""9""",285
NA,"""West Virginia""","""54""","""2018""","""2018""","""Yes""","""1""",49
NA,"""West Virginia""","""54""","""2018""","""2018""","""No""","""2""",17932
NA,"""West Virginia""","""54""","""2018""","""2018""","""Unknown or Not Stated""","""9""",267
NA,"""West Virginia""","""54""","""2019""","""2019""","""Yes""","""1""",44
NA,"""West Virginia""","""54""","""2019""","""2019""","""No""","""2""",17506
NA,"""West Virginia""","""54""","""2019""","""2019""","""Unknown or Not Stated""","""9""",586
NA,"""West Virginia""","""54""","""2020""","""2020""","""Yes""","""1""",36
NA,"""West Virginia""","""54""","""2020""","""2020""","""No""","""2""",16844
NA,"""West Virginia""","""54""","""2020""","""2020""","""Unknown or Not Stated""","""9""",443
NA,"""West Virginia""","""54""","""2021""","""2021""","""Yes""","""1""",43
NA,"""West Virginia""","""54""","""2021""","""2021""","""No""","""2""",16877
NA,"""West Virginia""","""54""","""2021""","""2021""","""Unknown or Not Stated""","""9""",278
NA,"""Wisconsin""","""55""","""2016""","""2016""","""Yes""","""1""",216
NA,"""Wisconsin""","""55""","""2016""","""2016""","""No""","""2""",65715
NA,"""Wisconsin""","""55""","""2016""","""2016""","""Unknown or Not Stated""","""9""",684
NA,"""Wisconsin""","""55""","""2017""","""2017""","""Yes""","""1""",227
NA,"""Wisconsin""","""55""","""2017""","""2017""","""No""","""2""",63595
NA,"""Wisconsin""","""55""","""2017""","""2017""","""Unknown or Not Stated""","""9""",1153
NA,"""Wisconsin""","""55""","""2018""","""2018""","""Yes""","""1""",225
NA,"""Wisconsin""","""55""","""2018""","""2018""","""No""","""2""",62904
NA,"""Wisconsin""","""55""","""2018""","""2018""","""Unknown or Not Stated""","""9""",969
NA,"""Wisconsin""","""55""","""2019""","""2019""","""Yes""","""1""",220
NA,"""Wisconsin""","""55""","""2019""","""2019""","""No""","""2""",62247
NA,"""Wisconsin""","""55""","""2019""","""2019""","""Unknown or Not Stated""","""9""",803
NA,"""Wisconsin""","""55""","""2020""","""2020""","""Yes""","""1""",239
NA,"""Wisconsin""","""55""","""2020""","""2020""","""No""","""2""",59643
NA,"""Wisconsin""","""55""","""2020""","""2020""","""Unknown or Not Stated""","""9""",712
NA,"""Wisconsin""","""55""","""2021""","""2021""","""Yes""","""1""",240
NA,"""Wisconsin""","""55""","""2021""","""2021""","""No""","""2""",61045
NA,"""Wisconsin""","""55""","""2021""","""2021""","""Unknown or Not Stated""","""9""",496
NA,"""Wyoming""","""56""","""2016""","""2016""","""No""","""2""",7380
NA,"""Wyoming""","""56""","""2017""","""2017""","""No""","""2""",6894
NA,"""Wyoming""","""56""","""2018""","""2018""","""Yes""","""1""",12
NA,"""Wyoming""","""56""","""2018""","""2018""","""No""","""2""",6550
NA,"""Wyoming""","""56""","""2019""","""2019""","""Yes""","""1""",11
NA,"""Wyoming""","""56""","""2019""","""2019""","""No""","""2""",6554
NA,"""Wyoming""","""56""","""2020""","""2020""","""Yes""","""1""",10
NA,"""Wyoming""","""56""","""2020""","""2020""","""No""","""2""",6117
NA,"""Wyoming""","""56""","""2021""","""2021""","""Yes""","""1""",12
NA,"""Wyoming""","""56""","""2021""","""2021""","""No""","""2""",6223
