"""Notes""","""State of Residence""","""State of Residence Code""","""Year""","""Year Code""","""Hepatitis C""","""Hepatitis C Code""","Births"
NA,"""Alabama""","""01""","""2016""","""2016""","""Yes""","""1""",179
NA,"""Alabama""","""01""","""2016""","""2016""","""No""","""2""",58954
NA,"""Alabama""","""01""","""2016""","""2016""","""Unknown or Not Stated""","""9""",18
NA,"""Alabama""","""01""","""2017""","""2017""","""Yes""","""1""",184
NA,"""Alabama""","""01""","""2017""","""2017""","""No""","""2""",58742
NA,"""Alabama""","""01""","""2017""","""2017""","""Unknown or Not Stated""","""9""",15
NA,"""Alabama""","""01""","""2018""","""2018""","""Yes""","""1""",207
NA,"""Alabama""","""01""","""2018""","""2018""","""No""","""2""",57542
NA,"""Alabama""","""01""","""2018""","""2018""","""Unknown or Not Stated""","""9""",12
NA,"""Alabama""","""01""","""2019""","""2019""","""Yes""","""1""",231
NA,"""Alabama""","""01""","""2019""","""2019""","""No""","""2""",58374
NA,"""Alabama""","""01""","""2019""","""2019""","""Unknown or Not Stated""","""9""",10
NA,"""Alabama""","""01""","""2020""","""2020""","""Yes""","""1""",208
NA,"""Alabama""","""01""","""2020""","""2020""","""No""","""2""",57434
NA,"""Alabama""","""01""","""2021""","""2021""","""Yes""","""1""",204
NA,"""Alabama""","""01""","""2021""","""2021""","""No""","""2""",57842
NA,"""Alaska""","""02""","""2016""","""2016""","""Yes""","""1""",92
NA,"""Alaska""","""02""","""2016""","""2016""","""No""","""2""",11019
NA,"""Alaska""","""02""","""2016""","""2016""","""Unknown or Not Stated""","""9""",98
NA,"""Alaska""","""02""","""2017""","""2017""","""Yes""","""1""",92
NA,"""Alaska""","""02""","""2017""","""2017""","""No""","""2""",10234
NA,"""Alaska""","""02""","""2017""","""2017""","""Unknown or Not Stated""","""9""",119
NA,"""Alaska""","""02""","""2018""","""2018""","""Yes""","""1""",94
NA,"""Alaska""","""02""","""2018""","""2018""","""No""","""2""",9861
NA,"""Alaska""","""02""","""2018""","""2018""","""Unknown or Not Stated""","""9""",131
NA,"""Alaska""","""02""","""2019""","""2019""","""Yes""","""1""",80
NA,"""Alaska""","""02""","""2019""","""2019""","""No""","""2""",9633
NA,"""Alaska""","""02""","""2019""","""2019""","""Unknown or Not Stated""","""9""",109
NA,"""Alaska""","""02""","""2020""","""2020""","""Yes""","""1""",104
NA,"""Alaska""","""02""","""2020""","""2020""","""No""","""2""",9278
NA,"""Alaska""","""02""","""2020""","""2020""","""Unknown or Not Stated""","""9""",87
NA,"""Alaska""","""02""","""2021""","""2021""","""Yes""","""1""",97
NA,"""Alaska""","""02""","""2021""","""2021""","""No""","""2""",9206
NA,"""Alaska""","""02""","""2021""","""2021""","""Unknown or Not Stated""","""9""",64
NA,"""Arizona""","""04""","""2016""","""2016""","""Yes""","""1""",184
NA,"""Arizona""","""04""","""2016""","""2016""","""No""","""2""",84335
NA,"""Arizona""","""04""","""2017""","""2017""","""Yes""","""1""",195
NA,"""Arizona""","""04""","""2017""","""2017""","""No""","""2""",81671
NA,"""Arizona""","""04""","""2018""","""2018""","""Yes""","""1""",240
NA,"""Arizona""","""04""","""2018""","""2018""","""No""","""2""",80480
NA,"""Arizona""","""04""","""2019""","""2019""","""Yes""","""1""",210
NA,"""Arizona""","""04""","""2019""","""2019""","""No""","""2""",79161
NA,"""Arizona""","""04""","""2020""","""2020""","""Yes""","""1""",205
NA,"""Arizona""","""04""","""2020""","""2020""","""No""","""2""",76738
NA,"""Arizona""","""04""","""2021""","""2021""","""Yes""","""1""",212
NA,"""Arizona""","""04""","""2021""","""2021""","""No""","""2""",77698
NA,"""Arkansas""","""05""","""2016""","""2016""","""Yes""","""1""",138
NA,"""Arkansas""","""05""","""2016""","""2016""","""No""","""2""",38134
NA,"""Arkansas""","""05""","""2017""","""2017""","""Yes""","""1""",208
NA,"""Arkansas""","""05""","""2017""","""2017""","""No""","""2""",37308
NA,"""Arkansas""","""05""","""2018""","""2018""","""Yes""","""1""",200
NA,"""Arkansas""","""05""","""2018""","""2018""","""No""","""2""",36815
NA,"""Arkansas""","""05""","""2019""","""2019""","""Yes""","""1""",185
NA,"""Arkansas""","""05""","""2019""","""2019""","""No""","""2""",36377
NA,"""Arkansas""","""05""","""2020""","""2020""","""Yes""","""1""",144
NA,"""Arkansas""","""05""","""2020""","""2020""","""No""","""2""",35105
NA,"""Arkansas""","""05""","""2021""","""2021""","""Yes""","""1""",164
NA,"""Arkansas""","""05""","""2021""","""2021""","""No""","""2""",35798
NA,"""California""","""06""","""2016""","""2016""","""Yes""","""1""",401
NA,"""California""","""06""","""2016""","""2016""","""No""","""2""",488385
NA,"""California""","""06""","""2016""","""2016""","""Unknown or Not Stated""","""9""",41
NA,"""California""","""06""","""2017""","""2017""","""Yes""","""1""",461
NA,"""California""","""06""","""2017""","""2017""","""No""","""2""",471164
NA,"""California""","""06""","""2017""","""2017""","""Unknown or Not Stated""","""9""",33
NA,"""California""","""06""","""2018""","""2018""","""Yes""","""1""",520
NA,"""California""","""06""","""2018""","""2018""","""No""","""2""",454345
NA,"""California""","""06""","""2018""","""2018""","""Unknown or Not Stated""","""9""",55
NA,"""California""","""06""","""2019""","""2019""","""Yes""","""1""",688
NA,"""California""","""06""","""2019""","""2019""","""No""","""2""",444858
NA,"""California""","""06""","""2019""","""2019""","""Unknown or Not Stated""","""9""",933
NA,"""California""","""06""","""2020""","""2020""","""Yes""","""1""",649
NA,"""California""","""06""","""2020""","""2020""","""No""","""2""",418194
NA,"""California""","""06""","""2020""","""2020""","""Unknown or Not Stated""","""9""",1416
NA,"""California""","""06""","""2021""","""2021""","""Yes""","""1""",597
NA,"""California""","""06""","""2021""","""2021""","""No""","""2""",418190
NA,"""California""","""06""","""2021""","""2021""","""Unknown or Not Stated""","""9""",1821
NA,"""Colorado""","""08""","""2016""","""2016""","""Yes""","""1""",134
NA,"""Colorado""","""08""","""2016""","""2016""","""No""","""2""",66469
NA,"""Colorado""","""08""","""2016""","""2016""","""Unknown or Not Stated""","""9""",10
NA,"""Colorado""","""08""","""2017""","""2017""","""Yes""","""1""",147
NA,"""Colorado""","""08""","""2017""","""2017""","""No""","""2""",64224
NA,"""Colorado""","""08""","""2017""","""2017""","""Unknown or Not Stated""","""9""",11
NA,"""Colorado""","""08""","""2018""","""2018""","""Yes""","""1""",158
NA,"""Colorado""","""08""","""2018""","""2018""","""No""","""2""",62720
NA,"""Colorado""","""08""","""2019""","""2019""","""Yes""","""1""",145
NA,"""Colorado""","""08""","""2019""","""2019""","""No""","""2""",62716
NA,"""Colorado""","""08""","""2020""","""2020""","""Yes""","""1""",132
NA,"""Colorado""","""08""","""2020""","""2020""","""No""","""2""",61351
NA,"""Colorado""","""08""","""2020""","""2020""","""Unknown or Not Stated""","""9""",11
NA,"""Colorado""","""08""","""2021""","""2021""","""Yes""","""1""",134
NA,"""Colorado""","""08""","""2021""","""2021""","""No""","""2""",62810
NA,"""Connecticut""","""09""","""2016""","""2016""","""Yes""","""1""",135
NA,"""Connecticut""","""09""","""2016""","""2016""","""No""","""2""",35266
NA,"""Connecticut""","""09""","""2016""","""2016""","""Unknown or Not Stated""","""9""",614
NA,"""Connecticut""","""09""","""2017""","""2017""","""Yes""","""1""",106
NA,"""Connecticut""","""09""","""2017""","""2017""","""No""","""2""",34868
NA,"""Connecticut""","""09""","""2017""","""2017""","""Unknown or Not Stated""","""9""",247
NA,"""Connecticut""","""09""","""2018""","""2018""","""Yes""","""1""",96
NA,"""Connecticut""","""09""","""2018""","""2018""","""No""","""2""",34541
NA,"""Connecticut""","""09""","""2018""","""2018""","""Unknown or Not Stated""","""9""",88
NA,"""Connecticut""","""09""","""2019""","""2019""","""Yes""","""1""",89
NA,"""Connecticut""","""09""","""2019""","""2019""","""No""","""2""",34085
NA,"""Connecticut""","""09""","""2019""","""2019""","""Unknown or Not Stated""","""9""",84
NA,"""Connecticut""","""09""","""2020""","""2020""","""Yes""","""1""",113
NA,"""Connecticut""","""09""","""2020""","""2020""","""No""","""2""",33257
NA,"""Connecticut""","""09""","""2020""","""2020""","""Unknown or Not Stated""","""9""",90
NA,"""Connecticut""","""09""","""2021""","""2021""","""Yes""","""1""",100
NA,"""Connecticut""","""09""","""2021""","""2021""","""No""","""2""",35540
NA,"""Connecticut""","""09""","""2021""","""2021""","""Unknown or Not Stated""","""9""",30
NA,"""Delaware""","""10""","""2016""","""2016""","""Yes""","""1""",85
NA,"""Delaware""","""10""","""2016""","""2016""","""No""","""2""",10907
NA,"""Delaware""","""10""","""2017""","""2017""","""Yes""","""1""",101
NA,"""Delaware""","""10""","""2017""","""2017""","""No""","""2""",10753
NA,"""Delaware""","""10""","""2018""","""2018""","""Yes""","""1""",112
NA,"""Delaware""","""10""","""2018""","""2018""","""No""","""2""",10505
NA,"""Delaware""","""10""","""2019""","""2019""","""Yes""","""1""",131
NA,"""Delaware""","""10""","""2019""","""2019""","""No""","""2""",10385
NA,"""Delaware""","""10""","""2019""","""2019""","""Unknown or Not Stated""","""9""",46
NA,"""Delaware""","""10""","""2020""","""2020""","""Yes""","""1""",106
NA,"""Delaware""","""10""","""2020""","""2020""","""No""","""2""",10167
NA,"""Delaware""","""10""","""2020""","""2020""","""Unknown or Not Stated""","""9""",119
NA,"""Delaware""","""10""","""2021""","""2021""","""Yes""","""1""",71
NA,"""Delaware""","""10""","""2021""","""2021""","""No""","""2""",10322
NA,"""Delaware""","""10""","""2021""","""2021""","""Unknown or Not Stated""","""9""",89
NA,"""District of Columbia""","""11""","""2016""","""2016""","""No""","""2""",9836
NA,"""District of Columbia""","""11""","""2016""","""2016""","""Unknown or Not Stated""","""9""",16
NA,"""District of Columbia""","""11""","""2017""","""2017""","""No""","""2""",9552
NA,"""District of Columbia""","""11""","""2018""","""2018""","""No""","""2""",9203
NA,"""District of Columbia""","""11""","""2019""","""2019""","""No""","""2""",9065
NA,"""District of Columbia""","""11""","""2020""","""2020""","""No""","""2""",8862
NA,"""District of Columbia""","""11""","""2021""","""2021""","""No""","""2""",8548
NA,"""District of Columbia""","""11""","""2021""","""2021""","""Unknown or Not Stated""","""9""",106
NA,"""Florida""","""12""","""2016""","""2016""","""Yes""","""1""",1176
NA,"""Florida""","""12""","""2016""","""2016""","""No""","""2""",221364
NA,"""Florida""","""12""","""2016""","""2016""","""Unknown or Not Stated""","""9""",2482
NA,"""Florida""","""12""","""2017""","""2017""","""Yes""","""1""",1288
NA,"""Florida""","""12""","""2017""","""2017""","""No""","""2""",219927
NA,"""Florida""","""12""","""2017""","""2017""","""Unknown or Not Stated""","""9""",2415
NA,"""Florida""","""12""","""2018""","""2018""","""Yes""","""1""",1304
NA,"""Florida""","""12""","""2018""","""2018""","""No""","""2""",217848
NA,"""Florida""","""12""","""2018""","""2018""","""Unknown or Not Stated""","""9""",2390
NA,"""Florida""","""12""","""2019""","""2019""","""Yes""","""1""",1254
NA,"""Florida""","""12""","""2019""","""2019""","""No""","""2""",217678
NA,"""Florida""","""12""","""2019""","""2019""","""Unknown or Not Stated""","""9""",1070
NA,"""Florida""","""12""","""2020""","""2020""","""Yes""","""1""",1173
NA,"""Florida""","""12""","""2020""","""2020""","""No""","""2""",207676
NA,"""Florida""","""12""","""2020""","""2020""","""Unknown or Not Stated""","""9""",822
NA,"""Florida""","""12""","""2021""","""2021""","""Yes""","""1""",1080
NA,"""Florida""","""12""","""2021""","""2021""","""No""","""2""",213902
NA,"""Florida""","""12""","""2021""","""2021""","""Unknown or Not Stated""","""9""",1278
NA,"""Georgia""","""13""","""2016""","""2016""","""Yes""","""1""",177
NA,"""Georgia""","""13""","""2016""","""2016""","""No""","""2""",129334
NA,"""Georgia""","""13""","""2016""","""2016""","""Unknown or Not Stated""","""9""",531
NA,"""Georgia""","""13""","""2017""","""2017""","""Yes""","""1""",226
NA,"""Georgia""","""13""","""2017""","""2017""","""No""","""2""",128481
NA,"""Georgia""","""13""","""2017""","""2017""","""Unknown or Not Stated""","""9""",536
NA,"""Georgia""","""13""","""2018""","""2018""","""Yes""","""1""",202
NA,"""Georgia""","""13""","""2018""","""2018""","""No""","""2""",125467
NA,"""Georgia""","""13""","""2018""","""2018""","""Unknown or Not Stated""","""9""",503
NA,"""Georgia""","""13""","""2019""","""2019""","""Yes""","""1""",230
NA,"""Georgia""","""13""","""2019""","""2019""","""No""","""2""",125838
NA,"""Georgia""","""13""","""2019""","""2019""","""Unknown or Not Stated""","""9""",303
NA,"""Georgia""","""13""","""2020""","""2020""","""Yes""","""1""",212
NA,"""Georgia""","""13""","""2020""","""2020""","""No""","""2""",121962
NA,"""Georgia""","""13""","""2020""","""2020""","""Unknown or Not Stated""","""9""",299
NA,"""Georgia""","""13""","""2021""","""2021""","""Yes""","""1""",237
NA,"""Georgia""","""13""","""2021""","""2021""","""No""","""2""",123525
NA,"""Georgia""","""13""","""2021""","""2021""","""Unknown or Not Stated""","""9""",311
NA,"""Hawaii""","""15""","""2016""","""2016""","""Yes""","""1""",17
NA,"""Hawaii""","""15""","""2016""","""2016""","""No""","""2""",18042
NA,"""Hawaii""","""15""","""2017""","""2017""","""Yes""","""1""",19
NA,"""Hawaii""","""15""","""2017""","""2017""","""No""","""2""",17498
NA,"""Hawaii""","""15""","""2018""","""2018""","""Yes""","""1""",13
NA,"""Hawaii""","""15""","""2018""","""2018""","""No""","""2""",16959
NA,"""Hawaii""","""15""","""2019""","""2019""","""Yes""","""1""",23
NA,"""Hawaii""","""15""","""2019""","""2019""","""No""","""2""",16774
NA,"""Hawaii""","""15""","""2020""","""2020""","""Yes""","""1""",16
NA,"""Hawaii""","""15""","""2020""","""2020""","""No""","""2""",15768
NA,"""Hawaii""","""15""","""2021""","""2021""","""Yes""","""1""",11
NA,"""Hawaii""","""15""","""2021""","""2021""","""No""","""2""",15609
NA,"""Idaho""","""16""","""2016""","""2016""","""Yes""","""1""",43
NA,"""Idaho""","""16""","""2016""","""2016""","""No""","""2""",22367
NA,"""Idaho""","""16""","""2016""","""2016""","""Unknown or Not Stated""","""9""",72
NA,"""Idaho""","""16""","""2017""","""2017""","""Yes""","""1""",44
NA,"""Idaho""","""16""","""2017""","""2017""","""No""","""2""",22087
NA,"""Idaho""","""16""","""2017""","""2017""","""Unknown or Not Stated""","""9""",50
NA,"""Idaho""","""16""","""2018""","""2018""","""Yes""","""1""",57
NA,"""Idaho""","""16""","""2018""","""2018""","""No""","""2""",21307
NA,"""Idaho""","""16""","""2018""","""2018""","""Unknown or Not Stated""","""9""",39
NA,"""Idaho""","""16""","""2019""","""2019""","""Yes""","""1""",55
NA,"""Idaho""","""16""","""2019""","""2019""","""No""","""2""",21956
NA,"""Idaho""","""16""","""2019""","""2019""","""Unknown or Not Stated""","""9""",52
NA,"""Idaho""","""16""","""2020""","""2020""","""Yes""","""1""",55
NA,"""Idaho""","""16""","""2020""","""2020""","""No""","""2""",21443
NA,"""Idaho""","""16""","""2020""","""2020""","""Unknown or Not Stated""","""9""",35
NA,"""Idaho""","""16""","""2021""","""2021""","""Yes""","""1""",39
NA,"""Idaho""","""16""","""2021""","""2021""","""No""","""2""",22315
NA,"""Idaho""","""16""","""2021""","""2021""","""Unknown or Not Stated""","""9""",73
NA,"""Illinois""","""17""","""2016""","""2016""","""Yes""","""1""",220
NA,"""Illinois""","""17""","""2016""","""2016""","""No""","""2""",153902
NA,"""Illinois""","""17""","""2016""","""2016""","""Unknown or Not Stated""","""9""",323
NA,"""Illinois""","""17""","""2017""","""2017""","""Yes""","""1""",268
NA,"""Illinois""","""17""","""2017""","""2017""","""No""","""2""",148639
NA,"""Illinois""","""17""","""2017""","""2017""","""Unknown or Not Stated""","""9""",483
NA,"""Illinois""","""17""","""2018""","""2018""","""Yes""","""1""",257
NA,"""Illinois""","""17""","""2018""","""2018""","""No""","""2""",144173
NA,"""Illinois""","""17""","""2018""","""2018""","""Unknown or Not Stated""","""9""",385
NA,"""Illinois""","""17""","""2019""","""2019""","""Yes""","""1""",272
NA,"""Illinois""","""17""","""2019""","""2019""","""No""","""2""",139705
NA,"""Illinois""","""17""","""2019""","""2019""","""Unknown or Not Stated""","""9""",151
NA,"""Illinois""","""17""","""2020""","""2020""","""Yes""","""1""",260
NA,"""Illinois""","""17""","""2020""","""2020""","""No""","""2""",132815
NA,"""Illinois""","""17""","""2020""","""2020""","""Unknown or Not Stated""","""9""",223
NA,"""Illinois""","""17""","""2021""","""2021""","""Yes""","""1""",254
NA,"""Illinois""","""17""","""2021""","""2021""","""No""","""2""",131784
NA,"""Illinois""","""17""","""2021""","""2021""","""Unknown or Not Stated""","""9""",151
NA,"""Indiana""","""18""","""2016""","""2016""","""Yes""","""1""",511
NA,"""Indiana""","""18""","""2016""","""2016""","""No""","""2""",82571
NA,"""Indiana""","""18""","""2017""","""2017""","""Yes""","""1""",602
NA,"""Indiana""","""18""","""2017""","""2017""","""No""","""2""",81564
NA,"""Indiana""","""18""","""2018""","""2018""","""Yes""","""1""",692
NA,"""Indiana""","""18""","""2018""","""2018""","""No""","""2""",80952
NA,"""Indiana""","""18""","""2019""","""2019""","""Yes""","""1""",694
NA,"""Indiana""","""18""","""2019""","""2019""","""No""","""2""",80160
NA,"""Indiana""","""18""","""2020""","""2020""","""Yes""","""1""",657
NA,"""Indiana""","""18""","""2020""","""2020""","""No""","""2""",77909
NA,"""Indiana""","""18""","""2020""","""2020""","""Unknown or Not Stated""","""9""",50
NA,"""Indiana""","""18""","""2021""","""2021""","""Yes""","""1""",647
NA,"""Indiana""","""18""","""2021""","""2021""","""No""","""2""",76883
NA,"""Indiana""","""18""","""2021""","""2021""","""Unknown or Not Stated""","""9""",2416
NA,"""Iowa""","""19""","""2016""","""2016""","""Yes""","""1""",70
NA,"""Iowa""","""19""","""2016""","""2016""","""No""","""2""",39332
NA,"""Iowa""","""19""","""2017""","""2017""","""Yes""","""1""",67
NA,"""Iowa""","""19""","""2017""","""2017""","""No""","""2""",38357
NA,"""Iowa""","""19""","""2018""","""2018""","""Yes""","""1""",81
NA,"""Iowa""","""19""","""2018""","""2018""","""No""","""2""",37703
NA,"""Iowa""","""19""","""2019""","""2019""","""Yes""","""1""",89
NA,"""Iowa""","""19""","""2019""","""2019""","""No""","""2""",37556
NA,"""Iowa""","""19""","""2020""","""2020""","""Yes""","""1""",75
NA,"""Iowa""","""19""","""2020""","""2020""","""No""","""2""",36036
NA,"""Iowa""","""19""","""2021""","""2021""","""Yes""","""1""",59
NA,"""Iowa""","""19""","""2021""","""2021""","""No""","""2""",36763
NA,"""Iowa""","""19""","""2021""","""2021""","""Unknown or Not Stated""","""9""",13
NA,"""Kansas""","""20""","""2016""","""2016""","""Yes""","""1""",71
NA,"""Kansas""","""20""","""2016""","""2016""","""No""","""2""",37982
NA,"""Kansas""","""20""","""2017""","""2017""","""Yes""","""1""",71
NA,"""Kansas""","""20""","""2017""","""2017""","""No""","""2""",36447
NA,"""Kansas""","""20""","""2018""","""2018""","""Yes""","""1""",73
NA,"""Kansas""","""20""","""2018""","""2018""","""No""","""2""",36187
NA,"""Kansas""","""20""","""2019""","""2019""","""Yes""","""1""",78
NA,"""Kansas""","""20""","""2019""","""2019""","""No""","""2""",35317
NA,"""Kansas""","""20""","""2020""","""2020""","""Yes""","""1""",71
NA,"""Kansas""","""20""","""2020""","""2020""","""No""","""2""",34303
NA,"""Kansas""","""20""","""2021""","""2021""","""Yes""","""1""",80
NA,"""Kansas""","""20""","""2021""","""2021""","""No""","""2""",34622
NA,"""Kentucky""","""21""","""2016""","""2016""","""Yes""","""1""",1096
NA,"""Kentucky""","""21""","""2016""","""2016""","""No""","""2""",53833
NA,"""Kentucky""","""21""","""2016""","""2016""","""Unknown or Not Stated""","""9""",520
NA,"""Kentucky""","""21""","""2017""","""2017""","""Yes""","""1""",1261
NA,"""Kentucky""","""21""","""2017""","""2017""","""No""","""2""",53261
NA,"""Kentucky""","""21""","""2017""","""2017""","""Unknown or Not Stated""","""9""",230
NA,"""Kentucky""","""21""","""2018""","""2018""","""Yes""","""1""",1280
NA,"""Kentucky""","""21""","""2018""","""2018""","""No""","""2""",52491
NA,"""Kentucky""","""21""","""2018""","""2018""","""Unknown or Not Stated""","""9""",151
NA,"""Kentucky""","""21""","""2019""","""2019""","""Yes""","""1""",1249
NA,"""Kentucky""","""21""","""2019""","""2019""","""No""","""2""",51609
NA,"""Kentucky""","""21""","""2019""","""2019""","""Unknown or Not Stated""","""9""",211
NA,"""Kentucky""","""21""","""2020""","""2020""","""Yes""","""1""",1289
NA,"""Kentucky""","""21""","""2020""","""2020""","""No""","""2""",49731
NA,"""Kentucky""","""21""","""2020""","""2020""","""Unknown or Not Stated""","""9""",648
NA,"""Kentucky""","""21""","""2021""","""2021""","""Yes""","""1""",1159
NA,"""Kentucky""","""21""","""2021""","""2021""","""No""","""2""",50757
NA,"""Kentucky""","""21""","""2021""","""2021""","""Unknown or Not Stated""","""9""",298
NA,"""Louisiana""","""22""","""2016""","""2016""","""Yes""","""1""",240
NA,"""Louisiana""","""22""","""2016""","""2016""","""No""","""2""",62938
NA,"""Louisiana""","""22""","""2017""","""2017""","""Yes""","""1""",231
NA,"""Louisiana""","""22""","""2017""","""2017""","""No""","""2""",60787
NA,"""Louisiana""","""22""","""2018""","""2018""","""Yes""","""1""",258
NA,"""Louisiana""","""22""","""2018""","""2018""","""No""","""2""",59357
NA,"""Louisiana""","""22""","""2019""","""2019""","""Yes""","""1""",240
NA,"""Louisiana""","""22""","""2019""","""2019""","""No""","""2""",58699
NA,"""Louisiana""","""22""","""2020""","""2020""","""Yes""","""1""",256
NA,"""Louisiana""","""22""","""2020""","""2020""","""No""","""2""",57070
NA,"""Louisiana""","""22""","""2021""","""2021""","""Yes""","""1""",229
NA,"""Louisiana""","""22""","""2021""","""2021""","""No""","""2""",57201
NA,"""Maine""","""23""","""2016""","""2016""","""Yes""","""1""",137
NA,"""Maine""","""23""","""2016""","""2016""","""No""","""2""",12487
NA,"""Maine""","""23""","""2016""","""2016""","""Unknown or Not Stated""","""9""",81
NA,"""Maine""","""23""","""2017""","""2017""","""Yes""","""1""",159
NA,"""Maine""","""23""","""2017""","""2017""","""No""","""2""",12088
NA,"""Maine""","""23""","""2017""","""2017""","""Unknown or Not Stated""","""9""",51
NA,"""Maine""","""23""","""2018""","""2018""","""Yes""","""1""",181
NA,"""Maine""","""23""","""2018""","""2018""","""No""","""2""",12082
NA,"""Maine""","""23""","""2018""","""2018""","""Unknown or Not Stated""","""9""",48
NA,"""Maine""","""23""","""2019""","""2019""","""Yes""","""1""",183
NA,"""Maine""","""23""","""2019""","""2019""","""No""","""2""",11529
NA,"""Maine""","""23""","""2019""","""2019""","""Unknown or Not Stated""","""9""",67
NA,"""Maine""","""23""","""2020""","""2020""","""Yes""","""1""",182
NA,"""Maine""","""23""","""2020""","""2020""","""No""","""2""",11194
NA,"""Maine""","""23""","""2020""","""2020""","""Unknown or Not Stated""","""9""",163
NA,"""Maine""","""23""","""2021""","""2021""","""Yes""","""1""",182
NA,"""Maine""","""23""","""2021""","""2021""","""No""","""2""",11777
NA,"""Maine""","""23""","""2021""","""2021""","""Unknown or Not Stated""","""9""",47
NA,"""Maryland""","""24""","""2016""","""2016""","""Yes""","""1""",276
NA,"""Maryland""","""24""","""2016""","""2016""","""No""","""2""",72767
NA,"""Maryland""","""24""","""2016""","""2016""","""Unknown or Not Stated""","""9""",93
NA,"""Maryland""","""24""","""2017""","""2017""","""Yes""","""1""",264
NA,"""Maryland""","""24""","""2017""","""2017""","""No""","""2""",71335
NA,"""Maryland""","""24""","""2017""","""2017""","""Unknown or Not Stated""","""9""",42
NA,"""Maryland""","""24""","""2018""","""2018""","""Yes""","""1""",292
NA,"""Maryland""","""24""","""2018""","""2018""","""No""","""2""",70719
NA,"""Maryland""","""24""","""2018""","""2018""","""Unknown or Not Stated""","""9""",69
NA,"""Maryland""","""24""","""2019""","""2019""","""Yes""","""1""",307
NA,"""Maryland""","""24""","""2019""","""2019""","""No""","""2""",69840
NA,"""Maryland""","""24""","""2019""","""2019""","""Unknown or Not Stated""","""9""",31
NA,"""Maryland""","""24""","""2020""","""2020""","""Yes""","""1""",312
NA,"""Maryland""","""24""","""2020""","""2020""","""No""","""2""",68215
NA,"""Maryland""","""24""","""2020""","""2020""","""Unknown or Not Stated""","""9""",27
NA,"""Maryland""","""24""","""2021""","""2021""","""Yes""","""1""",293
NA,"""Maryland""","""24""","""2021""","""2021""","""No""","""2""",67973
NA,"""Maryland""","""24""","""2021""","""2021""","""Unknown or Not Stated""","""9""",19
NA,"""Massachusetts""","""25""","""2016""","""2016""","""Yes""","""1""",696
NA,"""Massachusetts""","""25""","""2016""","""2016""","""No""","""2""",70515
NA,"""Massachusetts""","""25""","""2016""","""2016""","""Unknown or Not Stated""","""9""",106
NA,"""Massachusetts""","""25""","""2017""","""2017""","""Yes""","""1""",719
NA,"""Massachusetts""","""25""","""2017""","""2017""","""No""","""2""",69907
NA,"""Massachusetts""","""25""","""2017""","""2017""","""Unknown or Not Stated""","""9""",76
NA,"""Massachusetts""","""25""","""2018""","""2018""","""Yes""","""1""",600
NA,"""Massachusetts""","""25""","""2018""","""2018""","""No""","""2""",68435
NA,"""Massachusetts""","""25""","""2018""","""2018""","""Unknown or Not Stated""","""9""",74
NA,"""Massachusetts""","""25""","""2019""","""2019""","""Yes""","""1""",632
NA,"""Massachusetts""","""25""","""2019""","""2019""","""No""","""2""",68344
NA,"""Massachusetts""","""25""","""2019""","""2019""","""Unknown or Not Stated""","""9""",141
NA,"""Massachusetts""","""25""","""2020""","""2020""","""Yes""","""1""",616
NA,"""Massachusetts""","""25""","""2020""","""2020""","""No""","""2""",65577
NA,"""Massachusetts""","""25""","""2020""","""2020""","""Unknown or Not Stated""","""9""",235
NA,"""Massachusetts""","""25""","""2021""","""2021""","""Yes""","""1""",554
NA,"""Massachusetts""","""25""","""2021""","""2021""","""No""","""2""",67902
NA,"""Massachusetts""","""25""","""2021""","""2021""","""Unknown or Not Stated""","""9""",681
NA,"""Michigan""","""26""","""2016""","""2016""","""Yes""","""1""",354
NA,"""Michigan""","""26""","""2016""","""2016""","""No""","""2""",111936
NA,"""Michigan""","""26""","""2016""","""2016""","""Unknown or Not Stated""","""9""",1025
NA,"""Michigan""","""26""","""2017""","""2017""","""Yes""","""1""",437
NA,"""Michigan""","""26""","""2017""","""2017""","""No""","""2""",109538
NA,"""Michigan""","""26""","""2017""","""2017""","""Unknown or Not Stated""","""9""",1451
NA,"""Michigan""","""26""","""2018""","""2018""","""Yes""","""1""",434
NA,"""Michigan""","""26""","""2018""","""2018""","""No""","""2""",108554
NA,"""Michigan""","""26""","""2018""","""2018""","""Unknown or Not Stated""","""9""",1044
NA,"""Michigan""","""26""","""2019""","""2019""","""Yes""","""1""",436
NA,"""Michigan""","""26""","""2019""","""2019""","""No""","""2""",105971
NA,"""Michigan""","""26""","""2019""","""2019""","""Unknown or Not Stated""","""9""",1479
NA,"""Michigan""","""26""","""2020""","""2020""","""Yes""","""1""",404
NA,"""Michigan""","""26""","""2020""","""2020""","""No""","""2""",102292
NA,"""Michigan""","""26""","""2020""","""2020""","""Unknown or Not Stated""","""9""",1378
NA,"""Michigan""","""26""","""2021""","""2021""","""Yes""","""1""",422
NA,"""Michigan""","""26""","""2021""","""2021""","""No""","""2""",103317
NA,"""Michigan""","""26""","""2021""","""2021""","""Unknown or Not Stated""","""9""",1241
NA,"""Minnesota""","""27""","""2016""","""2016""","""Yes""","""1""",164
NA,"""Minnesota""","""27""","""2016""","""2016""","""No""","""2""",69395
NA,"""Minnesota""","""27""","""2016""","""2016""","""Unknown or Not Stated""","""9""",190
NA,"""Minnesota""","""27""","""2017""","""2017""","""Yes""","""1""",180
NA,"""Minnesota""","""27""","""2017""","""2017""","""No""","""2""",68180
NA,"""Minnesota""","""27""","""2017""","""2017""","""Unknown or Not Stated""","""9""",235
NA,"""Minnesota""","""27""","""2018""","""2018""","""Yes""","""1""",221
NA,"""Minnesota""","""27""","""2018""","""2018""","""No""","""2""",66961
NA,"""Minnesota""","""27""","""2018""","""2018""","""Unknown or Not Stated""","""9""",162
NA,"""Minnesota""","""27""","""2019""","""2019""","""Yes""","""1""",230
NA,"""Minnesota""","""27""","""2019""","""2019""","""No""","""2""",65584
NA,"""Minnesota""","""27""","""2019""","""2019""","""Unknown or Not Stated""","""9""",213
NA,"""Minnesota""","""27""","""2020""","""2020""","""Yes""","""1""",231
NA,"""Minnesota""","""27""","""2020""","""2020""","""No""","""2""",63034
NA,"""Minnesota""","""27""","""2020""","""2020""","""Unknown or Not Stated""","""9""",178
NA,"""Minnesota""","""27""","""2021""","""2021""","""Yes""","""1""",213
NA,"""Minnesota""","""27""","""2021""","""2021""","""No""","""2""",64039
NA,"""Minnesota""","""27""","""2021""","""2021""","""Unknown or Not Stated""","""9""",173
NA,"""Mississippi""","""28""","""2016""","""2016""","""Yes""","""1""",59
NA,"""Mississippi""","""28""","""2016""","""2016""","""No""","""2""",37851
NA,"""Mississippi""","""28""","""2016""","""2016""","""Unknown or Not Stated""","""9""",18
NA,"""Mississippi""","""28""","""2017""","""2017""","""Yes""","""1""",77
NA,"""Mississippi""","""28""","""2017""","""2017""","""No""","""2""",37268
NA,"""Mississippi""","""28""","""2017""","""2017""","""Unknown or Not Stated""","""9""",12
NA,"""Mississippi""","""28""","""2018""","""2018""","""Yes""","""1""",68
NA,"""Mississippi""","""28""","""2018""","""2018""","""No""","""2""",36909
NA,"""Mississippi""","""28""","""2018""","""2018""","""Unknown or Not Stated""","""9""",23
NA,"""Mississippi""","""28""","""2019""","""2019""","""Yes""","""1""",99
NA,"""Mississippi""","""28""","""2019""","""2019""","""No""","""2""",36516
NA,"""Mississippi""","""28""","""2019""","""2019""","""Unknown or Not Stated""","""9""",21
NA,"""Mississippi""","""28""","""2020""","""2020""","""Yes""","""1""",75
NA,"""Mississippi""","""28""","""2020""","""2020""","""No""","""2""",35390
NA,"""Mississippi""","""28""","""2021""","""2021""","""Yes""","""1""",64
NA,"""Mississippi""","""28""","""2021""","""2021""","""No""","""2""",35082
NA,"""Mississippi""","""28""","""2021""","""2021""","""Unknown or Not Stated""","""9""",10
NA,"""Missouri""","""29""","""2016""","""2016""","""Yes""","""1""",518
NA,"""Missouri""","""29""","""2016""","""2016""","""No""","""2""",74185
NA,"""Missouri""","""29""","""2017""","""2017""","""Yes""","""1""",527
NA,"""Missouri""","""29""","""2017""","""2017""","""No""","""2""",72506
NA,"""Missouri""","""29""","""2018""","""2018""","""Yes""","""1""",542
NA,"""Missouri""","""29""","""2018""","""2018""","""No""","""2""",72726
NA,"""Missouri""","""29""","""2019""","""2019""","""Yes""","""1""",554
NA,"""Missouri""","""29""","""2019""","""2019""","""No""","""2""",71569
NA,"""Missouri""","""29""","""2020""","""2020""","""Yes""","""1""",512
NA,"""Missouri""","""29""","""2020""","""2020""","""No""","""2""",68769
NA,"""Missouri""","""29""","""2021""","""2021""","""Yes""","""1""",452
NA,"""Missouri""","""29""","""2021""","""2021""","""No""","""2""",69000
NA,"""Montana""","""30""","""2016""","""2016""","""Yes""","""1""",180
NA,"""Montana""","""30""","""2016""","""2016""","""No""","""2""",12075
NA,"""Montana""","""30""","""2016""","""2016""","""Unknown or Not Stated""","""9""",27
NA,"""Montana""","""30""","""2017""","""2017""","""Yes""","""1""",178
NA,"""Montana""","""30""","""2017""","""2017""","""No""","""2""",11602
NA,"""Montana""","""30""","""2017""","""2017""","""Unknown or Not Stated""","""9""",19
NA,"""Montana""","""30""","""2018""","""2018""","""Yes""","""1""",184
NA,"""Montana""","""30""","""2018""","""2018""","""No""","""2""",11318
NA,"""Montana""","""30""","""2018""","""2018""","""Unknown or Not Stated""","""9""",11
NA,"""Montana""","""30""","""2019""","""2019""","""Yes""","""1""",167
NA,"""Montana""","""30""","""2019""","""2019""","""No""","""2""",10907
NA,"""Montana""","""30""","""2020""","""2020""","""Yes""","""1""",166
NA,"""Montana""","""30""","""2020""","""2020""","""No""","""2""",10624
NA,"""Montana""","""30""","""2021""","""2021""","""Yes""","""1""",133
NA,"""Montana""","""30""","""2021""","""2021""","""No""","""2""",11097
NA,"""Nebraska""","""31""","""2016""","""2016""","""Yes""","""1""",41
NA,"""Nebraska""","""31""","""2016""","""2016""","""No""","""2""",26483
NA,"""Nebraska""","""31""","""2016""","""2016""","""Unknown or Not Stated""","""9""",65
NA,"""Nebraska""","""31""","""2017""","""2017""","""Yes""","""1""",27
NA,"""Nebraska""","""31""","""2017""","""2017""","""No""","""2""",25760
NA,"""Nebraska""","""31""","""2017""","""2017""","""Unknown or Not Stated""","""9""",34
NA,"""Nebraska""","""31""","""2018""","""2018""","""Yes""","""1""",25
NA,"""Nebraska""","""31""","""2018""","""2018""","""No""","""2""",25421
NA,"""Nebraska""","""31""","""2018""","""2018""","""Unknown or Not Stated""","""9""",42
NA,"""Nebraska""","""31""","""2019""","""2019""","""Yes""","""1""",35
NA,"""Nebraska""","""31""","""2019""","""2019""","""No""","""2""",24677
NA,"""Nebraska""","""31""","""2019""","""2019""","""Unknown or Not Stated""","""9""",43
NA,"""Nebraska""","""31""","""2020""","""2020""","""Yes""","""1""",34
NA,"""Nebraska""","""31""","""2020""","""2020""","""No""","""2""",24163
NA,"""Nebraska""","""31""","""2020""","""2020""","""Unknown or Not Stated""","""9""",94
NA,"""Nebraska""","""31""","""2021""","""2021""","""Yes""","""1""",36
NA,"""Nebraska""","""31""","""2021""","""2021""","""No""","""2""",24509
NA,"""Nebraska""","""31""","""2021""","""2021""","""Unknown or Not Stated""","""9""",64
NA,"""Nevada""","""32""","""2016""","""2016""","""Yes""","""1""",59
NA,"""Nevada""","""32""","""2016""","""2016""","""No""","""2""",36198
NA,"""Nevada""","""32""","""2017""","""2017""","""Yes""","""1""",73
NA,"""Nevada""","""32""","""2017""","""2017""","""No""","""2""",35681
NA,"""Nevada""","""32""","""2018""","""2018""","""Yes""","""1""",69
NA,"""Nevada""","""32""","""2018""","""2018""","""No""","""2""",35612
NA,"""Nevada""","""32""","""2019""","""2019""","""Yes""","""1""",75
NA,"""Nevada""","""32""","""2019""","""2019""","""No""","""2""",34995
NA,"""Nevada""","""32""","""2020""","""2020""","""Yes""","""1""",88
NA,"""Nevada""","""32""","""2020""","""2020""","""No""","""2""",33564
NA,"""Nevada""","""32""","""2021""","""2021""","""Yes""","""1""",85
NA,"""Nevada""","""32""","""2021""","""2021""","""No""","""2""",33598
NA,"""New Hampshire""","""33""","""2016""","""2016""","""Yes""","""1""",160
NA,"""New Hampshire""","""33""","""2016""","""2016""","""No""","""2""",11995
NA,"""New Hampshire""","""33""","""2016""","""2016""","""Unknown or Not Stated""","""9""",112
NA,"""New Hampshire""","""33""","""2017""","""2017""","""Yes""","""1""",200
NA,"""New Hampshire""","""33""","""2017""","""2017""","""No""","""2""",11891
NA,"""New Hampshire""","""33""","""2017""","""2017""","""Unknown or Not Stated""","""9""",25
NA,"""New Hampshire""","""33""","""2018""","""2018""","""Yes""","""1""",220
NA,"""New Hampshire""","""33""","""2018""","""2018""","""No""","""2""",11755
NA,"""New Hampshire""","""33""","""2018""","""2018""","""Unknown or Not Stated""","""9""",20
NA,"""New Hampshire""","""33""","""2019""","""2019""","""Yes""","""1""",203
NA,"""New Hampshire""","""33""","""2019""","""2019""","""No""","""2""",11612
NA,"""New Hampshire""","""33""","""2019""","""2019""","""Unknown or Not Stated""","""9""",24
NA,"""New Hampshire""","""33""","""2020""","""2020""","""Yes""","""1""",209
NA,"""New Hampshire""","""33""","""2020""","""2020""","""No""","""2""",11549
NA,"""New Hampshire""","""33""","""2020""","""2020""","""Unknown or Not Stated""","""9""",33
NA,"""New Hampshire""","""33""","""2021""","""2021""","""Yes""","""1""",179
NA,"""New Hampshire""","""33""","""2021""","""2021""","""No""","""2""",12413
NA,"""New Hampshire""","""33""","""2021""","""2021""","""Unknown or Not Stated""","""9""",33
NA,"""New Jersey""","""34""","""2016""","""2016""","""Yes""","""1""",470
NA,"""New Jersey""","""34""","""2016""","""2016""","""No""","""2""",102172
NA,"""New Jersey""","""34""","""2017""","""2017""","""Yes""","""1""",507
NA,"""New Jersey""","""34""","""2017""","""2017""","""No""","""2""",100740
NA,"""New Jersey""","""34""","""2018""","""2018""","""Yes""","""1""",500
NA,"""New Jersey""","""34""","""2018""","""2018""","""No""","""2""",100713
NA,"""New Jersey""","""34""","""2018""","""2018""","""Unknown or Not Stated""","""9""",10
NA,"""New Jersey""","""34""","""2019""","""2019""","""Yes""","""1""",507
NA,"""New Jersey""","""34""","""2019""","""2019""","""No""","""2""",99068
NA,"""New Jersey""","""34""","""2019""","""2019""","""Unknown or Not Stated""","""9""",10
NA,"""New Jersey""","""34""","""2020""","""2020""","""Yes""","""1""",452
NA,"""New Jersey""","""34""","""2020""","""2020""","""No""","""2""",97492
NA,"""New Jersey""","""34""","""2020""","""2020""","""Unknown or Not Stated""","""9""",10
NA,"""New Jersey""","""34""","""2021""","""2021""","""Yes""","""1""",385
NA,"""New Jersey""","""34""","""2021""","""2021""","""No""","""2""",100671
NA,"""New Jersey""","""34""","""2021""","""2021""","""Unknown or Not Stated""","""9""",441
NA,"""New Mexico""","""35""","""2016""","""2016""","""Yes""","""1""",188
NA,"""New Mexico""","""35""","""2016""","""2016""","""No""","""2""",24312
NA,"""New Mexico""","""35""","""2016""","""2016""","""Unknown or Not Stated""","""9""",192
NA,"""New Mexico""","""35""","""2017""","""2017""","""Yes""","""1""",209
NA,"""New Mexico""","""35""","""2017""","""2017""","""No""","""2""",23344
NA,"""New Mexico""","""35""","""2017""","""2017""","""Unknown or Not Stated""","""9""",214
NA,"""New Mexico""","""35""","""2018""","""2018""","""Yes""","""1""",179
NA,"""New Mexico""","""35""","""2018""","""2018""","""No""","""2""",22724
NA,"""New Mexico""","""35""","""2018""","""2018""","""Unknown or Not Stated""","""9""",136
NA,"""New Mexico""","""35""","""2019""","""2019""","""Yes""","""1""",162
NA,"""New Mexico""","""35""","""2019""","""2019""","""No""","""2""",22690
NA,"""New Mexico""","""35""","""2019""","""2019""","""Unknown or Not Stated""","""9""",108
NA,"""New Mexico""","""35""","""2020""","""2020""","""Yes""","""1""",121
NA,"""New Mexico""","""35""","""2020""","""2020""","""No""","""2""",21629
NA,"""New Mexico""","""35""","""2020""","""2020""","""Unknown or Not Stated""","""9""",153
NA,"""New Mexico""","""35""","""2021""","""2021""","""Yes""","""1""",116
NA,"""New Mexico""","""35""","""2021""","""2021""","""No""","""2""",21160
NA,"""New Mexico""","""35""","""2021""","""2021""","""Unknown or Not Stated""","""9""",115
NA,"""New York""","""36""","""2016""","""2016""","""Yes""","""1""",635
NA,"""New York""","""36""","""2016""","""2016""","""No""","""2""",232614
NA,"""New York""","""36""","""2016""","""2016""","""Unknown or Not Stated""","""9""",1034
NA,"""New York""","""36""","""2017""","""2017""","""Yes""","""1""",691
NA,"""New York""","""36""","""2017""","""2017""","""No""","""2""",227917
NA,"""New York""","""36""","""2017""","""2017""","""Unknown or Not Stated""","""9""",1129
NA,"""New York""","""36""","""2018""","""2018""","""Yes""","""1""",715
NA,"""New York""","""36""","""2018""","""2018""","""No""","""2""",224353
NA,"""New York""","""36""","""2018""","""2018""","""Unknown or Not Stated""","""9""",1170
NA,"""New York""","""36""","""2019""","""2019""","""Yes""","""1""",732
NA,"""New York""","""36""","""2019""","""2019""","""No""","""2""",219519
NA,"""New York""","""36""","""2019""","""2019""","""Unknown or Not Stated""","""9""",1288
NA,"""New York""","""36""","""2020""","""2020""","""Yes""","""1""",729
NA,"""New York""","""36""","""2020""","""2020""","""No""","""2""",207421
NA,"""New York""","""36""","""2020""","""2020""","""Unknown or Not Stated""","""9""",1188
NA,"""New York""","""36""","""2021""","""2021""","""Yes""","""1""",665
NA,"""New York""","""36""","""2021""","""2021""","""No""","""2""",208678
NA,"""New York""","""36""","""2021""","""2021""","""Unknown or Not Stated""","""9""",1399
NA,"""North Carolina""","""37""","""2016""","""2016""","""Yes""","""1""",434
NA,"""North Carolina""","""37""","""2016""","""2016""","""No""","""2""",120006
NA,"""North Carolina""","""37""","""2016""","""2016""","""Unknown or Not Stated""","""9""",339
NA,"""North Carolina""","""37""","""2017""","""2017""","""Yes""","""1""",551
NA,"""North Carolina""","""37""","""2017""","""2017""","""No""","""2""",119129
NA,"""North Carolina""","""37""","""2017""","""2017""","""Unknown or Not Stated""","""9""",445
NA,"""North Carolina""","""37""","""2018""","""2018""","""Yes""","""1""",650
NA,"""North Carolina""","""37""","""2018""","""2018""","""No""","""2""",117858
NA,"""North Carolina""","""37""","""2018""","""2018""","""Unknown or Not Stated""","""9""",446
NA,"""North Carolina""","""37""","""2019""","""2019""","""Yes""","""1""",701
NA,"""North Carolina""","""37""","""2019""","""2019""","""No""","""2""",117413
NA,"""North Carolina""","""37""","""2019""","""2019""","""Unknown or Not Stated""","""9""",611
NA,"""North Carolina""","""37""","""2020""","""2020""","""Yes""","""1""",694
NA,"""North Carolina""","""37""","""2020""","""2020""","""No""","""2""",114570
NA,"""North Carolina""","""37""","""2020""","""2020""","""Unknown or Not Stated""","""9""",1466
NA,"""North Carolina""","""37""","""2021""","""2021""","""Yes""","""1""",646
NA,"""North Carolina""","""37""","""2021""","""2021""","""No""","""2""",119113
NA,"""North Carolina""","""37""","""2021""","""2021""","""Unknown or Not Stated""","""9""",707
NA,"""North Dakota""","""38""","""2016""","""2016""","""Yes""","""1""",92
NA,"""North Dakota""","""38""","""2016""","""2016""","""No""","""2""",11289
NA,"""North Dakota""","""38""","""2017""","""2017""","""Yes""","""1""",98
NA,"""North Dakota""","""38""","""2017""","""2017""","""No""","""2""",10636
NA,"""North Dakota""","""38""","""2018""","""2018""","""Yes""","""1""",97
NA,"""North Dakota""","""38""","""2018""","""2018""","""No""","""2""",10538
NA,"""North Dakota""","""38""","""2019""","""2019""","""Yes""","""1""",144
NA,"""North Dakota""","""38""","""2019""","""2019""","""No""","""2""",10310
NA,"""North Dakota""","""38""","""2020""","""2020""","""Yes""","""1""",113
NA,"""North Dakota""","""38""","""2020""","""2020""","""No""","""2""",9946
NA,"""North Dakota""","""38""","""2021""","""2021""","""Yes""","""1""",118
NA,"""North Dakota""","""38""","""2021""","""2021""","""No""","""2""",9994
NA,"""Ohio""","""39""","""2016""","""2016""","""Yes""","""1""",1853
NA,"""Ohio""","""39""","""2016""","""2016""","""No""","""2""",136178
NA,"""Ohio""","""39""","""2016""","""2016""","""Unknown or Not Stated""","""9""",54
NA,"""Ohio""","""39""","""2017""","""2017""","""Yes""","""1""",1892
NA,"""Ohio""","""39""","""2017""","""2017""","""No""","""2""",134897
NA,"""Ohio""","""39""","""2017""","""2017""","""Unknown or Not Stated""","""9""",43
NA,"""Ohio""","""39""","""2018""","""2018""","""Yes""","""1""",2167
NA,"""Ohio""","""39""","""2018""","""2018""","""No""","""2""",132944
NA,"""Ohio""","""39""","""2018""","""2018""","""Unknown or Not Stated""","""9""",23
NA,"""Ohio""","""39""","""2019""","""2019""","""Yes""","""1""",1932
NA,"""Ohio""","""39""","""2019""","""2019""","""No""","""2""",132476
NA,"""Ohio""","""39""","""2019""","""2019""","""Unknown or Not Stated""","""9""",53
NA,"""Ohio""","""39""","""2020""","""2020""","""Yes""","""1""",1949
NA,"""Ohio""","""39""","""2020""","""2020""","""No""","""2""",127218
NA,"""Ohio""","""39""","""2020""","""2020""","""Unknown or Not Stated""","""9""",24
NA,"""Ohio""","""39""","""2021""","""2021""","""Yes""","""1""",1740
NA,"""Ohio""","""39""","""2021""","""2021""","""No""","""2""",127957
NA,"""Ohio""","""39""","""2021""","""2021""","""Unknown or Not Stated""","""9""",94
NA,"""Oklahoma""","""40""","""2016""","""2016""","""Yes""","""1""",224
NA,"""Oklahoma""","""40""","""2016""","""2016""","""No""","""2""",52367
NA,"""Oklahoma""","""40""","""2017""","""2017""","""Yes""","""1""",247
NA,"""Oklahoma""","""40""","""2017""","""2017""","""No""","""2""",49965
NA,"""Oklahoma""","""40""","""2018""","""2018""","""Yes""","""1""",214
NA,"""Oklahoma""","""40""","""2018""","""2018""","""No""","""2""",49586
NA,"""Oklahoma""","""40""","""2019""","""2019""","""Yes""","""1""",248
NA,"""Oklahoma""","""40""","""2019""","""2019""","""No""","""2""",48889
NA,"""Oklahoma""","""40""","""2020""","""2020""","""Yes""","""1""",227
NA,"""Oklahoma""","""40""","""2020""","""2020""","""No""","""2""",47394
NA,"""Oklahoma""","""40""","""2021""","""2021""","""Yes""","""1""",224
NA,"""Oklahoma""","""40""","""2021""","""2021""","""No""","""2""",48175
NA,"""Oklahoma""","""40""","""2021""","""2021""","""Unknown or Not Stated""","""9""",11
NA,"""Oregon""","""41""","""2016""","""2016""","""Yes""","""1""",189
NA,"""Oregon""","""41""","""2016""","""2016""","""No""","""2""",45341
NA,"""Oregon""","""41""","""2017""","""2017""","""Yes""","""1""",200
NA,"""Oregon""","""41""","""2017""","""2017""","""No""","""2""",43430
NA,"""Oregon""","""41""","""2018""","""2018""","""Yes""","""1""",196
NA,"""Oregon""","""41""","""2018""","""2018""","""No""","""2""",41990
NA,"""Oregon""","""41""","""2019""","""2019""","""Yes""","""1""",167
NA,"""Oregon""","""41""","""2019""","""2019""","""No""","""2""",41688
NA,"""Oregon""","""41""","""2020""","""2020""","""Yes""","""1""",194
NA,"""Oregon""","""41""","""2020""","""2020""","""No""","""2""",39623
NA,"""Oregon""","""41""","""2021""","""2021""","""Yes""","""1""",209
NA,"""Oregon""","""41""","""2021""","""2021""","""No""","""2""",40705
NA,"""Pennsylvania""","""42""","""2016""","""2016""","""Yes""","""1""",1363
NA,"""Pennsylvania""","""42""","""2016""","""2016""","""No""","""2""",138000
NA,"""Pennsylvania""","""42""","""2016""","""2016""","""Unknown or Not Stated""","""9""",46
NA,"""Pennsylvania""","""42""","""2017""","""2017""","""Yes""","""1""",1492
NA,"""Pennsylvania""","""42""","""2017""","""2017""","""No""","""2""",136201
NA,"""Pennsylvania""","""42""","""2017""","""2017""","""Unknown or Not Stated""","""9""",52
NA,"""Pennsylvania""","""42""","""2018""","""2018""","""Yes""","""1""",1625
NA,"""Pennsylvania""","""42""","""2018""","""2018""","""No""","""2""",134002
NA,"""Pennsylvania""","""42""","""2018""","""2018""","""Unknown or Not Stated""","""9""",46
NA,"""Pennsylvania""","""42""","""2019""","""2019""","""Yes""","""1""",1600
NA,"""Pennsylvania""","""42""","""2019""","""2019""","""No""","""2""",132582
NA,"""Pennsylvania""","""42""","""2019""","""2019""","""Unknown or Not Stated""","""9""",48
NA,"""Pennsylvania""","""42""","""2020""","""2020""","""Yes""","""1""",1513
NA,"""Pennsylvania""","""42""","""2020""","""2020""","""No""","""2""",129112
NA,"""Pennsylvania""","""42""","""2020""","""2020""","""Unknown or Not Stated""","""9""",68
NA,"""Pennsylvania""","""42""","""2021""","""2021""","""Yes""","""1""",1382
NA,"""Pennsylvania""","""42""","""2021""","""2021""","""No""","""2""",130848
NA,"""Pennsylvania""","""42""","""2021""","""2021""","""Unknown or Not Stated""","""9""",392
NA,"""Rhode Island""","""44""","""2016""","""2016""","""Yes""","""1""",43
NA,"""Rhode Island""","""44""","""2016""","""2016""","""No""","""2""",10754
NA,"""Rhode Island""","""44""","""2017""","""2017""","""Yes""","""1""",50
NA,"""Rhode Island""","""44""","""2017""","""2017""","""No""","""2""",10588
NA,"""Rhode Island""","""44""","""2018""","""2018""","""Yes""","""1""",47
NA,"""Rhode Island""","""44""","""2018""","""2018""","""No""","""2""",10459
NA,"""Rhode Island""","""44""","""2019""","""2019""","""Yes""","""1""",41
NA,"""Rhode Island""","""44""","""2019""","""2019""","""No""","""2""",10133
NA,"""Rhode Island""","""44""","""2020""","""2020""","""Yes""","""1""",46
NA,"""Rhode Island""","""44""","""2020""","""2020""","""No""","""2""",10048
NA,"""Rhode Island""","""44""","""2021""","""2021""","""Yes""","""1""",32
NA,"""Rhode Island""","""44""","""2021""","""2021""","""No""","""2""",10429
NA,"""South Carolina""","""45""","""2016""","""2016""","""Yes""","""1""",176
NA,"""South Carolina""","""45""","""2016""","""2016""","""No""","""2""",57149
NA,"""South Carolina""","""45""","""2016""","""2016""","""Unknown or Not Stated""","""9""",17
NA,"""South Carolina""","""45""","""2017""","""2017""","""Yes""","""1""",215
NA,"""South Carolina""","""45""","""2017""","""2017""","""No""","""2""",56800
NA,"""South Carolina""","""45""","""2017""","""2017""","""Unknown or Not Stated""","""9""",14
NA,"""South Carolina""","""45""","""2018""","""2018""","""Yes""","""1""",234
NA,"""South Carolina""","""45""","""2018""","""2018""","""No""","""2""",56423
NA,"""South Carolina""","""45""","""2018""","""2018""","""Unknown or Not Stated""","""9""",12
NA,"""South Carolina""","""45""","""2019""","""2019""","""Yes""","""1""",263
NA,"""South Carolina""","""45""","""2019""","""2019""","""No""","""2""",56762
NA,"""South Carolina""","""45""","""2019""","""2019""","""Unknown or Not Stated""","""9""",13
NA,"""South Carolina""","""45""","""2020""","""2020""","""Yes""","""1""",239
NA,"""South Carolina""","""45""","""2020""","""2020""","""No""","""2""",55445
NA,"""South Carolina""","""45""","""2020""","""2020""","""Unknown or Not Stated""","""9""",20
NA,"""South Carolina""","""45""","""2021""","""2021""","""Yes""","""1""",250
NA,"""South Carolina""","""45""","""2021""","""2021""","""No""","""2""",56814
NA,"""South Carolina""","""45""","""2021""","""2021""","""Unknown or Not Stated""","""9""",121
NA,"""South Dakota""","""46""","""2016""","""2016""","""Yes""","""1""",32
NA,"""South Dakota""","""46""","""2016""","""2016""","""No""","""2""",12241
NA,"""South Dakota""","""46""","""2017""","""2017""","""Yes""","""1""",37
NA,"""South Dakota""","""46""","""2017""","""2017""","""No""","""2""",12088
NA,"""South Dakota""","""46""","""2018""","""2018""","""Yes""","""1""",68
NA,"""South Dakota""","""46""","""2018""","""2018""","""No""","""2""",11807
NA,"""South Dakota""","""46""","""2018""","""2018""","""Unknown or Not Stated""","""9""",18
NA,"""South Dakota""","""46""","""2019""","""2019""","""Yes""","""1""",53
NA,"""South Dakota""","""46""","""2019""","""2019""","""No""","""2""",11391
NA,"""South Dakota""","""46""","""2020""","""2020""","""Yes""","""1""",63
NA,"""South Dakota""","""46""","""2020""","""2020""","""No""","""2""",10890
NA,"""South Dakota""","""46""","""2021""","""2021""","""Yes""","""1""",92
NA,"""South Dakota""","""46""","""2021""","""2021""","""No""","""2""",11273
NA,"""Tennessee""","""47""","""2016""","""2016""","""Yes""","""1""",1111
NA,"""Tennessee""","""47""","""2016""","""2016""","""No""","""2""",79683
NA,"""Tennessee""","""47""","""2016""","""2016""","""Unknown or Not Stated""","""9""",13
NA,"""Tennessee""","""47""","""2017""","""2017""","""Yes""","""1""",1047
NA,"""Tennessee""","""47""","""2017""","""2017""","""No""","""2""",79896
NA,"""Tennessee""","""47""","""2017""","""2017""","""Unknown or Not Stated""","""9""",73
NA,"""Tennessee""","""47""","""2018""","""2018""","""Yes""","""1""",1157
NA,"""Tennessee""","""47""","""2018""","""2018""","""No""","""2""",79547
NA,"""Tennessee""","""47""","""2018""","""2018""","""Unknown or Not Stated""","""9""",47
NA,"""Tennessee""","""47""","""2019""","""2019""","""Yes""","""1""",1140
NA,"""Tennessee""","""47""","""2019""","""2019""","""No""","""2""",79299
NA,"""Tennessee""","""47""","""2019""","""2019""","""Unknown or Not Stated""","""9""",11
NA,"""Tennessee""","""47""","""2020""","""2020""","""Yes""","""1""",1121
NA,"""Tennessee""","""47""","""2020""","""2020""","""No""","""2""",77563
NA,"""Tennessee""","""47""","""2021""","""2021""","""Yes""","""1""",1060
NA,"""Tennessee""","""47""","""2021""","""2021""","""No""","""2""",80646
NA,"""Tennessee""","""47""","""2021""","""2021""","""Unknown or Not Stated""","""9""",11
NA,"""Texas""","""48""","""2016""","""2016""","""Yes""","""1""",448
NA,"""Texas""","""48""","""2016""","""2016""","""No""","""2""",397593
NA,"""Texas""","""48""","""2017""","""2017""","""Yes""","""1""",462
NA,"""Texas""","""48""","""2017""","""2017""","""No""","""2""",381584
NA,"""Texas""","""48""","""2018""","""2018""","""Yes""","""1""",422
NA,"""Texas""","""48""","""2018""","""2018""","""No""","""2""",378168
NA,"""Texas""","""48""","""2018""","""2018""","""Unknown or Not Stated""","""9""",34
NA,"""Texas""","""48""","""2019""","""2019""","""Yes""","""1""",413
NA,"""Texas""","""48""","""2019""","""2019""","""No""","""2""",376343
NA,"""Texas""","""48""","""2019""","""2019""","""Unknown or Not Stated""","""9""",843
NA,"""Texas""","""48""","""2020""","""2020""","""Yes""","""1""",320
NA,"""Texas""","""48""","""2020""","""2020""","""No""","""2""",367054
NA,"""Texas""","""48""","""2020""","""2020""","""Unknown or Not Stated""","""9""",816
NA,"""Texas""","""48""","""2021""","""2021""","""Yes""","""1""",285
NA,"""Texas""","""48""","""2021""","""2021""","""No""","""2""",372480
NA,"""Texas""","""48""","""2021""","""2021""","""Unknown or Not Stated""","""9""",829
NA,"""Utah""","""49""","""2016""","""2016""","""Yes""","""1""",80
NA,"""Utah""","""49""","""2016""","""2016""","""No""","""2""",50383
NA,"""Utah""","""49""","""2017""","""2017""","""Yes""","""1""",114
NA,"""Utah""","""49""","""2017""","""2017""","""No""","""2""",48471
NA,"""Utah""","""49""","""2018""","""2018""","""Yes""","""1""",135
NA,"""Utah""","""49""","""2018""","""2018""","""No""","""2""",47073
NA,"""Utah""","""49""","""2019""","""2019""","""Yes""","""1""",131
NA,"""Utah""","""49""","""2019""","""2019""","""No""","""2""",46694
NA,"""Utah""","""49""","""2020""","""2020""","""Yes""","""1""",119
NA,"""Utah""","""49""","""2020""","""2020""","""No""","""2""",45583
NA,"""Utah""","""49""","""2021""","""2021""","""Yes""","""1""",102
NA,"""Utah""","""49""","""2021""","""2021""","""No""","""2""",46610
NA,"""Vermont""","""50""","""2016""","""2016""","""Yes""","""1""",86
NA,"""Vermont""","""50""","""2016""","""2016""","""No""","""2""",5670
NA,"""Vermont""","""50""","""2017""","""2017""","""Yes""","""1""",119
NA,"""Vermont""","""50""","""2017""","""2017""","""No""","""2""",5536
NA,"""Vermont""","""50""","""2018""","""2018""","""Yes""","""1""",92
NA,"""Vermont""","""50""","""2018""","""2018""","""No""","""2""",5339
NA,"""Vermont""","""50""","""2019""","""2019""","""Yes""","""1""",75
NA,"""Vermont""","""50""","""2019""","""2019""","""No""","""2""",5285
NA,"""Vermont""","""50""","""2020""","""2020""","""Yes""","""1""",85
NA,"""Vermont""","""50""","""2020""","""2020""","""No""","""2""",5046
NA,"""Vermont""","""50""","""2021""","""2021""","""Yes""","""1""",71
NA,"""Vermont""","""50""","""2021""","""2021""","""No""","""2""",5312
NA,"""Virginia""","""51""","""2016""","""2016""","""Yes""","""1""",376
NA,"""Virginia""","""51""","""2016""","""2016""","""No""","""2""",102075
NA,"""Virginia""","""51""","""2017""","""2017""","""Yes""","""1""",470
NA,"""Virginia""","""51""","""2017""","""2017""","""No""","""2""",99912
NA,"""Virginia""","""51""","""2018""","""2018""","""Yes""","""1""",469
NA,"""Virginia""","""51""","""2018""","""2018""","""No""","""2""",99372
NA,"""Virginia""","""51""","""2019""","""2019""","""Yes""","""1""",513
NA,"""Virginia""","""51""","""2019""","""2019""","""No""","""2""",96897
NA,"""Virginia""","""51""","""2019""","""2019""","""Unknown or Not Stated""","""9""",19
NA,"""Virginia""","""51""","""2020""","""2020""","""Yes""","""1""",492
NA,"""Virginia""","""51""","""2020""","""2020""","""No""","""2""",94232
NA,"""Virginia""","""51""","""2020""","""2020""","""Unknown or Not Stated""","""9""",25
NA,"""Virginia""","""51""","""2021""","""2021""","""Yes""","""1""",471
NA,"""Virginia""","""51""","""2021""","""2021""","""No""","""2""",95332
NA,"""Virginia""","""51""","""2021""","""2021""","""Unknown or Not Stated""","""9""",22
NA,"""Washington""","""53""","""2016""","""2016""","""Yes""","""1""",343
NA,"""Washington""","""53""","""2016""","""2016""","""No""","""2""",89684
NA,"""Washington""","""53""","""2016""","""2016""","""Unknown or Not Stated""","""9""",478
NA,"""Washington""","""53""","""2017""","""2017""","""Yes""","""1""",383
NA,"""Washington""","""53""","""2017""","""2017""","""No""","""2""",86756
NA,"""Washington""","""53""","""2017""","""2017""","""Unknown or Not Stated""","""9""",423
NA,"""Washington""","""53""","""2018""","""2018""","""Yes""","""1""",375
NA,"""Washington""","""53""","""2018""","""2018""","""No""","""2""",85708
NA,"""Washington""","""53""","""2019""","""2019""","""Yes""","""1""",345
NA,"""Washington""","""53""","""2019""","""2019""","""No""","""2""",84519
NA,"""Washington""","""53""","""2019""","""2019""","""Unknown or Not Stated""","""9""",31
NA,"""Washington""","""53""","""2020""","""2020""","""Yes""","""1""",353
NA,"""Washington""","""53""","""2020""","""2020""","""No""","""2""",82202
NA,"""Washington""","""53""","""2020""","""2020""","""Unknown or Not Stated""","""9""",531
NA,"""Washington""","""53""","""2021""","""2021""","""Yes""","""1""",332
NA,"""Washington""","""53""","""2021""","""2021""","""No""","""2""",82614
NA,"""Washington""","""53""","""2021""","""2021""","""Unknown or Not Stated""","""9""",965
NA,"""West Virginia""","""54""","""2016""","""2016""","""Yes""","""1""",634
NA,"""West Virginia""","""54""","""2016""","""2016""","""No""","""2""",18170
NA,"""West Virginia""","""54""","""2016""","""2016""","""Unknown or Not Stated""","""9""",275
NA,"""West Virginia""","""54""","""2017""","""2017""","""Yes""","""1""",663
NA,"""West Virginia""","""54""","""2017""","""2017""","""No""","""2""",17727
NA,"""West Virginia""","""54""","""2017""","""2017""","""Unknown or Not Stated""","""9""",285
NA,"""West Virginia""","""54""","""2018""","""2018""","""Yes""","""1""",637
NA,"""West Virginia""","""54""","""2018""","""2018""","""No""","""2""",17344
NA,"""West Virginia""","""54""","""2018""","""2018""","""Unknown or Not Stated""","""9""",267
NA,"""West Virginia""","""54""","""2019""","""2019""","""Yes""","""1""",614
NA,"""West Virginia""","""54""","""2019""","""2019""","""No""","""2""",16936
NA,"""West Virginia""","""54""","""2019""","""2019""","""Unknown or Not Stated""","""9""",586
NA,"""West Virginia""","""54""","""2020""","""2020""","""Yes""","""1""",573
NA,"""West Virginia""","""54""","""2020""","""2020""","""No""","""2""",16307
NA,"""West Virginia""","""54""","""2020""","""2020""","""Unknown or Not Stated""","""9""",443
NA,"""West Virginia""","""54""","""2021""","""2021""","""Yes""","""1""",495
NA,"""West Virginia""","""54""","""2021""","""2021""","""No""","""2""",16425
NA,"""West Virginia""","""54""","""2021""","""2021""","""Unknown or Not Stated""","""9""",278
NA,"""Wisconsin""","""55""","""2016""","""2016""","""Yes""","""1""",173
NA,"""Wisconsin""","""55""","""2016""","""2016""","""No""","""2""",65758
NA,"""Wisconsin""","""55""","""2016""","""2016""","""Unknown or Not Stated""","""9""",684
NA,"""Wisconsin""","""55""","""2017""","""2017""","""Yes""","""1""",201
NA,"""Wisconsin""","""55""","""2017""","""2017""","""No""","""2""",63621
NA,"""Wisconsin""","""55""","""2017""","""2017""","""Unknown or Not Stated""","""9""",1153
NA,"""Wisconsin""","""55""","""2018""","""2018""","""Yes""","""1""",238
NA,"""Wisconsin""","""55""","""2018""","""2018""","""No""","""2""",62891
NA,"""Wisconsin""","""55""","""2018""","""2018""","""Unknown or Not Stated""","""9""",969
NA,"""Wisconsin""","""55""","""2019""","""2019""","""Yes""","""1""",236
NA,"""Wisconsin""","""55""","""2019""","""2019""","""No""","""2""",62231
NA,"""Wisconsin""","""55""","""2019""","""2019""","""Unknown or Not Stated""","""9""",803
NA,"""Wisconsin""","""55""","""2020""","""2020""","""Yes""","""1""",263
NA,"""Wisconsin""","""55""","""2020""","""2020""","""No""","""2""",59619
NA,"""Wisconsin""","""55""","""2020""","""2020""","""Unknown or Not Stated""","""9""",712
NA,"""Wisconsin""","""55""","""2021""","""2021""","""Yes""","""1""",228
NA,"""Wisconsin""","""55""","""2021""","""2021""","""No""","""2""",61057
NA,"""Wisconsin""","""55""","""2021""","""2021""","""Unknown or Not Stated""","""9""",496
NA,"""Wyoming""","""56""","""2016""","""2016""","""Yes""","""1""",19
NA,"""Wyoming""","""56""","""2016""","""2016""","""No""","""2""",7367
NA,"""Wyoming""","""56""","""2017""","""2017""","""Yes""","""1""",21
NA,"""Wyoming""","""56""","""2017""","""2017""","""No""","""2""",6880
NA,"""Wyoming""","""56""","""2018""","""2018""","""Yes""","""1""",24
NA,"""Wyoming""","""56""","""2018""","""2018""","""No""","""2""",6538
NA,"""Wyoming""","""56""","""2019""","""2019""","""Yes""","""1""",28
NA,"""Wyoming""","""56""","""2019""","""2019""","""No""","""2""",6537
NA,"""Wyoming""","""56""","""2020""","""2020""","""Yes""","""1""",19
NA,"""Wyoming""","""56""","""2020""","""2020""","""No""","""2""",6108
NA,"""Wyoming""","""56""","""2021""","""2021""","""Yes""","""1""",27
NA,"""Wyoming""","""56""","""2021""","""2021""","""No""","""2""",6208
