"""Notes""","""State of Residence""","""State of Residence Code""","""Year""","""Year Code""","""Hepatitis B""","""Hepatitis B Code""","Births"
NA,"""Alabama""","""01""","""2016""","""2016""","""Yes""","""1""",70
NA,"""Alabama""","""01""","""2016""","""2016""","""No""","""2""",59063
NA,"""Alabama""","""01""","""2016""","""2016""","""Unknown or Not Stated""","""9""",18
NA,"""Alabama""","""01""","""2017""","""2017""","""Yes""","""1""",99
NA,"""Alabama""","""01""","""2017""","""2017""","""No""","""2""",58827
NA,"""Alabama""","""01""","""2017""","""2017""","""Unknown or Not Stated""","""9""",15
NA,"""Alabama""","""01""","""2018""","""2018""","""Yes""","""1""",91
NA,"""Alabama""","""01""","""2018""","""2018""","""No""","""2""",57658
NA,"""Alabama""","""01""","""2018""","""2018""","""Unknown or Not Stated""","""9""",12
NA,"""Alabama""","""01""","""2019""","""2019""","""Yes""","""1""",74
NA,"""Alabama""","""01""","""2019""","""2019""","""No""","""2""",58531
NA,"""Alabama""","""01""","""2019""","""2019""","""Unknown or Not Stated""","""9""",10
NA,"""Alabama""","""01""","""2020""","""2020""","""Yes""","""1""",68
NA,"""Alabama""","""01""","""2020""","""2020""","""No""","""2""",57574
NA,"""Alabama""","""01""","""2021""","""2021""","""Yes""","""1""",90
NA,"""Alabama""","""01""","""2021""","""2021""","""No""","""2""",57956
NA,"""Alaska""","""02""","""2016""","""2016""","""Yes""","""1""",43
NA,"""Alaska""","""02""","""2016""","""2016""","""No""","""2""",11068
NA,"""Alaska""","""02""","""2016""","""2016""","""Unknown or Not Stated""","""9""",98
NA,"""Alaska""","""02""","""2017""","""2017""","""Yes""","""1""",36
NA,"""Alaska""","""02""","""2017""","""2017""","""No""","""2""",10290
NA,"""Alaska""","""02""","""2017""","""2017""","""Unknown or Not Stated""","""9""",119
NA,"""Alaska""","""02""","""2018""","""2018""","""Yes""","""1""",26
NA,"""Alaska""","""02""","""2018""","""2018""","""No""","""2""",9929
NA,"""Alaska""","""02""","""2018""","""2018""","""Unknown or Not Stated""","""9""",131
NA,"""Alaska""","""02""","""2019""","""2019""","""Yes""","""1""",26
NA,"""Alaska""","""02""","""2019""","""2019""","""No""","""2""",9687
NA,"""Alaska""","""02""","""2019""","""2019""","""Unknown or Not Stated""","""9""",109
NA,"""Alaska""","""02""","""2020""","""2020""","""Yes""","""1""",30
NA,"""Alaska""","""02""","""2020""","""2020""","""No""","""2""",9352
NA,"""Alaska""","""02""","""2020""","""2020""","""Unknown or Not Stated""","""9""",87
NA,"""Alaska""","""02""","""2021""","""2021""","""Yes""","""1""",15
NA,"""Alaska""","""02""","""2021""","""2021""","""No""","""2""",9288
NA,"""Alaska""","""02""","""2021""","""2021""","""Unknown or Not Stated""","""9""",64
NA,"""Arizona""","""04""","""2016""","""2016""","""Yes""","""1""",121
NA,"""Arizona""","""04""","""2016""","""2016""","""No""","""2""",84398
NA,"""Arizona""","""04""","""2017""","""2017""","""Yes""","""1""",118
NA,"""Arizona""","""04""","""2017""","""2017""","""No""","""2""",81748
NA,"""Arizona""","""04""","""2018""","""2018""","""Yes""","""1""",99
NA,"""Arizona""","""04""","""2018""","""2018""","""No""","""2""",80621
NA,"""Arizona""","""04""","""2019""","""2019""","""Yes""","""1""",109
NA,"""Arizona""","""04""","""2019""","""2019""","""No""","""2""",79262
NA,"""Arizona""","""04""","""2020""","""2020""","""Yes""","""1""",102
NA,"""Arizona""","""04""","""2020""","""2020""","""No""","""2""",76841
NA,"""Arizona""","""04""","""2021""","""2021""","""Yes""","""1""",107
NA,"""Arizona""","""04""","""2021""","""2021""","""No""","""2""",77803
NA,"""Arkansas""","""05""","""2016""","""2016""","""Yes""","""1""",59
NA,"""Arkansas""","""05""","""2016""","""2016""","""No""","""2""",38213
NA,"""Arkansas""","""05""","""2017""","""2017""","""Yes""","""1""",329
NA,"""Arkansas""","""05""","""2017""","""2017""","""No""","""2""",37187
NA,"""Arkansas""","""05""","""2018""","""2018""","""Yes""","""1""",70
NA,"""Arkansas""","""05""","""2018""","""2018""","""No""","""2""",36945
NA,"""Arkansas""","""05""","""2019""","""2019""","""Yes""","""1""",44
NA,"""Arkansas""","""05""","""2019""","""2019""","""No""","""2""",36518
NA,"""Arkansas""","""05""","""2020""","""2020""","""Yes""","""1""",44
NA,"""Arkansas""","""05""","""2020""","""2020""","""No""","""2""",35205
NA,"""Arkansas""","""05""","""2021""","""2021""","""Yes""","""1""",37
NA,"""Arkansas""","""05""","""2021""","""2021""","""No""","""2""",35925
NA,"""California""","""06""","""2016""","""2016""","""Yes""","""1""",1253
NA,"""California""","""06""","""2016""","""2016""","""No""","""2""",487533
NA,"""California""","""06""","""2016""","""2016""","""Unknown or Not Stated""","""9""",41
NA,"""California""","""06""","""2017""","""2017""","""Yes""","""1""",1243
NA,"""California""","""06""","""2017""","""2017""","""No""","""2""",470382
NA,"""California""","""06""","""2017""","""2017""","""Unknown or Not Stated""","""9""",33
NA,"""California""","""06""","""2018""","""2018""","""Yes""","""1""",1181
NA,"""California""","""06""","""2018""","""2018""","""No""","""2""",453684
NA,"""California""","""06""","""2018""","""2018""","""Unknown or Not Stated""","""9""",55
NA,"""California""","""06""","""2019""","""2019""","""Yes""","""1""",1338
NA,"""California""","""06""","""2019""","""2019""","""No""","""2""",444208
NA,"""California""","""06""","""2019""","""2019""","""Unknown or Not Stated""","""9""",933
NA,"""California""","""06""","""2020""","""2020""","""Yes""","""1""",1099
NA,"""California""","""06""","""2020""","""2020""","""No""","""2""",417744
NA,"""California""","""06""","""2020""","""2020""","""Unknown or Not Stated""","""9""",1416
NA,"""California""","""06""","""2021""","""2021""","""Yes""","""1""",1034
NA,"""California""","""06""","""2021""","""2021""","""No""","""2""",417753
NA,"""California""","""06""","""2021""","""2021""","""Unknown or Not Stated""","""9""",1821
NA,"""Colorado""","""08""","""2016""","""2016""","""Yes""","""1""",146
NA,"""Colorado""","""08""","""2016""","""2016""","""No""","""2""",66457
NA,"""Colorado""","""08""","""2016""","""2016""","""Unknown or Not Stated""","""9""",10
NA,"""Colorado""","""08""","""2017""","""2017""","""Yes""","""1""",134
NA,"""Colorado""","""08""","""2017""","""2017""","""No""","""2""",64237
NA,"""Colorado""","""08""","""2017""","""2017""","""Unknown or Not Stated""","""9""",11
NA,"""Colorado""","""08""","""2018""","""2018""","""Yes""","""1""",118
NA,"""Colorado""","""08""","""2018""","""2018""","""No""","""2""",62760
NA,"""Colorado""","""08""","""2019""","""2019""","""Yes""","""1""",111
NA,"""Colorado""","""08""","""2019""","""2019""","""No""","""2""",62750
NA,"""Colorado""","""08""","""2020""","""2020""","""Yes""","""1""",130
NA,"""Colorado""","""08""","""2020""","""2020""","""No""","""2""",61353
NA,"""Colorado""","""08""","""2020""","""2020""","""Unknown or Not Stated""","""9""",11
NA,"""Colorado""","""08""","""2021""","""2021""","""Yes""","""1""",80
NA,"""Colorado""","""08""","""2021""","""2021""","""No""","""2""",62864
NA,"""Connecticut""","""09""","""2016""","""2016""","""Yes""","""1""",76
NA,"""Connecticut""","""09""","""2016""","""2016""","""No""","""2""",35325
NA,"""Connecticut""","""09""","""2016""","""2016""","""Unknown or Not Stated""","""9""",614
NA,"""Connecticut""","""09""","""2017""","""2017""","""Yes""","""1""",75
NA,"""Connecticut""","""09""","""2017""","""2017""","""No""","""2""",34899
NA,"""Connecticut""","""09""","""2017""","""2017""","""Unknown or Not Stated""","""9""",247
NA,"""Connecticut""","""09""","""2018""","""2018""","""Yes""","""1""",66
NA,"""Connecticut""","""09""","""2018""","""2018""","""No""","""2""",34571
NA,"""Connecticut""","""09""","""2018""","""2018""","""Unknown or Not Stated""","""9""",88
NA,"""Connecticut""","""09""","""2019""","""2019""","""Yes""","""1""",50
NA,"""Connecticut""","""09""","""2019""","""2019""","""No""","""2""",34124
NA,"""Connecticut""","""09""","""2019""","""2019""","""Unknown or Not Stated""","""9""",84
NA,"""Connecticut""","""09""","""2020""","""2020""","""Yes""","""1""",43
NA,"""Connecticut""","""09""","""2020""","""2020""","""No""","""2""",33327
NA,"""Connecticut""","""09""","""2020""","""2020""","""Unknown or Not Stated""","""9""",90
NA,"""Connecticut""","""09""","""2021""","""2021""","""Yes""","""1""",49
NA,"""Connecticut""","""09""","""2021""","""2021""","""No""","""2""",35591
NA,"""Connecticut""","""09""","""2021""","""2021""","""Unknown or Not Stated""","""9""",30
NA,"""Delaware""","""10""","""2016""","""2016""","""Yes""","""1""",27
NA,"""Delaware""","""10""","""2016""","""2016""","""No""","""2""",10965
NA,"""Delaware""","""10""","""2017""","""2017""","""Yes""","""1""",28
NA,"""Delaware""","""10""","""2017""","""2017""","""No""","""2""",10826
NA,"""Delaware""","""10""","""2018""","""2018""","""Yes""","""1""",23
NA,"""Delaware""","""10""","""2018""","""2018""","""No""","""2""",10594
NA,"""Delaware""","""10""","""2019""","""2019""","""Yes""","""1""",24
NA,"""Delaware""","""10""","""2019""","""2019""","""No""","""2""",10492
NA,"""Delaware""","""10""","""2019""","""2019""","""Unknown or Not Stated""","""9""",46
NA,"""Delaware""","""10""","""2020""","""2020""","""Yes""","""1""",32
NA,"""Delaware""","""10""","""2020""","""2020""","""No""","""2""",10241
NA,"""Delaware""","""10""","""2020""","""2020""","""Unknown or Not Stated""","""9""",119
NA,"""Delaware""","""10""","""2021""","""2021""","""Yes""","""1""",23
NA,"""Delaware""","""10""","""2021""","""2021""","""No""","""2""",10370
NA,"""Delaware""","""10""","""2021""","""2021""","""Unknown or Not Stated""","""9""",89
NA,"""District of Columbia""","""11""","""2016""","""2016""","""Yes""","""1""",16
NA,"""District of Columbia""","""11""","""2016""","""2016""","""No""","""2""",9826
NA,"""District of Columbia""","""11""","""2016""","""2016""","""Unknown or Not Stated""","""9""",16
NA,"""District of Columbia""","""11""","""2017""","""2017""","""Yes""","""1""",22
NA,"""District of Columbia""","""11""","""2017""","""2017""","""No""","""2""",9535
NA,"""District of Columbia""","""11""","""2018""","""2018""","""Yes""","""1""",20
NA,"""District of Columbia""","""11""","""2018""","""2018""","""No""","""2""",9189
NA,"""District of Columbia""","""11""","""2019""","""2019""","""Yes""","""1""",22
NA,"""District of Columbia""","""11""","""2019""","""2019""","""No""","""2""",9051
NA,"""District of Columbia""","""11""","""2020""","""2020""","""Yes""","""1""",24
NA,"""District of Columbia""","""11""","""2020""","""2020""","""No""","""2""",8845
NA,"""District of Columbia""","""11""","""2021""","""2021""","""Yes""","""1""",14
NA,"""District of Columbia""","""11""","""2021""","""2021""","""No""","""2""",8540
NA,"""District of Columbia""","""11""","""2021""","""2021""","""Unknown or Not Stated""","""9""",106
NA,"""Florida""","""12""","""2016""","""2016""","""Yes""","""1""",364
NA,"""Florida""","""12""","""2016""","""2016""","""No""","""2""",222176
NA,"""Florida""","""12""","""2016""","""2016""","""Unknown or Not Stated""","""9""",2482
NA,"""Florida""","""12""","""2017""","""2017""","""Yes""","""1""",390
NA,"""Florida""","""12""","""2017""","""2017""","""No""","""2""",220825
NA,"""Florida""","""12""","""2017""","""2017""","""Unknown or Not Stated""","""9""",2415
NA,"""Florida""","""12""","""2018""","""2018""","""Yes""","""1""",381
NA,"""Florida""","""12""","""2018""","""2018""","""No""","""2""",218771
NA,"""Florida""","""12""","""2018""","""2018""","""Unknown or Not Stated""","""9""",2390
NA,"""Florida""","""12""","""2019""","""2019""","""Yes""","""1""",394
NA,"""Florida""","""12""","""2019""","""2019""","""No""","""2""",218538
NA,"""Florida""","""12""","""2019""","""2019""","""Unknown or Not Stated""","""9""",1070
NA,"""Florida""","""12""","""2020""","""2020""","""Yes""","""1""",395
NA,"""Florida""","""12""","""2020""","""2020""","""No""","""2""",208454
NA,"""Florida""","""12""","""2020""","""2020""","""Unknown or Not Stated""","""9""",822
NA,"""Florida""","""12""","""2021""","""2021""","""Yes""","""1""",359
NA,"""Florida""","""12""","""2021""","""2021""","""No""","""2""",214623
NA,"""Florida""","""12""","""2021""","""2021""","""Unknown or Not Stated""","""9""",1278
NA,"""Georgia""","""13""","""2016""","""2016""","""Yes""","""1""",240
NA,"""Georgia""","""13""","""2016""","""2016""","""No""","""2""",129271
NA,"""Georgia""","""13""","""2016""","""2016""","""Unknown or Not Stated""","""9""",531
NA,"""Georgia""","""13""","""2017""","""2017""","""Yes""","""1""",245
NA,"""Georgia""","""13""","""2017""","""2017""","""No""","""2""",128462
NA,"""Georgia""","""13""","""2017""","""2017""","""Unknown or Not Stated""","""9""",536
NA,"""Georgia""","""13""","""2018""","""2018""","""Yes""","""1""",198
NA,"""Georgia""","""13""","""2018""","""2018""","""No""","""2""",125471
NA,"""Georgia""","""13""","""2018""","""2018""","""Unknown or Not Stated""","""9""",503
NA,"""Georgia""","""13""","""2019""","""2019""","""Yes""","""1""",203
NA,"""Georgia""","""13""","""2019""","""2019""","""No""","""2""",125865
NA,"""Georgia""","""13""","""2019""","""2019""","""Unknown or Not Stated""","""9""",303
NA,"""Georgia""","""13""","""2020""","""2020""","""Yes""","""1""",196
NA,"""Georgia""","""13""","""2020""","""2020""","""No""","""2""",121978
NA,"""Georgia""","""13""","""2020""","""2020""","""Unknown or Not Stated""","""9""",299
NA,"""Georgia""","""13""","""2021""","""2021""","""Yes""","""1""",192
NA,"""Georgia""","""13""","""2021""","""2021""","""No""","""2""",123570
NA,"""Georgia""","""13""","""2021""","""2021""","""Unknown or Not Stated""","""9""",311
NA,"""Hawaii""","""15""","""2016""","""2016""","""Yes""","""1""",78
NA,"""Hawaii""","""15""","""2016""","""2016""","""No""","""2""",17981
NA,"""Hawaii""","""15""","""2017""","""2017""","""Yes""","""1""",94
NA,"""Hawaii""","""15""","""2017""","""2017""","""No""","""2""",17423
NA,"""Hawaii""","""15""","""2018""","""2018""","""Yes""","""1""",87
NA,"""Hawaii""","""15""","""2018""","""2018""","""No""","""2""",16885
NA,"""Hawaii""","""15""","""2019""","""2019""","""Yes""","""1""",92
NA,"""Hawaii""","""15""","""2019""","""2019""","""No""","""2""",16705
NA,"""Hawaii""","""15""","""2020""","""2020""","""Yes""","""1""",63
NA,"""Hawaii""","""15""","""2020""","""2020""","""No""","""2""",15721
NA,"""Hawaii""","""15""","""2021""","""2021""","""Yes""","""1""",52
NA,"""Hawaii""","""15""","""2021""","""2021""","""No""","""2""",15568
NA,"""Idaho""","""16""","""2016""","""2016""","""Yes""","""1""",28
NA,"""Idaho""","""16""","""2016""","""2016""","""No""","""2""",22382
NA,"""Idaho""","""16""","""2016""","""2016""","""Unknown or Not Stated""","""9""",72
NA,"""Idaho""","""16""","""2017""","""2017""","""Yes""","""1""",16
NA,"""Idaho""","""16""","""2017""","""2017""","""No""","""2""",22115
NA,"""Idaho""","""16""","""2017""","""2017""","""Unknown or Not Stated""","""9""",50
NA,"""Idaho""","""16""","""2018""","""2018""","""Yes""","""1""",22
NA,"""Idaho""","""16""","""2018""","""2018""","""No""","""2""",21342
NA,"""Idaho""","""16""","""2018""","""2018""","""Unknown or Not Stated""","""9""",39
NA,"""Idaho""","""16""","""2019""","""2019""","""Yes""","""1""",19
NA,"""Idaho""","""16""","""2019""","""2019""","""No""","""2""",21992
NA,"""Idaho""","""16""","""2019""","""2019""","""Unknown or Not Stated""","""9""",52
NA,"""Idaho""","""16""","""2020""","""2020""","""Yes""","""1""",22
NA,"""Idaho""","""16""","""2020""","""2020""","""No""","""2""",21476
NA,"""Idaho""","""16""","""2020""","""2020""","""Unknown or Not Stated""","""9""",35
NA,"""Idaho""","""16""","""2021""","""2021""","""Yes""","""1""",18
NA,"""Idaho""","""16""","""2021""","""2021""","""No""","""2""",22336
NA,"""Idaho""","""16""","""2021""","""2021""","""Unknown or Not Stated""","""9""",73
NA,"""Illinois""","""17""","""2016""","""2016""","""Yes""","""1""",221
NA,"""Illinois""","""17""","""2016""","""2016""","""No""","""2""",153901
NA,"""Illinois""","""17""","""2016""","""2016""","""Unknown or Not Stated""","""9""",323
NA,"""Illinois""","""17""","""2017""","""2017""","""Yes""","""1""",198
NA,"""Illinois""","""17""","""2017""","""2017""","""No""","""2""",148709
NA,"""Illinois""","""17""","""2017""","""2017""","""Unknown or Not Stated""","""9""",483
NA,"""Illinois""","""17""","""2018""","""2018""","""Yes""","""1""",203
NA,"""Illinois""","""17""","""2018""","""2018""","""No""","""2""",144227
NA,"""Illinois""","""17""","""2018""","""2018""","""Unknown or Not Stated""","""9""",385
NA,"""Illinois""","""17""","""2019""","""2019""","""Yes""","""1""",203
NA,"""Illinois""","""17""","""2019""","""2019""","""No""","""2""",139774
NA,"""Illinois""","""17""","""2019""","""2019""","""Unknown or Not Stated""","""9""",151
NA,"""Illinois""","""17""","""2020""","""2020""","""Yes""","""1""",165
NA,"""Illinois""","""17""","""2020""","""2020""","""No""","""2""",132910
NA,"""Illinois""","""17""","""2020""","""2020""","""Unknown or Not Stated""","""9""",223
NA,"""Illinois""","""17""","""2021""","""2021""","""Yes""","""1""",141
NA,"""Illinois""","""17""","""2021""","""2021""","""No""","""2""",131897
NA,"""Illinois""","""17""","""2021""","""2021""","""Unknown or Not Stated""","""9""",151
NA,"""Indiana""","""18""","""2016""","""2016""","""Yes""","""1""",105
NA,"""Indiana""","""18""","""2016""","""2016""","""No""","""2""",82977
NA,"""Indiana""","""18""","""2017""","""2017""","""Yes""","""1""",92
NA,"""Indiana""","""18""","""2017""","""2017""","""No""","""2""",82074
NA,"""Indiana""","""18""","""2018""","""2018""","""Yes""","""1""",128
NA,"""Indiana""","""18""","""2018""","""2018""","""No""","""2""",81516
NA,"""Indiana""","""18""","""2019""","""2019""","""Yes""","""1""",122
NA,"""Indiana""","""18""","""2019""","""2019""","""No""","""2""",80732
NA,"""Indiana""","""18""","""2020""","""2020""","""Yes""","""1""",104
NA,"""Indiana""","""18""","""2020""","""2020""","""No""","""2""",78462
NA,"""Indiana""","""18""","""2020""","""2020""","""Unknown or Not Stated""","""9""",50
NA,"""Indiana""","""18""","""2021""","""2021""","""Yes""","""1""",102
NA,"""Indiana""","""18""","""2021""","""2021""","""No""","""2""",77428
NA,"""Indiana""","""18""","""2021""","""2021""","""Unknown or Not Stated""","""9""",2416
NA,"""Iowa""","""19""","""2016""","""2016""","""Yes""","""1""",86
NA,"""Iowa""","""19""","""2016""","""2016""","""No""","""2""",39316
NA,"""Iowa""","""19""","""2017""","""2017""","""Yes""","""1""",79
NA,"""Iowa""","""19""","""2017""","""2017""","""No""","""2""",38345
NA,"""Iowa""","""19""","""2018""","""2018""","""Yes""","""1""",96
NA,"""Iowa""","""19""","""2018""","""2018""","""No""","""2""",37688
NA,"""Iowa""","""19""","""2019""","""2019""","""Yes""","""1""",110
NA,"""Iowa""","""19""","""2019""","""2019""","""No""","""2""",37535
NA,"""Iowa""","""19""","""2020""","""2020""","""Yes""","""1""",85
NA,"""Iowa""","""19""","""2020""","""2020""","""No""","""2""",36026
NA,"""Iowa""","""19""","""2021""","""2021""","""Yes""","""1""",96
NA,"""Iowa""","""19""","""2021""","""2021""","""No""","""2""",36726
NA,"""Iowa""","""19""","""2021""","""2021""","""Unknown or Not Stated""","""9""",13
NA,"""Kansas""","""20""","""2016""","""2016""","""Yes""","""1""",49
NA,"""Kansas""","""20""","""2016""","""2016""","""No""","""2""",38004
NA,"""Kansas""","""20""","""2017""","""2017""","""Yes""","""1""",43
NA,"""Kansas""","""20""","""2017""","""2017""","""No""","""2""",36475
NA,"""Kansas""","""20""","""2018""","""2018""","""Yes""","""1""",40
NA,"""Kansas""","""20""","""2018""","""2018""","""No""","""2""",36220
NA,"""Kansas""","""20""","""2019""","""2019""","""Yes""","""1""",46
NA,"""Kansas""","""20""","""2019""","""2019""","""No""","""2""",35349
NA,"""Kansas""","""20""","""2020""","""2020""","""Yes""","""1""",37
NA,"""Kansas""","""20""","""2020""","""2020""","""No""","""2""",34337
NA,"""Kansas""","""20""","""2021""","""2021""","""Yes""","""1""",44
NA,"""Kansas""","""20""","""2021""","""2021""","""No""","""2""",34658
NA,"""Kentucky""","""21""","""2016""","""2016""","""Yes""","""1""",76
NA,"""Kentucky""","""21""","""2016""","""2016""","""No""","""2""",54853
NA,"""Kentucky""","""21""","""2016""","""2016""","""Unknown or Not Stated""","""9""",520
NA,"""Kentucky""","""21""","""2017""","""2017""","""Yes""","""1""",105
NA,"""Kentucky""","""21""","""2017""","""2017""","""No""","""2""",54417
NA,"""Kentucky""","""21""","""2017""","""2017""","""Unknown or Not Stated""","""9""",230
NA,"""Kentucky""","""21""","""2018""","""2018""","""Yes""","""1""",84
NA,"""Kentucky""","""21""","""2018""","""2018""","""No""","""2""",53687
NA,"""Kentucky""","""21""","""2018""","""2018""","""Unknown or Not Stated""","""9""",151
NA,"""Kentucky""","""21""","""2019""","""2019""","""Yes""","""1""",80
NA,"""Kentucky""","""21""","""2019""","""2019""","""No""","""2""",52778
NA,"""Kentucky""","""21""","""2019""","""2019""","""Unknown or Not Stated""","""9""",211
NA,"""Kentucky""","""21""","""2020""","""2020""","""Yes""","""1""",83
NA,"""Kentucky""","""21""","""2020""","""2020""","""No""","""2""",50937
NA,"""Kentucky""","""21""","""2020""","""2020""","""Unknown or Not Stated""","""9""",648
NA,"""Kentucky""","""21""","""2021""","""2021""","""Yes""","""1""",86
NA,"""Kentucky""","""21""","""2021""","""2021""","""No""","""2""",51830
NA,"""Kentucky""","""21""","""2021""","""2021""","""Unknown or Not Stated""","""9""",298
NA,"""Louisiana""","""22""","""2016""","""2016""","""Yes""","""1""",72
NA,"""Louisiana""","""22""","""2016""","""2016""","""No""","""2""",63106
NA,"""Louisiana""","""22""","""2017""","""2017""","""Yes""","""1""",85
NA,"""Louisiana""","""22""","""2017""","""2017""","""No""","""2""",60933
NA,"""Louisiana""","""22""","""2018""","""2018""","""Yes""","""1""",79
NA,"""Louisiana""","""22""","""2018""","""2018""","""No""","""2""",59536
NA,"""Louisiana""","""22""","""2019""","""2019""","""Yes""","""1""",57
NA,"""Louisiana""","""22""","""2019""","""2019""","""No""","""2""",58882
NA,"""Louisiana""","""22""","""2020""","""2020""","""Yes""","""1""",59
NA,"""Louisiana""","""22""","""2020""","""2020""","""No""","""2""",57267
NA,"""Louisiana""","""22""","""2021""","""2021""","""Yes""","""1""",52
NA,"""Louisiana""","""22""","""2021""","""2021""","""No""","""2""",57378
NA,"""Maine""","""23""","""2016""","""2016""","""Yes""","""1""",18
NA,"""Maine""","""23""","""2016""","""2016""","""No""","""2""",12606
NA,"""Maine""","""23""","""2016""","""2016""","""Unknown or Not Stated""","""9""",81
NA,"""Maine""","""23""","""2017""","""2017""","""Yes""","""1""",27
NA,"""Maine""","""23""","""2017""","""2017""","""No""","""2""",12220
NA,"""Maine""","""23""","""2017""","""2017""","""Unknown or Not Stated""","""9""",51
NA,"""Maine""","""23""","""2018""","""2018""","""Yes""","""1""",20
NA,"""Maine""","""23""","""2018""","""2018""","""No""","""2""",12243
NA,"""Maine""","""23""","""2018""","""2018""","""Unknown or Not Stated""","""9""",48
NA,"""Maine""","""23""","""2019""","""2019""","""Yes""","""1""",19
NA,"""Maine""","""23""","""2019""","""2019""","""No""","""2""",11693
NA,"""Maine""","""23""","""2019""","""2019""","""Unknown or Not Stated""","""9""",67
NA,"""Maine""","""23""","""2020""","""2020""","""Yes""","""1""",19
NA,"""Maine""","""23""","""2020""","""2020""","""No""","""2""",11357
NA,"""Maine""","""23""","""2020""","""2020""","""Unknown or Not Stated""","""9""",163
NA,"""Maine""","""23""","""2021""","""2021""","""Yes""","""1""",30
NA,"""Maine""","""23""","""2021""","""2021""","""No""","""2""",11929
NA,"""Maine""","""23""","""2021""","""2021""","""Unknown or Not Stated""","""9""",47
NA,"""Maryland""","""24""","""2016""","""2016""","""Yes""","""1""",199
NA,"""Maryland""","""24""","""2016""","""2016""","""No""","""2""",72844
NA,"""Maryland""","""24""","""2016""","""2016""","""Unknown or Not Stated""","""9""",93
NA,"""Maryland""","""24""","""2017""","""2017""","""Yes""","""1""",203
NA,"""Maryland""","""24""","""2017""","""2017""","""No""","""2""",71396
NA,"""Maryland""","""24""","""2017""","""2017""","""Unknown or Not Stated""","""9""",42
NA,"""Maryland""","""24""","""2018""","""2018""","""Yes""","""1""",208
NA,"""Maryland""","""24""","""2018""","""2018""","""No""","""2""",70803
NA,"""Maryland""","""24""","""2018""","""2018""","""Unknown or Not Stated""","""9""",69
NA,"""Maryland""","""24""","""2019""","""2019""","""Yes""","""1""",182
NA,"""Maryland""","""24""","""2019""","""2019""","""No""","""2""",69965
NA,"""Maryland""","""24""","""2019""","""2019""","""Unknown or Not Stated""","""9""",31
NA,"""Maryland""","""24""","""2020""","""2020""","""Yes""","""1""",181
NA,"""Maryland""","""24""","""2020""","""2020""","""No""","""2""",68346
NA,"""Maryland""","""24""","""2020""","""2020""","""Unknown or Not Stated""","""9""",27
NA,"""Maryland""","""24""","""2021""","""2021""","""Yes""","""1""",143
NA,"""Maryland""","""24""","""2021""","""2021""","""No""","""2""",68123
NA,"""Maryland""","""24""","""2021""","""2021""","""Unknown or Not Stated""","""9""",19
NA,"""Massachusetts""","""25""","""2016""","""2016""","""Yes""","""1""",277
NA,"""Massachusetts""","""25""","""2016""","""2016""","""No""","""2""",70934
NA,"""Massachusetts""","""25""","""2016""","""2016""","""Unknown or Not Stated""","""9""",106
NA,"""Massachusetts""","""25""","""2017""","""2017""","""Yes""","""1""",268
NA,"""Massachusetts""","""25""","""2017""","""2017""","""No""","""2""",70358
NA,"""Massachusetts""","""25""","""2017""","""2017""","""Unknown or Not Stated""","""9""",76
NA,"""Massachusetts""","""25""","""2018""","""2018""","""Yes""","""1""",292
NA,"""Massachusetts""","""25""","""2018""","""2018""","""No""","""2""",68743
NA,"""Massachusetts""","""25""","""2018""","""2018""","""Unknown or Not Stated""","""9""",74
NA,"""Massachusetts""","""25""","""2019""","""2019""","""Yes""","""1""",242
NA,"""Massachusetts""","""25""","""2019""","""2019""","""No""","""2""",68734
NA,"""Massachusetts""","""25""","""2019""","""2019""","""Unknown or Not Stated""","""9""",141
NA,"""Massachusetts""","""25""","""2020""","""2020""","""Yes""","""1""",211
NA,"""Massachusetts""","""25""","""2020""","""2020""","""No""","""2""",65982
NA,"""Massachusetts""","""25""","""2020""","""2020""","""Unknown or Not Stated""","""9""",235
NA,"""Massachusetts""","""25""","""2021""","""2021""","""Yes""","""1""",188
NA,"""Massachusetts""","""25""","""2021""","""2021""","""No""","""2""",68268
NA,"""Massachusetts""","""25""","""2021""","""2021""","""Unknown or Not Stated""","""9""",681
NA,"""Michigan""","""26""","""2016""","""2016""","""Yes""","""1""",188
NA,"""Michigan""","""26""","""2016""","""2016""","""No""","""2""",112102
NA,"""Michigan""","""26""","""2016""","""2016""","""Unknown or Not Stated""","""9""",1025
NA,"""Michigan""","""26""","""2017""","""2017""","""Yes""","""1""",209
NA,"""Michigan""","""26""","""2017""","""2017""","""No""","""2""",109766
NA,"""Michigan""","""26""","""2017""","""2017""","""Unknown or Not Stated""","""9""",1451
NA,"""Michigan""","""26""","""2018""","""2018""","""Yes""","""1""",182
NA,"""Michigan""","""26""","""2018""","""2018""","""No""","""2""",108806
NA,"""Michigan""","""26""","""2018""","""2018""","""Unknown or Not Stated""","""9""",1044
NA,"""Michigan""","""26""","""2019""","""2019""","""Yes""","""1""",136
NA,"""Michigan""","""26""","""2019""","""2019""","""No""","""2""",106271
NA,"""Michigan""","""26""","""2019""","""2019""","""Unknown or Not Stated""","""9""",1479
NA,"""Michigan""","""26""","""2020""","""2020""","""Yes""","""1""",134
NA,"""Michigan""","""26""","""2020""","""2020""","""No""","""2""",102562
NA,"""Michigan""","""26""","""2020""","""2020""","""Unknown or Not Stated""","""9""",1378
NA,"""Michigan""","""26""","""2021""","""2021""","""Yes""","""1""",96
NA,"""Michigan""","""26""","""2021""","""2021""","""No""","""2""",103643
NA,"""Michigan""","""26""","""2021""","""2021""","""Unknown or Not Stated""","""9""",1241
NA,"""Minnesota""","""27""","""2016""","""2016""","""Yes""","""1""",375
NA,"""Minnesota""","""27""","""2016""","""2016""","""No""","""2""",69184
NA,"""Minnesota""","""27""","""2016""","""2016""","""Unknown or Not Stated""","""9""",190
NA,"""Minnesota""","""27""","""2017""","""2017""","""Yes""","""1""",367
NA,"""Minnesota""","""27""","""2017""","""2017""","""No""","""2""",67993
NA,"""Minnesota""","""27""","""2017""","""2017""","""Unknown or Not Stated""","""9""",235
NA,"""Minnesota""","""27""","""2018""","""2018""","""Yes""","""1""",344
NA,"""Minnesota""","""27""","""2018""","""2018""","""No""","""2""",66838
NA,"""Minnesota""","""27""","""2018""","""2018""","""Unknown or Not Stated""","""9""",162
NA,"""Minnesota""","""27""","""2019""","""2019""","""Yes""","""1""",329
NA,"""Minnesota""","""27""","""2019""","""2019""","""No""","""2""",65485
NA,"""Minnesota""","""27""","""2019""","""2019""","""Unknown or Not Stated""","""9""",213
NA,"""Minnesota""","""27""","""2020""","""2020""","""Yes""","""1""",331
NA,"""Minnesota""","""27""","""2020""","""2020""","""No""","""2""",62934
NA,"""Minnesota""","""27""","""2020""","""2020""","""Unknown or Not Stated""","""9""",178
NA,"""Minnesota""","""27""","""2021""","""2021""","""Yes""","""1""",273
NA,"""Minnesota""","""27""","""2021""","""2021""","""No""","""2""",63979
NA,"""Minnesota""","""27""","""2021""","""2021""","""Unknown or Not Stated""","""9""",173
NA,"""Mississippi""","""28""","""2016""","""2016""","""Yes""","""1""",43
NA,"""Mississippi""","""28""","""2016""","""2016""","""No""","""2""",37867
NA,"""Mississippi""","""28""","""2016""","""2016""","""Unknown or Not Stated""","""9""",18
NA,"""Mississippi""","""28""","""2017""","""2017""","""Yes""","""1""",39
NA,"""Mississippi""","""28""","""2017""","""2017""","""No""","""2""",37306
NA,"""Mississippi""","""28""","""2017""","""2017""","""Unknown or Not Stated""","""9""",12
NA,"""Mississippi""","""28""","""2018""","""2018""","""Yes""","""1""",41
NA,"""Mississippi""","""28""","""2018""","""2018""","""No""","""2""",36936
NA,"""Mississippi""","""28""","""2018""","""2018""","""Unknown or Not Stated""","""9""",23
NA,"""Mississippi""","""28""","""2019""","""2019""","""Yes""","""1""",46
NA,"""Mississippi""","""28""","""2019""","""2019""","""No""","""2""",36569
NA,"""Mississippi""","""28""","""2019""","""2019""","""Unknown or Not Stated""","""9""",21
NA,"""Mississippi""","""28""","""2020""","""2020""","""Yes""","""1""",29
NA,"""Mississippi""","""28""","""2020""","""2020""","""No""","""2""",35436
NA,"""Mississippi""","""28""","""2021""","""2021""","""Yes""","""1""",39
NA,"""Mississippi""","""28""","""2021""","""2021""","""No""","""2""",35107
NA,"""Mississippi""","""28""","""2021""","""2021""","""Unknown or Not Stated""","""9""",10
NA,"""Missouri""","""29""","""2016""","""2016""","""Yes""","""1""",110
NA,"""Missouri""","""29""","""2016""","""2016""","""No""","""2""",74593
NA,"""Missouri""","""29""","""2017""","""2017""","""Yes""","""1""",134
NA,"""Missouri""","""29""","""2017""","""2017""","""No""","""2""",72899
NA,"""Missouri""","""29""","""2018""","""2018""","""Yes""","""1""",110
NA,"""Missouri""","""29""","""2018""","""2018""","""No""","""2""",73158
NA,"""Missouri""","""29""","""2019""","""2019""","""Yes""","""1""",92
NA,"""Missouri""","""29""","""2019""","""2019""","""No""","""2""",72031
NA,"""Missouri""","""29""","""2020""","""2020""","""Yes""","""1""",98
NA,"""Missouri""","""29""","""2020""","""2020""","""No""","""2""",69183
NA,"""Missouri""","""29""","""2021""","""2021""","""Yes""","""1""",77
NA,"""Missouri""","""29""","""2021""","""2021""","""No""","""2""",69375
NA,"""Montana""","""30""","""2016""","""2016""","""Yes""","""1""",14
NA,"""Montana""","""30""","""2016""","""2016""","""No""","""2""",12241
NA,"""Montana""","""30""","""2016""","""2016""","""Unknown or Not Stated""","""9""",27
NA,"""Montana""","""30""","""2017""","""2017""","""Yes""","""1""",11
NA,"""Montana""","""30""","""2017""","""2017""","""No""","""2""",11769
NA,"""Montana""","""30""","""2017""","""2017""","""Unknown or Not Stated""","""9""",19
NA,"""Montana""","""30""","""2018""","""2018""","""No""","""2""",11497
NA,"""Montana""","""30""","""2018""","""2018""","""Unknown or Not Stated""","""9""",11
NA,"""Montana""","""30""","""2019""","""2019""","""Yes""","""1""",17
NA,"""Montana""","""30""","""2019""","""2019""","""No""","""2""",11057
NA,"""Montana""","""30""","""2020""","""2020""","""Yes""","""1""",12
NA,"""Montana""","""30""","""2020""","""2020""","""No""","""2""",10778
NA,"""Montana""","""30""","""2021""","""2021""","""No""","""2""",11223
NA,"""Nebraska""","""31""","""2016""","""2016""","""Yes""","""1""",64
NA,"""Nebraska""","""31""","""2016""","""2016""","""No""","""2""",26460
NA,"""Nebraska""","""31""","""2016""","""2016""","""Unknown or Not Stated""","""9""",65
NA,"""Nebraska""","""31""","""2017""","""2017""","""Yes""","""1""",61
NA,"""Nebraska""","""31""","""2017""","""2017""","""No""","""2""",25726
NA,"""Nebraska""","""31""","""2017""","""2017""","""Unknown or Not Stated""","""9""",34
NA,"""Nebraska""","""31""","""2018""","""2018""","""Yes""","""1""",43
NA,"""Nebraska""","""31""","""2018""","""2018""","""No""","""2""",25403
NA,"""Nebraska""","""31""","""2018""","""2018""","""Unknown or Not Stated""","""9""",42
NA,"""Nebraska""","""31""","""2019""","""2019""","""Yes""","""1""",50
NA,"""Nebraska""","""31""","""2019""","""2019""","""No""","""2""",24662
NA,"""Nebraska""","""31""","""2019""","""2019""","""Unknown or Not Stated""","""9""",43
NA,"""Nebraska""","""31""","""2020""","""2020""","""Yes""","""1""",51
NA,"""Nebraska""","""31""","""2020""","""2020""","""No""","""2""",24146
NA,"""Nebraska""","""31""","""2020""","""2020""","""Unknown or Not Stated""","""9""",94
NA,"""Nebraska""","""31""","""2021""","""2021""","""Yes""","""1""",40
NA,"""Nebraska""","""31""","""2021""","""2021""","""No""","""2""",24505
NA,"""Nebraska""","""31""","""2021""","""2021""","""Unknown or Not Stated""","""9""",64
NA,"""Nevada""","""32""","""2016""","""2016""","""Yes""","""1""",55
NA,"""Nevada""","""32""","""2016""","""2016""","""No""","""2""",36202
NA,"""Nevada""","""32""","""2017""","""2017""","""Yes""","""1""",72
NA,"""Nevada""","""32""","""2017""","""2017""","""No""","""2""",35682
NA,"""Nevada""","""32""","""2018""","""2018""","""Yes""","""1""",50
NA,"""Nevada""","""32""","""2018""","""2018""","""No""","""2""",35631
NA,"""Nevada""","""32""","""2019""","""2019""","""Yes""","""1""",69
NA,"""Nevada""","""32""","""2019""","""2019""","""No""","""2""",35001
NA,"""Nevada""","""32""","""2020""","""2020""","""Yes""","""1""",57
NA,"""Nevada""","""32""","""2020""","""2020""","""No""","""2""",33595
NA,"""Nevada""","""32""","""2021""","""2021""","""Yes""","""1""",45
NA,"""Nevada""","""32""","""2021""","""2021""","""No""","""2""",33638
NA,"""New Hampshire""","""33""","""2016""","""2016""","""Yes""","""1""",18
NA,"""New Hampshire""","""33""","""2016""","""2016""","""No""","""2""",12137
NA,"""New Hampshire""","""33""","""2016""","""2016""","""Unknown or Not Stated""","""9""",112
NA,"""New Hampshire""","""33""","""2017""","""2017""","""Yes""","""1""",16
NA,"""New Hampshire""","""33""","""2017""","""2017""","""No""","""2""",12075
NA,"""New Hampshire""","""33""","""2017""","""2017""","""Unknown or Not Stated""","""9""",25
NA,"""New Hampshire""","""33""","""2018""","""2018""","""Yes""","""1""",14
NA,"""New Hampshire""","""33""","""2018""","""2018""","""No""","""2""",11961
NA,"""New Hampshire""","""33""","""2018""","""2018""","""Unknown or Not Stated""","""9""",20
NA,"""New Hampshire""","""33""","""2019""","""2019""","""Yes""","""1""",18
NA,"""New Hampshire""","""33""","""2019""","""2019""","""No""","""2""",11797
NA,"""New Hampshire""","""33""","""2019""","""2019""","""Unknown or Not Stated""","""9""",24
NA,"""New Hampshire""","""33""","""2020""","""2020""","""Yes""","""1""",27
NA,"""New Hampshire""","""33""","""2020""","""2020""","""No""","""2""",11731
NA,"""New Hampshire""","""33""","""2020""","""2020""","""Unknown or Not Stated""","""9""",33
NA,"""New Hampshire""","""33""","""2021""","""2021""","""Yes""","""1""",20
NA,"""New Hampshire""","""33""","""2021""","""2021""","""No""","""2""",12572
NA,"""New Hampshire""","""33""","""2021""","""2021""","""Unknown or Not Stated""","""9""",33
NA,"""New Jersey""","""34""","""2016""","""2016""","""Yes""","""1""",652
NA,"""New Jersey""","""34""","""2016""","""2016""","""No""","""2""",101990
NA,"""New Jersey""","""34""","""2017""","""2017""","""Yes""","""1""",552
NA,"""New Jersey""","""34""","""2017""","""2017""","""No""","""2""",100695
NA,"""New Jersey""","""34""","""2018""","""2018""","""Yes""","""1""",488
NA,"""New Jersey""","""34""","""2018""","""2018""","""No""","""2""",100725
NA,"""New Jersey""","""34""","""2018""","""2018""","""Unknown or Not Stated""","""9""",10
NA,"""New Jersey""","""34""","""2019""","""2019""","""Yes""","""1""",425
NA,"""New Jersey""","""34""","""2019""","""2019""","""No""","""2""",99150
NA,"""New Jersey""","""34""","""2019""","""2019""","""Unknown or Not Stated""","""9""",10
NA,"""New Jersey""","""34""","""2020""","""2020""","""Yes""","""1""",340
NA,"""New Jersey""","""34""","""2020""","""2020""","""No""","""2""",97604
NA,"""New Jersey""","""34""","""2020""","""2020""","""Unknown or Not Stated""","""9""",10
NA,"""New Jersey""","""34""","""2021""","""2021""","""Yes""","""1""",319
NA,"""New Jersey""","""34""","""2021""","""2021""","""No""","""2""",100737
NA,"""New Jersey""","""34""","""2021""","""2021""","""Unknown or Not Stated""","""9""",441
NA,"""New Mexico""","""35""","""2016""","""2016""","""Yes""","""1""",15
NA,"""New Mexico""","""35""","""2016""","""2016""","""No""","""2""",24485
NA,"""New Mexico""","""35""","""2016""","""2016""","""Unknown or Not Stated""","""9""",192
NA,"""New Mexico""","""35""","""2017""","""2017""","""Yes""","""1""",14
NA,"""New Mexico""","""35""","""2017""","""2017""","""No""","""2""",23539
NA,"""New Mexico""","""35""","""2017""","""2017""","""Unknown or Not Stated""","""9""",214
NA,"""New Mexico""","""35""","""2018""","""2018""","""Yes""","""1""",16
NA,"""New Mexico""","""35""","""2018""","""2018""","""No""","""2""",22887
NA,"""New Mexico""","""35""","""2018""","""2018""","""Unknown or Not Stated""","""9""",136
NA,"""New Mexico""","""35""","""2019""","""2019""","""Yes""","""1""",11
NA,"""New Mexico""","""35""","""2019""","""2019""","""No""","""2""",22841
NA,"""New Mexico""","""35""","""2019""","""2019""","""Unknown or Not Stated""","""9""",108
NA,"""New Mexico""","""35""","""2020""","""2020""","""Yes""","""1""",11
NA,"""New Mexico""","""35""","""2020""","""2020""","""No""","""2""",21739
NA,"""New Mexico""","""35""","""2020""","""2020""","""Unknown or Not Stated""","""9""",153
NA,"""New Mexico""","""35""","""2021""","""2021""","""Yes""","""1""",17
NA,"""New Mexico""","""35""","""2021""","""2021""","""No""","""2""",21259
NA,"""New Mexico""","""35""","""2021""","""2021""","""Unknown or Not Stated""","""9""",115
NA,"""New York""","""36""","""2016""","""2016""","""Yes""","""1""",1369
NA,"""New York""","""36""","""2016""","""2016""","""No""","""2""",231880
NA,"""New York""","""36""","""2016""","""2016""","""Unknown or Not Stated""","""9""",1034
NA,"""New York""","""36""","""2017""","""2017""","""Yes""","""1""",1195
NA,"""New York""","""36""","""2017""","""2017""","""No""","""2""",227413
NA,"""New York""","""36""","""2017""","""2017""","""Unknown or Not Stated""","""9""",1129
NA,"""New York""","""36""","""2018""","""2018""","""Yes""","""1""",1034
NA,"""New York""","""36""","""2018""","""2018""","""No""","""2""",224034
NA,"""New York""","""36""","""2018""","""2018""","""Unknown or Not Stated""","""9""",1170
NA,"""New York""","""36""","""2019""","""2019""","""Yes""","""1""",970
NA,"""New York""","""36""","""2019""","""2019""","""No""","""2""",219281
NA,"""New York""","""36""","""2019""","""2019""","""Unknown or Not Stated""","""9""",1288
NA,"""New York""","""36""","""2020""","""2020""","""Yes""","""1""",787
NA,"""New York""","""36""","""2020""","""2020""","""No""","""2""",207363
NA,"""New York""","""36""","""2020""","""2020""","""Unknown or Not Stated""","""9""",1188
NA,"""New York""","""36""","""2021""","""2021""","""Yes""","""1""",699
NA,"""New York""","""36""","""2021""","""2021""","""No""","""2""",208644
NA,"""New York""","""36""","""2021""","""2021""","""Unknown or Not Stated""","""9""",1399
NA,"""North Carolina""","""37""","""2016""","""2016""","""Yes""","""1""",122
NA,"""North Carolina""","""37""","""2016""","""2016""","""No""","""2""",120318
NA,"""North Carolina""","""37""","""2016""","""2016""","""Unknown or Not Stated""","""9""",339
NA,"""North Carolina""","""37""","""2017""","""2017""","""Yes""","""1""",151
NA,"""North Carolina""","""37""","""2017""","""2017""","""No""","""2""",119529
NA,"""North Carolina""","""37""","""2017""","""2017""","""Unknown or Not Stated""","""9""",445
NA,"""North Carolina""","""37""","""2018""","""2018""","""Yes""","""1""",121
NA,"""North Carolina""","""37""","""2018""","""2018""","""No""","""2""",118387
NA,"""North Carolina""","""37""","""2018""","""2018""","""Unknown or Not Stated""","""9""",446
NA,"""North Carolina""","""37""","""2019""","""2019""","""Yes""","""1""",123
NA,"""North Carolina""","""37""","""2019""","""2019""","""No""","""2""",117991
NA,"""North Carolina""","""37""","""2019""","""2019""","""Unknown or Not Stated""","""9""",611
NA,"""North Carolina""","""37""","""2020""","""2020""","""Yes""","""1""",115
NA,"""North Carolina""","""37""","""2020""","""2020""","""No""","""2""",115149
NA,"""North Carolina""","""37""","""2020""","""2020""","""Unknown or Not Stated""","""9""",1466
NA,"""North Carolina""","""37""","""2021""","""2021""","""Yes""","""1""",131
NA,"""North Carolina""","""37""","""2021""","""2021""","""No""","""2""",119628
NA,"""North Carolina""","""37""","""2021""","""2021""","""Unknown or Not Stated""","""9""",707
NA,"""North Dakota""","""38""","""2016""","""2016""","""Yes""","""1""",46
NA,"""North Dakota""","""38""","""2016""","""2016""","""No""","""2""",11335
NA,"""North Dakota""","""38""","""2017""","""2017""","""Yes""","""1""",54
NA,"""North Dakota""","""38""","""2017""","""2017""","""No""","""2""",10680
NA,"""North Dakota""","""38""","""2018""","""2018""","""Yes""","""1""",46
NA,"""North Dakota""","""38""","""2018""","""2018""","""No""","""2""",10589
NA,"""North Dakota""","""38""","""2019""","""2019""","""Yes""","""1""",41
NA,"""North Dakota""","""38""","""2019""","""2019""","""No""","""2""",10413
NA,"""North Dakota""","""38""","""2020""","""2020""","""Yes""","""1""",40
NA,"""North Dakota""","""38""","""2020""","""2020""","""No""","""2""",10019
NA,"""North Dakota""","""38""","""2021""","""2021""","""Yes""","""1""",37
NA,"""North Dakota""","""38""","""2021""","""2021""","""No""","""2""",10075
NA,"""Ohio""","""39""","""2016""","""2016""","""Yes""","""1""",298
NA,"""Ohio""","""39""","""2016""","""2016""","""No""","""2""",137733
NA,"""Ohio""","""39""","""2016""","""2016""","""Unknown or Not Stated""","""9""",54
NA,"""Ohio""","""39""","""2017""","""2017""","""Yes""","""1""",308
NA,"""Ohio""","""39""","""2017""","""2017""","""No""","""2""",136481
NA,"""Ohio""","""39""","""2017""","""2017""","""Unknown or Not Stated""","""9""",43
NA,"""Ohio""","""39""","""2018""","""2018""","""Yes""","""1""",365
NA,"""Ohio""","""39""","""2018""","""2018""","""No""","""2""",134746
NA,"""Ohio""","""39""","""2018""","""2018""","""Unknown or Not Stated""","""9""",23
NA,"""Ohio""","""39""","""2019""","""2019""","""Yes""","""1""",324
NA,"""Ohio""","""39""","""2019""","""2019""","""No""","""2""",134084
NA,"""Ohio""","""39""","""2019""","""2019""","""Unknown or Not Stated""","""9""",53
NA,"""Ohio""","""39""","""2020""","""2020""","""Yes""","""1""",256
NA,"""Ohio""","""39""","""2020""","""2020""","""No""","""2""",128911
NA,"""Ohio""","""39""","""2020""","""2020""","""Unknown or Not Stated""","""9""",24
NA,"""Ohio""","""39""","""2021""","""2021""","""Yes""","""1""",233
NA,"""Ohio""","""39""","""2021""","""2021""","""No""","""2""",129464
NA,"""Ohio""","""39""","""2021""","""2021""","""Unknown or Not Stated""","""9""",94
NA,"""Oklahoma""","""40""","""2016""","""2016""","""Yes""","""1""",62
NA,"""Oklahoma""","""40""","""2016""","""2016""","""No""","""2""",52529
NA,"""Oklahoma""","""40""","""2017""","""2017""","""Yes""","""1""",59
NA,"""Oklahoma""","""40""","""2017""","""2017""","""No""","""2""",50153
NA,"""Oklahoma""","""40""","""2018""","""2018""","""Yes""","""1""",67
NA,"""Oklahoma""","""40""","""2018""","""2018""","""No""","""2""",49733
NA,"""Oklahoma""","""40""","""2019""","""2019""","""Yes""","""1""",64
NA,"""Oklahoma""","""40""","""2019""","""2019""","""No""","""2""",49073
NA,"""Oklahoma""","""40""","""2020""","""2020""","""Yes""","""1""",69
NA,"""Oklahoma""","""40""","""2020""","""2020""","""No""","""2""",47552
NA,"""Oklahoma""","""40""","""2021""","""2021""","""Yes""","""1""",82
NA,"""Oklahoma""","""40""","""2021""","""2021""","""No""","""2""",48317
NA,"""Oklahoma""","""40""","""2021""","""2021""","""Unknown or Not Stated""","""9""",11
NA,"""Oregon""","""41""","""2016""","""2016""","""Yes""","""1""",103
NA,"""Oregon""","""41""","""2016""","""2016""","""No""","""2""",45427
NA,"""Oregon""","""41""","""2017""","""2017""","""Yes""","""1""",101
NA,"""Oregon""","""41""","""2017""","""2017""","""No""","""2""",43529
NA,"""Oregon""","""41""","""2018""","""2018""","""Yes""","""1""",91
NA,"""Oregon""","""41""","""2018""","""2018""","""No""","""2""",42095
NA,"""Oregon""","""41""","""2019""","""2019""","""Yes""","""1""",70
NA,"""Oregon""","""41""","""2019""","""2019""","""No""","""2""",41785
NA,"""Oregon""","""41""","""2020""","""2020""","""Yes""","""1""",72
NA,"""Oregon""","""41""","""2020""","""2020""","""No""","""2""",39745
NA,"""Oregon""","""41""","""2021""","""2021""","""Yes""","""1""",51
NA,"""Oregon""","""41""","""2021""","""2021""","""No""","""2""",40863
NA,"""Pennsylvania""","""42""","""2016""","""2016""","""Yes""","""1""",308
NA,"""Pennsylvania""","""42""","""2016""","""2016""","""No""","""2""",139055
NA,"""Pennsylvania""","""42""","""2016""","""2016""","""Unknown or Not Stated""","""9""",46
NA,"""Pennsylvania""","""42""","""2017""","""2017""","""Yes""","""1""",280
NA,"""Pennsylvania""","""42""","""2017""","""2017""","""No""","""2""",137413
NA,"""Pennsylvania""","""42""","""2017""","""2017""","""Unknown or Not Stated""","""9""",52
NA,"""Pennsylvania""","""42""","""2018""","""2018""","""Yes""","""1""",314
NA,"""Pennsylvania""","""42""","""2018""","""2018""","""No""","""2""",135313
NA,"""Pennsylvania""","""42""","""2018""","""2018""","""Unknown or Not Stated""","""9""",46
NA,"""Pennsylvania""","""42""","""2019""","""2019""","""Yes""","""1""",307
NA,"""Pennsylvania""","""42""","""2019""","""2019""","""No""","""2""",133875
NA,"""Pennsylvania""","""42""","""2019""","""2019""","""Unknown or Not Stated""","""9""",48
NA,"""Pennsylvania""","""42""","""2020""","""2020""","""Yes""","""1""",247
NA,"""Pennsylvania""","""42""","""2020""","""2020""","""No""","""2""",130378
NA,"""Pennsylvania""","""42""","""2020""","""2020""","""Unknown or Not Stated""","""9""",68
NA,"""Pennsylvania""","""42""","""2021""","""2021""","""Yes""","""1""",236
NA,"""Pennsylvania""","""42""","""2021""","""2021""","""No""","""2""",131994
NA,"""Pennsylvania""","""42""","""2021""","""2021""","""Unknown or Not Stated""","""9""",392
NA,"""Rhode Island""","""44""","""2016""","""2016""","""Yes""","""1""",24
NA,"""Rhode Island""","""44""","""2016""","""2016""","""No""","""2""",10773
NA,"""Rhode Island""","""44""","""2017""","""2017""","""Yes""","""1""",24
NA,"""Rhode Island""","""44""","""2017""","""2017""","""No""","""2""",10614
NA,"""Rhode Island""","""44""","""2018""","""2018""","""Yes""","""1""",19
NA,"""Rhode Island""","""44""","""2018""","""2018""","""No""","""2""",10487
NA,"""Rhode Island""","""44""","""2019""","""2019""","""Yes""","""1""",22
NA,"""Rhode Island""","""44""","""2019""","""2019""","""No""","""2""",10152
NA,"""Rhode Island""","""44""","""2020""","""2020""","""Yes""","""1""",19
NA,"""Rhode Island""","""44""","""2020""","""2020""","""No""","""2""",10075
NA,"""Rhode Island""","""44""","""2021""","""2021""","""Yes""","""1""",10
NA,"""Rhode Island""","""44""","""2021""","""2021""","""No""","""2""",10451
NA,"""South Carolina""","""45""","""2016""","""2016""","""Yes""","""1""",82
NA,"""South Carolina""","""45""","""2016""","""2016""","""No""","""2""",57243
NA,"""South Carolina""","""45""","""2016""","""2016""","""Unknown or Not Stated""","""9""",17
NA,"""South Carolina""","""45""","""2017""","""2017""","""Yes""","""1""",64
NA,"""South Carolina""","""45""","""2017""","""2017""","""No""","""2""",56951
NA,"""South Carolina""","""45""","""2017""","""2017""","""Unknown or Not Stated""","""9""",14
NA,"""South Carolina""","""45""","""2018""","""2018""","""Yes""","""1""",67
NA,"""South Carolina""","""45""","""2018""","""2018""","""No""","""2""",56590
NA,"""South Carolina""","""45""","""2018""","""2018""","""Unknown or Not Stated""","""9""",12
NA,"""South Carolina""","""45""","""2019""","""2019""","""Yes""","""1""",54
NA,"""South Carolina""","""45""","""2019""","""2019""","""No""","""2""",56971
NA,"""South Carolina""","""45""","""2019""","""2019""","""Unknown or Not Stated""","""9""",13
NA,"""South Carolina""","""45""","""2020""","""2020""","""Yes""","""1""",60
NA,"""South Carolina""","""45""","""2020""","""2020""","""No""","""2""",55624
NA,"""South Carolina""","""45""","""2020""","""2020""","""Unknown or Not Stated""","""9""",20
NA,"""South Carolina""","""45""","""2021""","""2021""","""Yes""","""1""",48
NA,"""South Carolina""","""45""","""2021""","""2021""","""No""","""2""",57016
NA,"""South Carolina""","""45""","""2021""","""2021""","""Unknown or Not Stated""","""9""",121
NA,"""South Dakota""","""46""","""2016""","""2016""","""Yes""","""1""",22
NA,"""South Dakota""","""46""","""2016""","""2016""","""No""","""2""",12251
NA,"""South Dakota""","""46""","""2017""","""2017""","""Yes""","""1""",23
NA,"""South Dakota""","""46""","""2017""","""2017""","""No""","""2""",12102
NA,"""South Dakota""","""46""","""2018""","""2018""","""Yes""","""1""",23
NA,"""South Dakota""","""46""","""2018""","""2018""","""No""","""2""",11852
NA,"""South Dakota""","""46""","""2018""","""2018""","""Unknown or Not Stated""","""9""",18
NA,"""South Dakota""","""46""","""2019""","""2019""","""Yes""","""1""",17
NA,"""South Dakota""","""46""","""2019""","""2019""","""No""","""2""",11427
NA,"""South Dakota""","""46""","""2020""","""2020""","""Yes""","""1""",17
NA,"""South Dakota""","""46""","""2020""","""2020""","""No""","""2""",10936
NA,"""South Dakota""","""46""","""2021""","""2021""","""Yes""","""1""",19
NA,"""South Dakota""","""46""","""2021""","""2021""","""No""","""2""",11346
NA,"""Tennessee""","""47""","""2016""","""2016""","""Yes""","""1""",159
NA,"""Tennessee""","""47""","""2016""","""2016""","""No""","""2""",80635
NA,"""Tennessee""","""47""","""2016""","""2016""","""Unknown or Not Stated""","""9""",13
NA,"""Tennessee""","""47""","""2017""","""2017""","""Yes""","""1""",114
NA,"""Tennessee""","""47""","""2017""","""2017""","""No""","""2""",80829
NA,"""Tennessee""","""47""","""2017""","""2017""","""Unknown or Not Stated""","""9""",73
NA,"""Tennessee""","""47""","""2018""","""2018""","""Yes""","""1""",127
NA,"""Tennessee""","""47""","""2018""","""2018""","""No""","""2""",80577
NA,"""Tennessee""","""47""","""2018""","""2018""","""Unknown or Not Stated""","""9""",47
NA,"""Tennessee""","""47""","""2019""","""2019""","""Yes""","""1""",132
NA,"""Tennessee""","""47""","""2019""","""2019""","""No""","""2""",80307
NA,"""Tennessee""","""47""","""2019""","""2019""","""Unknown or Not Stated""","""9""",11
NA,"""Tennessee""","""47""","""2020""","""2020""","""Yes""","""1""",112
NA,"""Tennessee""","""47""","""2020""","""2020""","""No""","""2""",78572
NA,"""Tennessee""","""47""","""2021""","""2021""","""Yes""","""1""",152
NA,"""Tennessee""","""47""","""2021""","""2021""","""No""","""2""",81554
NA,"""Tennessee""","""47""","""2021""","""2021""","""Unknown or Not Stated""","""9""",11
NA,"""Texas""","""48""","""2016""","""2016""","""Yes""","""1""",390
NA,"""Texas""","""48""","""2016""","""2016""","""No""","""2""",397651
NA,"""Texas""","""48""","""2017""","""2017""","""Yes""","""1""",421
NA,"""Texas""","""48""","""2017""","""2017""","""No""","""2""",381625
NA,"""Texas""","""48""","""2018""","""2018""","""Yes""","""1""",386
NA,"""Texas""","""48""","""2018""","""2018""","""No""","""2""",378204
NA,"""Texas""","""48""","""2018""","""2018""","""Unknown or Not Stated""","""9""",34
NA,"""Texas""","""48""","""2019""","""2019""","""Yes""","""1""",314
NA,"""Texas""","""48""","""2019""","""2019""","""No""","""2""",376442
NA,"""Texas""","""48""","""2019""","""2019""","""Unknown or Not Stated""","""9""",843
NA,"""Texas""","""48""","""2020""","""2020""","""Yes""","""1""",247
NA,"""Texas""","""48""","""2020""","""2020""","""No""","""2""",367127
NA,"""Texas""","""48""","""2020""","""2020""","""Unknown or Not Stated""","""9""",816
NA,"""Texas""","""48""","""2021""","""2021""","""Yes""","""1""",259
NA,"""Texas""","""48""","""2021""","""2021""","""No""","""2""",372506
NA,"""Texas""","""48""","""2021""","""2021""","""Unknown or Not Stated""","""9""",829
NA,"""Utah""","""49""","""2016""","""2016""","""Yes""","""1""",68
NA,"""Utah""","""49""","""2016""","""2016""","""No""","""2""",50395
NA,"""Utah""","""49""","""2017""","""2017""","""Yes""","""1""",67
NA,"""Utah""","""49""","""2017""","""2017""","""No""","""2""",48518
NA,"""Utah""","""49""","""2018""","""2018""","""Yes""","""1""",84
NA,"""Utah""","""49""","""2018""","""2018""","""No""","""2""",47124
NA,"""Utah""","""49""","""2019""","""2019""","""Yes""","""1""",96
NA,"""Utah""","""49""","""2019""","""2019""","""No""","""2""",46729
NA,"""Utah""","""49""","""2020""","""2020""","""Yes""","""1""",55
NA,"""Utah""","""49""","""2020""","""2020""","""No""","""2""",45647
NA,"""Utah""","""49""","""2021""","""2021""","""Yes""","""1""",66
NA,"""Utah""","""49""","""2021""","""2021""","""No""","""2""",46646
NA,"""Vermont""","""50""","""2016""","""2016""","""No""","""2""",5749
NA,"""Vermont""","""50""","""2017""","""2017""","""Yes""","""1""",17
NA,"""Vermont""","""50""","""2017""","""2017""","""No""","""2""",5638
NA,"""Vermont""","""50""","""2018""","""2018""","""Yes""","""1""",10
NA,"""Vermont""","""50""","""2018""","""2018""","""No""","""2""",5421
NA,"""Vermont""","""50""","""2019""","""2019""","""Yes""","""1""",10
NA,"""Vermont""","""50""","""2019""","""2019""","""No""","""2""",5350
NA,"""Vermont""","""50""","""2020""","""2020""","""Yes""","""1""",11
NA,"""Vermont""","""50""","""2020""","""2020""","""No""","""2""",5120
NA,"""Vermont""","""50""","""2021""","""2021""","""No""","""2""",5376
NA,"""Virginia""","""51""","""2016""","""2016""","""Yes""","""1""",206
NA,"""Virginia""","""51""","""2016""","""2016""","""No""","""2""",102245
NA,"""Virginia""","""51""","""2017""","""2017""","""Yes""","""1""",194
NA,"""Virginia""","""51""","""2017""","""2017""","""No""","""2""",100188
NA,"""Virginia""","""51""","""2018""","""2018""","""Yes""","""1""",192
NA,"""Virginia""","""51""","""2018""","""2018""","""No""","""2""",99649
NA,"""Virginia""","""51""","""2019""","""2019""","""Yes""","""1""",175
NA,"""Virginia""","""51""","""2019""","""2019""","""No""","""2""",97235
NA,"""Virginia""","""51""","""2019""","""2019""","""Unknown or Not Stated""","""9""",19
NA,"""Virginia""","""51""","""2020""","""2020""","""Yes""","""1""",155
NA,"""Virginia""","""51""","""2020""","""2020""","""No""","""2""",94569
NA,"""Virginia""","""51""","""2020""","""2020""","""Unknown or Not Stated""","""9""",25
NA,"""Virginia""","""51""","""2021""","""2021""","""Yes""","""1""",153
NA,"""Virginia""","""51""","""2021""","""2021""","""No""","""2""",95650
NA,"""Virginia""","""51""","""2021""","""2021""","""Unknown or Not Stated""","""9""",22
NA,"""Washington""","""53""","""2016""","""2016""","""Yes""","""1""",340
NA,"""Washington""","""53""","""2016""","""2016""","""No""","""2""",89687
NA,"""Washington""","""53""","""2016""","""2016""","""Unknown or Not Stated""","""9""",478
NA,"""Washington""","""53""","""2017""","""2017""","""Yes""","""1""",315
NA,"""Washington""","""53""","""2017""","""2017""","""No""","""2""",86824
NA,"""Washington""","""53""","""2017""","""2017""","""Unknown or Not Stated""","""9""",423
NA,"""Washington""","""53""","""2018""","""2018""","""Yes""","""1""",265
NA,"""Washington""","""53""","""2018""","""2018""","""No""","""2""",85818
NA,"""Washington""","""53""","""2019""","""2019""","""Yes""","""1""",249
NA,"""Washington""","""53""","""2019""","""2019""","""No""","""2""",84615
NA,"""Washington""","""53""","""2019""","""2019""","""Unknown or Not Stated""","""9""",31
NA,"""Washington""","""53""","""2020""","""2020""","""Yes""","""1""",249
NA,"""Washington""","""53""","""2020""","""2020""","""No""","""2""",82306
NA,"""Washington""","""53""","""2020""","""2020""","""Unknown or Not Stated""","""9""",531
NA,"""Washington""","""53""","""2021""","""2021""","""Yes""","""1""",236
NA,"""Washington""","""53""","""2021""","""2021""","""No""","""2""",82710
NA,"""Washington""","""53""","""2021""","""2021""","""Unknown or Not Stated""","""9""",965
NA,"""West Virginia""","""54""","""2016""","""2016""","""Yes""","""1""",35
NA,"""West Virginia""","""54""","""2016""","""2016""","""No""","""2""",18769
NA,"""West Virginia""","""54""","""2016""","""2016""","""Unknown or Not Stated""","""9""",275
NA,"""West Virginia""","""54""","""2017""","""2017""","""Yes""","""1""",43
NA,"""West Virginia""","""54""","""2017""","""2017""","""No""","""2""",18347
NA,"""West Virginia""","""54""","""2017""","""2017""","""Unknown or Not Stated""","""9""",285
NA,"""West Virginia""","""54""","""2018""","""2018""","""Yes""","""1""",32
NA,"""West Virginia""","""54""","""2018""","""2018""","""No""","""2""",17949
NA,"""West Virginia""","""54""","""2018""","""2018""","""Unknown or Not Stated""","""9""",267
NA,"""West Virginia""","""54""","""2019""","""2019""","""Yes""","""1""",29
NA,"""West Virginia""","""54""","""2019""","""2019""","""No""","""2""",17521
NA,"""West Virginia""","""54""","""2019""","""2019""","""Unknown or Not Stated""","""9""",586
NA,"""West Virginia""","""54""","""2020""","""2020""","""Yes""","""1""",24
NA,"""West Virginia""","""54""","""2020""","""2020""","""No""","""2""",16856
NA,"""West Virginia""","""54""","""2020""","""2020""","""Unknown or Not Stated""","""9""",443
NA,"""West Virginia""","""54""","""2021""","""2021""","""Yes""","""1""",18
NA,"""West Virginia""","""54""","""2021""","""2021""","""No""","""2""",16902
NA,"""West Virginia""","""54""","""2021""","""2021""","""Unknown or Not Stated""","""9""",278
NA,"""Wisconsin""","""55""","""2016""","""2016""","""Yes""","""1""",134
NA,"""Wisconsin""","""55""","""2016""","""2016""","""No""","""2""",65797
NA,"""Wisconsin""","""55""","""2016""","""2016""","""Unknown or Not Stated""","""9""",684
NA,"""Wisconsin""","""55""","""2017""","""2017""","""Yes""","""1""",138
NA,"""Wisconsin""","""55""","""2017""","""2017""","""No""","""2""",63684
NA,"""Wisconsin""","""55""","""2017""","""2017""","""Unknown or Not Stated""","""9""",1153
NA,"""Wisconsin""","""55""","""2018""","""2018""","""Yes""","""1""",119
NA,"""Wisconsin""","""55""","""2018""","""2018""","""No""","""2""",63010
NA,"""Wisconsin""","""55""","""2018""","""2018""","""Unknown or Not Stated""","""9""",969
NA,"""Wisconsin""","""55""","""2019""","""2019""","""Yes""","""1""",140
NA,"""Wisconsin""","""55""","""2019""","""2019""","""No""","""2""",62327
NA,"""Wisconsin""","""55""","""2019""","""2019""","""Unknown or Not Stated""","""9""",803
NA,"""Wisconsin""","""55""","""2020""","""2020""","""Yes""","""1""",120
NA,"""Wisconsin""","""55""","""2020""","""2020""","""No""","""2""",59762
NA,"""Wisconsin""","""55""","""2020""","""2020""","""Unknown or Not Stated""","""9""",712
NA,"""Wisconsin""","""55""","""2021""","""2021""","""Yes""","""1""",128
NA,"""Wisconsin""","""55""","""2021""","""2021""","""No""","""2""",61157
NA,"""Wisconsin""","""55""","""2021""","""2021""","""Unknown or Not Stated""","""9""",496
NA,"""Wyoming""","""56""","""2016""","""2016""","""No""","""2""",7381
NA,"""Wyoming""","""56""","""2017""","""2017""","""No""","""2""",6893
NA,"""Wyoming""","""56""","""2018""","""2018""","""No""","""2""",6557
NA,"""Wyoming""","""56""","""2019""","""2019""","""No""","""2""",6562
NA,"""Wyoming""","""56""","""2020""","""2020""","""No""","""2""",6124
NA,"""Wyoming""","""56""","""2021""","""2021""","""No""","""2""",6233
