"""Notes""","""Infertility Treatment Used""","""Infertility Treatment Used Code""","""Year""","""Year Code""","""Mother's Single Race 6""","""Mother's Single Race 6 Code""","""Mother's Pre-pregnancy BMI""","""Mother's Pre-pregnancy BMI Code""","""Mother's Weight Gain Recode""","""Mother's Weight Gain Recode Code""","Births"
NA,"""Yes""","""1""","""2021""","""2021""","""American Indian or Alaska Native""","""1002-5""","""Normal 18.5-24.9""","""2""","""21 to 30 pounds""","""3""",19
NA,"""Yes""","""1""","""2021""","""2021""","""American Indian or Alaska Native""","""1002-5""","""Normal 18.5-24.9""","""2""","""31 to 40 pounds""","""4""",18
NA,"""Yes""","""1""","""2021""","""2021""","""American Indian or Alaska Native""","""1002-5""","""Normal 18.5-24.9""","""2""","""41 to 98 pounds""","""5""",19
NA,"""Yes""","""1""","""2021""","""2021""","""American Indian or Alaska Native""","""1002-5""","""Overweight 25.0-29.9""","""3""","""11 to 20 pounds""","""2""",11
NA,"""Yes""","""1""","""2021""","""2021""","""American Indian or Alaska Native""","""1002-5""","""Overweight 25.0-29.9""","""3""","""21 to 30 pounds""","""3""",16
NA,"""Yes""","""1""","""2021""","""2021""","""American Indian or Alaska Native""","""1002-5""","""Overweight 25.0-29.9""","""3""","""31 to 40 pounds""","""4""",23
NA,"""Yes""","""1""","""2021""","""2021""","""American Indian or Alaska Native""","""1002-5""","""Overweight 25.0-29.9""","""3""","""41 to 98 pounds""","""5""",15
NA,"""Yes""","""1""","""2021""","""2021""","""Asian""","""A""","""Underweight <18.5""","""1""","""11 to 20 pounds""","""2""",55
NA,"""Yes""","""1""","""2021""","""2021""","""Asian""","""A""","""Underweight <18.5""","""1""","""21 to 30 pounds""","""3""",136
NA,"""Yes""","""1""","""2021""","""2021""","""Asian""","""A""","""Underweight <18.5""","""1""","""31 to 40 pounds""","""4""",93
NA,"""Yes""","""1""","""2021""","""2021""","""Asian""","""A""","""Underweight <18.5""","""1""","""41 to 98 pounds""","""5""",45
NA,"""Yes""","""1""","""2021""","""2021""","""Asian""","""A""","""Normal 18.5-24.9""","""2""","""Less than 11 pounds""","""1""",127
NA,"""Yes""","""1""","""2021""","""2021""","""Asian""","""A""","""Normal 18.5-24.9""","""2""","""11 to 20 pounds""","""2""",854
NA,"""Yes""","""1""","""2021""","""2021""","""Asian""","""A""","""Normal 18.5-24.9""","""2""","""21 to 30 pounds""","""3""",1946
NA,"""Yes""","""1""","""2021""","""2021""","""Asian""","""A""","""Normal 18.5-24.9""","""2""","""31 to 40 pounds""","""4""",1442
NA,"""Yes""","""1""","""2021""","""2021""","""Asian""","""A""","""Normal 18.5-24.9""","""2""","""41 to 98 pounds""","""5""",753
NA,"""Yes""","""1""","""2021""","""2021""","""Asian""","""A""","""Normal 18.5-24.9""","""2""","""Unknown or Not Stated""","""9""",48
NA,"""Yes""","""1""","""2021""","""2021""","""Asian""","""A""","""Overweight 25.0-29.9""","""3""","""Less than 11 pounds""","""1""",213
NA,"""Yes""","""1""","""2021""","""2021""","""Asian""","""A""","""Overweight 25.0-29.9""","""3""","""11 to 20 pounds""","""2""",630
NA,"""Yes""","""1""","""2021""","""2021""","""Asian""","""A""","""Overweight 25.0-29.9""","""3""","""21 to 30 pounds""","""3""",790
NA,"""Yes""","""1""","""2021""","""2021""","""Asian""","""A""","""Overweight 25.0-29.9""","""3""","""31 to 40 pounds""","""4""",533
NA,"""Yes""","""1""","""2021""","""2021""","""Asian""","""A""","""Overweight 25.0-29.9""","""3""","""41 to 98 pounds""","""5""",273
NA,"""Yes""","""1""","""2021""","""2021""","""Asian""","""A""","""Overweight 25.0-29.9""","""3""","""Unknown or Not Stated""","""9""",15
NA,"""Yes""","""1""","""2021""","""2021""","""Asian""","""A""","""Obesity I 30.0-34.9""","""4""","""Less than 11 pounds""","""1""",159
NA,"""Yes""","""1""","""2021""","""2021""","""Asian""","""A""","""Obesity I 30.0-34.9""","""4""","""11 to 20 pounds""","""2""",264
NA,"""Yes""","""1""","""2021""","""2021""","""Asian""","""A""","""Obesity I 30.0-34.9""","""4""","""21 to 30 pounds""","""3""",257
NA,"""Yes""","""1""","""2021""","""2021""","""Asian""","""A""","""Obesity I 30.0-34.9""","""4""","""31 to 40 pounds""","""4""",123
NA,"""Yes""","""1""","""2021""","""2021""","""Asian""","""A""","""Obesity I 30.0-34.9""","""4""","""41 to 98 pounds""","""5""",95
NA,"""Yes""","""1""","""2021""","""2021""","""Asian""","""A""","""Obesity II 35.0-39.9""","""5""","""Less than 11 pounds""","""1""",60
NA,"""Yes""","""1""","""2021""","""2021""","""Asian""","""A""","""Obesity II 35.0-39.9""","""5""","""11 to 20 pounds""","""2""",71
NA,"""Yes""","""1""","""2021""","""2021""","""Asian""","""A""","""Obesity II 35.0-39.9""","""5""","""21 to 30 pounds""","""3""",56
NA,"""Yes""","""1""","""2021""","""2021""","""Asian""","""A""","""Obesity II 35.0-39.9""","""5""","""31 to 40 pounds""","""4""",33
NA,"""Yes""","""1""","""2021""","""2021""","""Asian""","""A""","""Obesity II 35.0-39.9""","""5""","""41 to 98 pounds""","""5""",23
NA,"""Yes""","""1""","""2021""","""2021""","""Asian""","""A""","""Extreme Obesity III > 39.9""","""6""","""Less than 11 pounds""","""1""",19
NA,"""Yes""","""1""","""2021""","""2021""","""Asian""","""A""","""Extreme Obesity III > 39.9""","""6""","""11 to 20 pounds""","""2""",13
NA,"""Yes""","""1""","""2021""","""2021""","""Asian""","""A""","""Extreme Obesity III > 39.9""","""6""","""21 to 30 pounds""","""3""",23
NA,"""Yes""","""1""","""2021""","""2021""","""Asian""","""A""","""Unknown or Not Stated""","""9""","""Unknown or Not Stated""","""9""",154
NA,"""Yes""","""1""","""2021""","""2021""","""Black or African American""","""2054-5""","""Underweight <18.5""","""1""","""21 to 30 pounds""","""3""",10
NA,"""Yes""","""1""","""2021""","""2021""","""Black or African American""","""2054-5""","""Underweight <18.5""","""1""","""31 to 40 pounds""","""4""",13
NA,"""Yes""","""1""","""2021""","""2021""","""Black or African American""","""2054-5""","""Underweight <18.5""","""1""","""41 to 98 pounds""","""5""",13
NA,"""Yes""","""1""","""2021""","""2021""","""Black or African American""","""2054-5""","""Normal 18.5-24.9""","""2""","""Less than 11 pounds""","""1""",54
NA,"""Yes""","""1""","""2021""","""2021""","""Black or African American""","""2054-5""","""Normal 18.5-24.9""","""2""","""11 to 20 pounds""","""2""",179
NA,"""Yes""","""1""","""2021""","""2021""","""Black or African American""","""2054-5""","""Normal 18.5-24.9""","""2""","""21 to 30 pounds""","""3""",365
NA,"""Yes""","""1""","""2021""","""2021""","""Black or African American""","""2054-5""","""Normal 18.5-24.9""","""2""","""31 to 40 pounds""","""4""",319
NA,"""Yes""","""1""","""2021""","""2021""","""Black or African American""","""2054-5""","""Normal 18.5-24.9""","""2""","""41 to 98 pounds""","""5""",309
NA,"""Yes""","""1""","""2021""","""2021""","""Black or African American""","""2054-5""","""Normal 18.5-24.9""","""2""","""Unknown or Not Stated""","""9""",10
NA,"""Yes""","""1""","""2021""","""2021""","""Black or African American""","""2054-5""","""Overweight 25.0-29.9""","""3""","""Less than 11 pounds""","""1""",139
NA,"""Yes""","""1""","""2021""","""2021""","""Black or African American""","""2054-5""","""Overweight 25.0-29.9""","""3""","""11 to 20 pounds""","""2""",335
NA,"""Yes""","""1""","""2021""","""2021""","""Black or African American""","""2054-5""","""Overweight 25.0-29.9""","""3""","""21 to 30 pounds""","""3""",426
NA,"""Yes""","""1""","""2021""","""2021""","""Black or African American""","""2054-5""","""Overweight 25.0-29.9""","""3""","""31 to 40 pounds""","""4""",348
NA,"""Yes""","""1""","""2021""","""2021""","""Black or African American""","""2054-5""","""Overweight 25.0-29.9""","""3""","""41 to 98 pounds""","""5""",359
NA,"""Yes""","""1""","""2021""","""2021""","""Black or African American""","""2054-5""","""Obesity I 30.0-34.9""","""4""","""Less than 11 pounds""","""1""",199
NA,"""Yes""","""1""","""2021""","""2021""","""Black or African American""","""2054-5""","""Obesity I 30.0-34.9""","""4""","""11 to 20 pounds""","""2""",303
NA,"""Yes""","""1""","""2021""","""2021""","""Black or African American""","""2054-5""","""Obesity I 30.0-34.9""","""4""","""21 to 30 pounds""","""3""",296
NA,"""Yes""","""1""","""2021""","""2021""","""Black or African American""","""2054-5""","""Obesity I 30.0-34.9""","""4""","""31 to 40 pounds""","""4""",210
NA,"""Yes""","""1""","""2021""","""2021""","""Black or African American""","""2054-5""","""Obesity I 30.0-34.9""","""4""","""41 to 98 pounds""","""5""",181
NA,"""Yes""","""1""","""2021""","""2021""","""Black or African American""","""2054-5""","""Obesity I 30.0-34.9""","""4""","""Unknown or Not Stated""","""9""",16
NA,"""Yes""","""1""","""2021""","""2021""","""Black or African American""","""2054-5""","""Obesity II 35.0-39.9""","""5""","""Less than 11 pounds""","""1""",144
NA,"""Yes""","""1""","""2021""","""2021""","""Black or African American""","""2054-5""","""Obesity II 35.0-39.9""","""5""","""11 to 20 pounds""","""2""",158
NA,"""Yes""","""1""","""2021""","""2021""","""Black or African American""","""2054-5""","""Obesity II 35.0-39.9""","""5""","""21 to 30 pounds""","""3""",149
NA,"""Yes""","""1""","""2021""","""2021""","""Black or African American""","""2054-5""","""Obesity II 35.0-39.9""","""5""","""31 to 40 pounds""","""4""",102
NA,"""Yes""","""1""","""2021""","""2021""","""Black or African American""","""2054-5""","""Obesity II 35.0-39.9""","""5""","""41 to 98 pounds""","""5""",81
NA,"""Yes""","""1""","""2021""","""2021""","""Black or African American""","""2054-5""","""Extreme Obesity III > 39.9""","""6""","""Less than 11 pounds""","""1""",125
NA,"""Yes""","""1""","""2021""","""2021""","""Black or African American""","""2054-5""","""Extreme Obesity III > 39.9""","""6""","""11 to 20 pounds""","""2""",105
NA,"""Yes""","""1""","""2021""","""2021""","""Black or African American""","""2054-5""","""Extreme Obesity III > 39.9""","""6""","""21 to 30 pounds""","""3""",61
NA,"""Yes""","""1""","""2021""","""2021""","""Black or African American""","""2054-5""","""Extreme Obesity III > 39.9""","""6""","""31 to 40 pounds""","""4""",43
NA,"""Yes""","""1""","""2021""","""2021""","""Black or African American""","""2054-5""","""Extreme Obesity III > 39.9""","""6""","""41 to 98 pounds""","""5""",40
NA,"""Yes""","""1""","""2021""","""2021""","""Black or African American""","""2054-5""","""Unknown or Not Stated""","""9""","""Unknown or Not Stated""","""9""",95
NA,"""Yes""","""1""","""2021""","""2021""","""Native Hawaiian or Other Pacific Islander""","""NHOPI""","""Normal 18.5-24.9""","""2""","""41 to 98 pounds""","""5""",11
NA,"""Yes""","""1""","""2021""","""2021""","""Native Hawaiian or Other Pacific Islander""","""NHOPI""","""Overweight 25.0-29.9""","""3""","""21 to 30 pounds""","""3""",14
NA,"""Yes""","""1""","""2021""","""2021""","""White""","""2106-3""","""Underweight <18.5""","""1""","""11 to 20 pounds""","""2""",131
NA,"""Yes""","""1""","""2021""","""2021""","""White""","""2106-3""","""Underweight <18.5""","""1""","""21 to 30 pounds""","""3""",412
NA,"""Yes""","""1""","""2021""","""2021""","""White""","""2106-3""","""Underweight <18.5""","""1""","""31 to 40 pounds""","""4""",275
NA,"""Yes""","""1""","""2021""","""2021""","""White""","""2106-3""","""Underweight <18.5""","""1""","""41 to 98 pounds""","""5""",198
NA,"""Yes""","""1""","""2021""","""2021""","""White""","""2106-3""","""Normal 18.5-24.9""","""2""","""Less than 11 pounds""","""1""",458
NA,"""Yes""","""1""","""2021""","""2021""","""White""","""2106-3""","""Normal 18.5-24.9""","""2""","""11 to 20 pounds""","""2""",2831
NA,"""Yes""","""1""","""2021""","""2021""","""White""","""2106-3""","""Normal 18.5-24.9""","""2""","""21 to 30 pounds""","""3""",8711
NA,"""Yes""","""1""","""2021""","""2021""","""White""","""2106-3""","""Normal 18.5-24.9""","""2""","""31 to 40 pounds""","""4""",8769
NA,"""Yes""","""1""","""2021""","""2021""","""White""","""2106-3""","""Normal 18.5-24.9""","""2""","""41 to 98 pounds""","""5""",6505
NA,"""Yes""","""1""","""2021""","""2021""","""White""","""2106-3""","""Normal 18.5-24.9""","""2""","""Unknown or Not Stated""","""9""",140
NA,"""Yes""","""1""","""2021""","""2021""","""White""","""2106-3""","""Overweight 25.0-29.9""","""3""","""Less than 11 pounds""","""1""",851
NA,"""Yes""","""1""","""2021""","""2021""","""White""","""2106-3""","""Overweight 25.0-29.9""","""3""","""11 to 20 pounds""","""2""",2556
NA,"""Yes""","""1""","""2021""","""2021""","""White""","""2106-3""","""Overweight 25.0-29.9""","""3""","""21 to 30 pounds""","""3""",4694
NA,"""Yes""","""1""","""2021""","""2021""","""White""","""2106-3""","""Overweight 25.0-29.9""","""3""","""31 to 40 pounds""","""4""",4310
NA,"""Yes""","""1""","""2021""","""2021""","""White""","""2106-3""","""Overweight 25.0-29.9""","""3""","""41 to 98 pounds""","""5""",4052
NA,"""Yes""","""1""","""2021""","""2021""","""White""","""2106-3""","""Overweight 25.0-29.9""","""3""","""Unknown or Not Stated""","""9""",97
NA,"""Yes""","""1""","""2021""","""2021""","""White""","""2106-3""","""Obesity I 30.0-34.9""","""4""","""Less than 11 pounds""","""1""",1226
NA,"""Yes""","""1""","""2021""","""2021""","""White""","""2106-3""","""Obesity I 30.0-34.9""","""4""","""11 to 20 pounds""","""2""",2077
NA,"""Yes""","""1""","""2021""","""2021""","""White""","""2106-3""","""Obesity I 30.0-34.9""","""4""","""21 to 30 pounds""","""3""",2562
NA,"""Yes""","""1""","""2021""","""2021""","""White""","""2106-3""","""Obesity I 30.0-34.9""","""4""","""31 to 40 pounds""","""4""",1798
NA,"""Yes""","""1""","""2021""","""2021""","""White""","""2106-3""","""Obesity I 30.0-34.9""","""4""","""41 to 98 pounds""","""5""",1607
NA,"""Yes""","""1""","""2021""","""2021""","""White""","""2106-3""","""Obesity I 30.0-34.9""","""4""","""Unknown or Not Stated""","""9""",56
NA,"""Yes""","""1""","""2021""","""2021""","""White""","""2106-3""","""Obesity II 35.0-39.9""","""5""","""Less than 11 pounds""","""1""",1103
NA,"""Yes""","""1""","""2021""","""2021""","""White""","""2106-3""","""Obesity II 35.0-39.9""","""5""","""11 to 20 pounds""","""2""",1353
NA,"""Yes""","""1""","""2021""","""2021""","""White""","""2106-3""","""Obesity II 35.0-39.9""","""5""","""21 to 30 pounds""","""3""",1302
NA,"""Yes""","""1""","""2021""","""2021""","""White""","""2106-3""","""Obesity II 35.0-39.9""","""5""","""31 to 40 pounds""","""4""",724
NA,"""Yes""","""1""","""2021""","""2021""","""White""","""2106-3""","""Obesity II 35.0-39.9""","""5""","""41 to 98 pounds""","""5""",667
NA,"""Yes""","""1""","""2021""","""2021""","""White""","""2106-3""","""Obesity II 35.0-39.9""","""5""","""Unknown or Not Stated""","""9""",56
NA,"""Yes""","""1""","""2021""","""2021""","""White""","""2106-3""","""Extreme Obesity III > 39.9""","""6""","""Less than 11 pounds""","""1""",1030
NA,"""Yes""","""1""","""2021""","""2021""","""White""","""2106-3""","""Extreme Obesity III > 39.9""","""6""","""11 to 20 pounds""","""2""",835
NA,"""Yes""","""1""","""2021""","""2021""","""White""","""2106-3""","""Extreme Obesity III > 39.9""","""6""","""21 to 30 pounds""","""3""",743
NA,"""Yes""","""1""","""2021""","""2021""","""White""","""2106-3""","""Extreme Obesity III > 39.9""","""6""","""31 to 40 pounds""","""4""",410
NA,"""Yes""","""1""","""2021""","""2021""","""White""","""2106-3""","""Extreme Obesity III > 39.9""","""6""","""41 to 98 pounds""","""5""",392
NA,"""Yes""","""1""","""2021""","""2021""","""White""","""2106-3""","""Extreme Obesity III > 39.9""","""6""","""Unknown or Not Stated""","""9""",71
NA,"""Yes""","""1""","""2021""","""2021""","""White""","""2106-3""","""Unknown or Not Stated""","""9""","""11 to 20 pounds""","""2""",12
NA,"""Yes""","""1""","""2021""","""2021""","""White""","""2106-3""","""Unknown or Not Stated""","""9""","""21 to 30 pounds""","""3""",22
NA,"""Yes""","""1""","""2021""","""2021""","""White""","""2106-3""","""Unknown or Not Stated""","""9""","""31 to 40 pounds""","""4""",27
NA,"""Yes""","""1""","""2021""","""2021""","""White""","""2106-3""","""Unknown or Not Stated""","""9""","""41 to 98 pounds""","""5""",11
NA,"""Yes""","""1""","""2021""","""2021""","""White""","""2106-3""","""Unknown or Not Stated""","""9""","""Unknown or Not Stated""","""9""",704
NA,"""Yes""","""1""","""2021""","""2021""","""More than one race""","""M""","""Underweight <18.5""","""1""","""21 to 30 pounds""","""3""",11
NA,"""Yes""","""1""","""2021""","""2021""","""More than one race""","""M""","""Normal 18.5-24.9""","""2""","""Less than 11 pounds""","""1""",11
NA,"""Yes""","""1""","""2021""","""2021""","""More than one race""","""M""","""Normal 18.5-24.9""","""2""","""11 to 20 pounds""","""2""",72
NA,"""Yes""","""1""","""2021""","""2021""","""More than one race""","""M""","""Normal 18.5-24.9""","""2""","""21 to 30 pounds""","""3""",244
NA,"""Yes""","""1""","""2021""","""2021""","""More than one race""","""M""","""Normal 18.5-24.9""","""2""","""31 to 40 pounds""","""4""",214
NA,"""Yes""","""1""","""2021""","""2021""","""More than one race""","""M""","""Normal 18.5-24.9""","""2""","""41 to 98 pounds""","""5""",199
NA,"""Yes""","""1""","""2021""","""2021""","""More than one race""","""M""","""Overweight 25.0-29.9""","""3""","""Less than 11 pounds""","""1""",33
NA,"""Yes""","""1""","""2021""","""2021""","""More than one race""","""M""","""Overweight 25.0-29.9""","""3""","""11 to 20 pounds""","""2""",69
NA,"""Yes""","""1""","""2021""","""2021""","""More than one race""","""M""","""Overweight 25.0-29.9""","""3""","""21 to 30 pounds""","""3""",131
NA,"""Yes""","""1""","""2021""","""2021""","""More than one race""","""M""","""Overweight 25.0-29.9""","""3""","""31 to 40 pounds""","""4""",109
NA,"""Yes""","""1""","""2021""","""2021""","""More than one race""","""M""","""Overweight 25.0-29.9""","""3""","""41 to 98 pounds""","""5""",120
NA,"""Yes""","""1""","""2021""","""2021""","""More than one race""","""M""","""Obesity I 30.0-34.9""","""4""","""Less than 11 pounds""","""1""",39
NA,"""Yes""","""1""","""2021""","""2021""","""More than one race""","""M""","""Obesity I 30.0-34.9""","""4""","""11 to 20 pounds""","""2""",73
NA,"""Yes""","""1""","""2021""","""2021""","""More than one race""","""M""","""Obesity I 30.0-34.9""","""4""","""21 to 30 pounds""","""3""",78
NA,"""Yes""","""1""","""2021""","""2021""","""More than one race""","""M""","""Obesity I 30.0-34.9""","""4""","""31 to 40 pounds""","""4""",43
NA,"""Yes""","""1""","""2021""","""2021""","""More than one race""","""M""","""Obesity I 30.0-34.9""","""4""","""41 to 98 pounds""","""5""",53
NA,"""Yes""","""1""","""2021""","""2021""","""More than one race""","""M""","""Obesity II 35.0-39.9""","""5""","""Less than 11 pounds""","""1""",29
NA,"""Yes""","""1""","""2021""","""2021""","""More than one race""","""M""","""Obesity II 35.0-39.9""","""5""","""11 to 20 pounds""","""2""",34
NA,"""Yes""","""1""","""2021""","""2021""","""More than one race""","""M""","""Obesity II 35.0-39.9""","""5""","""21 to 30 pounds""","""3""",35
NA,"""Yes""","""1""","""2021""","""2021""","""More than one race""","""M""","""Obesity II 35.0-39.9""","""5""","""31 to 40 pounds""","""4""",22
NA,"""Yes""","""1""","""2021""","""2021""","""More than one race""","""M""","""Obesity II 35.0-39.9""","""5""","""41 to 98 pounds""","""5""",26
NA,"""Yes""","""1""","""2021""","""2021""","""More than one race""","""M""","""Extreme Obesity III > 39.9""","""6""","""Less than 11 pounds""","""1""",34
NA,"""Yes""","""1""","""2021""","""2021""","""More than one race""","""M""","""Extreme Obesity III > 39.9""","""6""","""11 to 20 pounds""","""2""",22
NA,"""Yes""","""1""","""2021""","""2021""","""More than one race""","""M""","""Extreme Obesity III > 39.9""","""6""","""21 to 30 pounds""","""3""",22
NA,"""Yes""","""1""","""2021""","""2021""","""More than one race""","""M""","""Extreme Obesity III > 39.9""","""6""","""41 to 98 pounds""","""5""",11
NA,"""Yes""","""1""","""2021""","""2021""","""More than one race""","""M""","""Unknown or Not Stated""","""9""","""Unknown or Not Stated""","""9""",24
NA,"""No""","""2""","""2021""","""2021""","""American Indian or Alaska Native""","""1002-5""","""Underweight <18.5""","""1""","""Less than 11 pounds""","""1""",34
NA,"""No""","""2""","""2021""","""2021""","""American Indian or Alaska Native""","""1002-5""","""Underweight <18.5""","""1""","""11 to 20 pounds""","""2""",96
NA,"""No""","""2""","""2021""","""2021""","""American Indian or Alaska Native""","""1002-5""","""Underweight <18.5""","""1""","""21 to 30 pounds""","""3""",176
NA,"""No""","""2""","""2021""","""2021""","""American Indian or Alaska Native""","""1002-5""","""Underweight <18.5""","""1""","""31 to 40 pounds""","""4""",158
NA,"""No""","""2""","""2021""","""2021""","""American Indian or Alaska Native""","""1002-5""","""Underweight <18.5""","""1""","""41 to 98 pounds""","""5""",213
NA,"""No""","""2""","""2021""","""2021""","""American Indian or Alaska Native""","""1002-5""","""Underweight <18.5""","""1""","""Unknown or Not Stated""","""9""",15
NA,"""No""","""2""","""2021""","""2021""","""American Indian or Alaska Native""","""1002-5""","""Normal 18.5-24.9""","""2""","""Less than 11 pounds""","""1""",643
NA,"""No""","""2""","""2021""","""2021""","""American Indian or Alaska Native""","""1002-5""","""Normal 18.5-24.9""","""2""","""11 to 20 pounds""","""2""",1405
NA,"""No""","""2""","""2021""","""2021""","""American Indian or Alaska Native""","""1002-5""","""Normal 18.5-24.9""","""2""","""21 to 30 pounds""","""3""",2520
NA,"""No""","""2""","""2021""","""2021""","""American Indian or Alaska Native""","""1002-5""","""Normal 18.5-24.9""","""2""","""31 to 40 pounds""","""4""",2399
NA,"""No""","""2""","""2021""","""2021""","""American Indian or Alaska Native""","""1002-5""","""Normal 18.5-24.9""","""2""","""41 to 98 pounds""","""5""",2809
NA,"""No""","""2""","""2021""","""2021""","""American Indian or Alaska Native""","""1002-5""","""Normal 18.5-24.9""","""2""","""Unknown or Not Stated""","""9""",122
NA,"""No""","""2""","""2021""","""2021""","""American Indian or Alaska Native""","""1002-5""","""Overweight 25.0-29.9""","""3""","""Less than 11 pounds""","""1""",1124
NA,"""No""","""2""","""2021""","""2021""","""American Indian or Alaska Native""","""1002-5""","""Overweight 25.0-29.9""","""3""","""11 to 20 pounds""","""2""",1751
NA,"""No""","""2""","""2021""","""2021""","""American Indian or Alaska Native""","""1002-5""","""Overweight 25.0-29.9""","""3""","""21 to 30 pounds""","""3""",2295
NA,"""No""","""2""","""2021""","""2021""","""American Indian or Alaska Native""","""1002-5""","""Overweight 25.0-29.9""","""3""","""31 to 40 pounds""","""4""",1938
NA,"""No""","""2""","""2021""","""2021""","""American Indian or Alaska Native""","""1002-5""","""Overweight 25.0-29.9""","""3""","""41 to 98 pounds""","""5""",2148
NA,"""No""","""2""","""2021""","""2021""","""American Indian or Alaska Native""","""1002-5""","""Overweight 25.0-29.9""","""3""","""Unknown or Not Stated""","""9""",114
NA,"""No""","""2""","""2021""","""2021""","""American Indian or Alaska Native""","""1002-5""","""Obesity I 30.0-34.9""","""4""","""Less than 11 pounds""","""1""",1311
NA,"""No""","""2""","""2021""","""2021""","""American Indian or Alaska Native""","""1002-5""","""Obesity I 30.0-34.9""","""4""","""11 to 20 pounds""","""2""",1584
NA,"""No""","""2""","""2021""","""2021""","""American Indian or Alaska Native""","""1002-5""","""Obesity I 30.0-34.9""","""4""","""21 to 30 pounds""","""3""",1631
NA,"""No""","""2""","""2021""","""2021""","""American Indian or Alaska Native""","""1002-5""","""Obesity I 30.0-34.9""","""4""","""31 to 40 pounds""","""4""",1162
NA,"""No""","""2""","""2021""","""2021""","""American Indian or Alaska Native""","""1002-5""","""Obesity I 30.0-34.9""","""4""","""41 to 98 pounds""","""5""",1205
NA,"""No""","""2""","""2021""","""2021""","""American Indian or Alaska Native""","""1002-5""","""Obesity I 30.0-34.9""","""4""","""Unknown or Not Stated""","""9""",106
NA,"""No""","""2""","""2021""","""2021""","""American Indian or Alaska Native""","""1002-5""","""Obesity II 35.0-39.9""","""5""","""Less than 11 pounds""","""1""",1028
NA,"""No""","""2""","""2021""","""2021""","""American Indian or Alaska Native""","""1002-5""","""Obesity II 35.0-39.9""","""5""","""11 to 20 pounds""","""2""",946
NA,"""No""","""2""","""2021""","""2021""","""American Indian or Alaska Native""","""1002-5""","""Obesity II 35.0-39.9""","""5""","""21 to 30 pounds""","""3""",847
NA,"""No""","""2""","""2021""","""2021""","""American Indian or Alaska Native""","""1002-5""","""Obesity II 35.0-39.9""","""5""","""31 to 40 pounds""","""4""",523
NA,"""No""","""2""","""2021""","""2021""","""American Indian or Alaska Native""","""1002-5""","""Obesity II 35.0-39.9""","""5""","""41 to 98 pounds""","""5""",545
NA,"""No""","""2""","""2021""","""2021""","""American Indian or Alaska Native""","""1002-5""","""Obesity II 35.0-39.9""","""5""","""Unknown or Not Stated""","""9""",83
NA,"""No""","""2""","""2021""","""2021""","""American Indian or Alaska Native""","""1002-5""","""Extreme Obesity III > 39.9""","""6""","""Less than 11 pounds""","""1""",882
NA,"""No""","""2""","""2021""","""2021""","""American Indian or Alaska Native""","""1002-5""","""Extreme Obesity III > 39.9""","""6""","""11 to 20 pounds""","""2""",591
NA,"""No""","""2""","""2021""","""2021""","""American Indian or Alaska Native""","""1002-5""","""Extreme Obesity III > 39.9""","""6""","""21 to 30 pounds""","""3""",527
NA,"""No""","""2""","""2021""","""2021""","""American Indian or Alaska Native""","""1002-5""","""Extreme Obesity III > 39.9""","""6""","""31 to 40 pounds""","""4""",282
NA,"""No""","""2""","""2021""","""2021""","""American Indian or Alaska Native""","""1002-5""","""Extreme Obesity III > 39.9""","""6""","""41 to 98 pounds""","""5""",324
NA,"""No""","""2""","""2021""","""2021""","""American Indian or Alaska Native""","""1002-5""","""Extreme Obesity III > 39.9""","""6""","""Unknown or Not Stated""","""9""",72
NA,"""No""","""2""","""2021""","""2021""","""American Indian or Alaska Native""","""1002-5""","""Unknown or Not Stated""","""9""","""Less than 11 pounds""","""1""",15
NA,"""No""","""2""","""2021""","""2021""","""American Indian or Alaska Native""","""1002-5""","""Unknown or Not Stated""","""9""","""21 to 30 pounds""","""3""",23
NA,"""No""","""2""","""2021""","""2021""","""American Indian or Alaska Native""","""1002-5""","""Unknown or Not Stated""","""9""","""31 to 40 pounds""","""4""",12
NA,"""No""","""2""","""2021""","""2021""","""American Indian or Alaska Native""","""1002-5""","""Unknown or Not Stated""","""9""","""41 to 98 pounds""","""5""",13
NA,"""No""","""2""","""2021""","""2021""","""American Indian or Alaska Native""","""1002-5""","""Unknown or Not Stated""","""9""","""Unknown or Not Stated""","""9""",905
NA,"""No""","""2""","""2021""","""2021""","""Asian""","""A""","""Underweight <18.5""","""1""","""Less than 11 pounds""","""1""",197
NA,"""No""","""2""","""2021""","""2021""","""Asian""","""A""","""Underweight <18.5""","""1""","""11 to 20 pounds""","""2""",1613
NA,"""No""","""2""","""2021""","""2021""","""Asian""","""A""","""Underweight <18.5""","""1""","""21 to 30 pounds""","""3""",4144
NA,"""No""","""2""","""2021""","""2021""","""Asian""","""A""","""Underweight <18.5""","""1""","""31 to 40 pounds""","""4""",2979
NA,"""No""","""2""","""2021""","""2021""","""Asian""","""A""","""Underweight <18.5""","""1""","""41 to 98 pounds""","""5""",1427
NA,"""No""","""2""","""2021""","""2021""","""Asian""","""A""","""Underweight <18.5""","""1""","""Unknown or Not Stated""","""9""",68
NA,"""No""","""2""","""2021""","""2021""","""Asian""","""A""","""Normal 18.5-24.9""","""2""","""Less than 11 pounds""","""1""",4320
NA,"""No""","""2""","""2021""","""2021""","""Asian""","""A""","""Normal 18.5-24.9""","""2""","""11 to 20 pounds""","""2""",20385
NA,"""No""","""2""","""2021""","""2021""","""Asian""","""A""","""Normal 18.5-24.9""","""2""","""21 to 30 pounds""","""3""",43614
NA,"""No""","""2""","""2021""","""2021""","""Asian""","""A""","""Normal 18.5-24.9""","""2""","""31 to 40 pounds""","""4""",33687
NA,"""No""","""2""","""2021""","""2021""","""Asian""","""A""","""Normal 18.5-24.9""","""2""","""41 to 98 pounds""","""5""",16801
NA,"""No""","""2""","""2021""","""2021""","""Asian""","""A""","""Normal 18.5-24.9""","""2""","""Unknown or Not Stated""","""9""",853
NA,"""No""","""2""","""2021""","""2021""","""Asian""","""A""","""Overweight 25.0-29.9""","""3""","""Less than 11 pounds""","""1""",6018
NA,"""No""","""2""","""2021""","""2021""","""Asian""","""A""","""Overweight 25.0-29.9""","""3""","""11 to 20 pounds""","""2""",13649
NA,"""No""","""2""","""2021""","""2021""","""Asian""","""A""","""Overweight 25.0-29.9""","""3""","""21 to 30 pounds""","""3""",17702
NA,"""No""","""2""","""2021""","""2021""","""Asian""","""A""","""Overweight 25.0-29.9""","""3""","""31 to 40 pounds""","""4""",11080
NA,"""No""","""2""","""2021""","""2021""","""Asian""","""A""","""Overweight 25.0-29.9""","""3""","""41 to 98 pounds""","""5""",6339
NA,"""No""","""2""","""2021""","""2021""","""Asian""","""A""","""Overweight 25.0-29.9""","""3""","""Unknown or Not Stated""","""9""",430
NA,"""No""","""2""","""2021""","""2021""","""Asian""","""A""","""Obesity I 30.0-34.9""","""4""","""Less than 11 pounds""","""1""",3752
NA,"""No""","""2""","""2021""","""2021""","""Asian""","""A""","""Obesity I 30.0-34.9""","""4""","""11 to 20 pounds""","""2""",5888
NA,"""No""","""2""","""2021""","""2021""","""Asian""","""A""","""Obesity I 30.0-34.9""","""4""","""21 to 30 pounds""","""3""",5611
NA,"""No""","""2""","""2021""","""2021""","""Asian""","""A""","""Obesity I 30.0-34.9""","""4""","""31 to 40 pounds""","""4""",3027
NA,"""No""","""2""","""2021""","""2021""","""Asian""","""A""","""Obesity I 30.0-34.9""","""4""","""41 to 98 pounds""","""5""",1754
NA,"""No""","""2""","""2021""","""2021""","""Asian""","""A""","""Obesity I 30.0-34.9""","""4""","""Unknown or Not Stated""","""9""",193
NA,"""No""","""2""","""2021""","""2021""","""Asian""","""A""","""Obesity II 35.0-39.9""","""5""","""Less than 11 pounds""","""1""",1363
NA,"""No""","""2""","""2021""","""2021""","""Asian""","""A""","""Obesity II 35.0-39.9""","""5""","""11 to 20 pounds""","""2""",1584
NA,"""No""","""2""","""2021""","""2021""","""Asian""","""A""","""Obesity II 35.0-39.9""","""5""","""21 to 30 pounds""","""3""",1400
NA,"""No""","""2""","""2021""","""2021""","""Asian""","""A""","""Obesity II 35.0-39.9""","""5""","""31 to 40 pounds""","""4""",681
NA,"""No""","""2""","""2021""","""2021""","""Asian""","""A""","""Obesity II 35.0-39.9""","""5""","""41 to 98 pounds""","""5""",413
NA,"""No""","""2""","""2021""","""2021""","""Asian""","""A""","""Obesity II 35.0-39.9""","""5""","""Unknown or Not Stated""","""9""",57
NA,"""No""","""2""","""2021""","""2021""","""Asian""","""A""","""Extreme Obesity III > 39.9""","""6""","""Less than 11 pounds""","""1""",579
NA,"""No""","""2""","""2021""","""2021""","""Asian""","""A""","""Extreme Obesity III > 39.9""","""6""","""11 to 20 pounds""","""2""",543
NA,"""No""","""2""","""2021""","""2021""","""Asian""","""A""","""Extreme Obesity III > 39.9""","""6""","""21 to 30 pounds""","""3""",392
NA,"""No""","""2""","""2021""","""2021""","""Asian""","""A""","""Extreme Obesity III > 39.9""","""6""","""31 to 40 pounds""","""4""",187
NA,"""No""","""2""","""2021""","""2021""","""Asian""","""A""","""Extreme Obesity III > 39.9""","""6""","""41 to 98 pounds""","""5""",147
NA,"""No""","""2""","""2021""","""2021""","""Asian""","""A""","""Extreme Obesity III > 39.9""","""6""","""Unknown or Not Stated""","""9""",40
NA,"""No""","""2""","""2021""","""2021""","""Asian""","""A""","""Unknown or Not Stated""","""9""","""Less than 11 pounds""","""1""",47
NA,"""No""","""2""","""2021""","""2021""","""Asian""","""A""","""Unknown or Not Stated""","""9""","""11 to 20 pounds""","""2""",103
NA,"""No""","""2""","""2021""","""2021""","""Asian""","""A""","""Unknown or Not Stated""","""9""","""21 to 30 pounds""","""3""",134
NA,"""No""","""2""","""2021""","""2021""","""Asian""","""A""","""Unknown or Not Stated""","""9""","""31 to 40 pounds""","""4""",109
NA,"""No""","""2""","""2021""","""2021""","""Asian""","""A""","""Unknown or Not Stated""","""9""","""41 to 98 pounds""","""5""",52
NA,"""No""","""2""","""2021""","""2021""","""Asian""","""A""","""Unknown or Not Stated""","""9""","""Unknown or Not Stated""","""9""",4118
NA,"""No""","""2""","""2021""","""2021""","""Black or African American""","""2054-5""","""Underweight <18.5""","""1""","""Less than 11 pounds""","""1""",526
NA,"""No""","""2""","""2021""","""2021""","""Black or African American""","""2054-5""","""Underweight <18.5""","""1""","""11 to 20 pounds""","""2""",2206
NA,"""No""","""2""","""2021""","""2021""","""Black or African American""","""2054-5""","""Underweight <18.5""","""1""","""21 to 30 pounds""","""3""",4352
NA,"""No""","""2""","""2021""","""2021""","""Black or African American""","""2054-5""","""Underweight <18.5""","""1""","""31 to 40 pounds""","""4""",3851
NA,"""No""","""2""","""2021""","""2021""","""Black or African American""","""2054-5""","""Underweight <18.5""","""1""","""41 to 98 pounds""","""5""",3898
NA,"""No""","""2""","""2021""","""2021""","""Black or African American""","""2054-5""","""Underweight <18.5""","""1""","""Unknown or Not Stated""","""9""",108
NA,"""No""","""2""","""2021""","""2021""","""Black or African American""","""2054-5""","""Normal 18.5-24.9""","""2""","""Less than 11 pounds""","""1""",9789
NA,"""No""","""2""","""2021""","""2021""","""Black or African American""","""2054-5""","""Normal 18.5-24.9""","""2""","""11 to 20 pounds""","""2""",27023
NA,"""No""","""2""","""2021""","""2021""","""Black or African American""","""2054-5""","""Normal 18.5-24.9""","""2""","""21 to 30 pounds""","""3""",44703
NA,"""No""","""2""","""2021""","""2021""","""Black or African American""","""2054-5""","""Normal 18.5-24.9""","""2""","""31 to 40 pounds""","""4""",39622
NA,"""No""","""2""","""2021""","""2021""","""Black or African American""","""2054-5""","""Normal 18.5-24.9""","""2""","""41 to 98 pounds""","""5""",43181
NA,"""No""","""2""","""2021""","""2021""","""Black or African American""","""2054-5""","""Normal 18.5-24.9""","""2""","""Unknown or Not Stated""","""9""",1260
NA,"""No""","""2""","""2021""","""2021""","""Black or African American""","""2054-5""","""Overweight 25.0-29.9""","""3""","""Less than 11 pounds""","""1""",16600
NA,"""No""","""2""","""2021""","""2021""","""Black or African American""","""2054-5""","""Overweight 25.0-29.9""","""3""","""11 to 20 pounds""","""2""",30553
NA,"""No""","""2""","""2021""","""2021""","""Black or African American""","""2054-5""","""Overweight 25.0-29.9""","""3""","""21 to 30 pounds""","""3""",39158
NA,"""No""","""2""","""2021""","""2021""","""Black or African American""","""2054-5""","""Overweight 25.0-29.9""","""3""","""31 to 40 pounds""","""4""",30125
NA,"""No""","""2""","""2021""","""2021""","""Black or African American""","""2054-5""","""Overweight 25.0-29.9""","""3""","""41 to 98 pounds""","""5""",33452
NA,"""No""","""2""","""2021""","""2021""","""Black or African American""","""2054-5""","""Overweight 25.0-29.9""","""3""","""Unknown or Not Stated""","""9""",1281
NA,"""No""","""2""","""2021""","""2021""","""Black or African American""","""2054-5""","""Obesity I 30.0-34.9""","""4""","""Less than 11 pounds""","""1""",18975
NA,"""No""","""2""","""2021""","""2021""","""Black or African American""","""2054-5""","""Obesity I 30.0-34.9""","""4""","""11 to 20 pounds""","""2""",25266
NA,"""No""","""2""","""2021""","""2021""","""Black or African American""","""2054-5""","""Obesity I 30.0-34.9""","""4""","""21 to 30 pounds""","""3""",26756
NA,"""No""","""2""","""2021""","""2021""","""Black or African American""","""2054-5""","""Obesity I 30.0-34.9""","""4""","""31 to 40 pounds""","""4""",18676
NA,"""No""","""2""","""2021""","""2021""","""Black or African American""","""2054-5""","""Obesity I 30.0-34.9""","""4""","""41 to 98 pounds""","""5""",18936
NA,"""No""","""2""","""2021""","""2021""","""Black or African American""","""2054-5""","""Obesity I 30.0-34.9""","""4""","""Unknown or Not Stated""","""9""",1122
NA,"""No""","""2""","""2021""","""2021""","""Black or African American""","""2054-5""","""Obesity II 35.0-39.9""","""5""","""Less than 11 pounds""","""1""",14995
NA,"""No""","""2""","""2021""","""2021""","""Black or African American""","""2054-5""","""Obesity II 35.0-39.9""","""5""","""11 to 20 pounds""","""2""",14985
NA,"""No""","""2""","""2021""","""2021""","""Black or African American""","""2054-5""","""Obesity II 35.0-39.9""","""5""","""21 to 30 pounds""","""3""",13671
NA,"""No""","""2""","""2021""","""2021""","""Black or African American""","""2054-5""","""Obesity II 35.0-39.9""","""5""","""31 to 40 pounds""","""4""",8543
NA,"""No""","""2""","""2021""","""2021""","""Black or African American""","""2054-5""","""Obesity II 35.0-39.9""","""5""","""41 to 98 pounds""","""5""",8575
NA,"""No""","""2""","""2021""","""2021""","""Black or African American""","""2054-5""","""Obesity II 35.0-39.9""","""5""","""Unknown or Not Stated""","""9""",1034
NA,"""No""","""2""","""2021""","""2021""","""Black or African American""","""2054-5""","""Extreme Obesity III > 39.9""","""6""","""Less than 11 pounds""","""1""",16542
NA,"""No""","""2""","""2021""","""2021""","""Black or African American""","""2054-5""","""Extreme Obesity III > 39.9""","""6""","""11 to 20 pounds""","""2""",12496
NA,"""No""","""2""","""2021""","""2021""","""Black or African American""","""2054-5""","""Extreme Obesity III > 39.9""","""6""","""21 to 30 pounds""","""3""",10430
NA,"""No""","""2""","""2021""","""2021""","""Black or African American""","""2054-5""","""Extreme Obesity III > 39.9""","""6""","""31 to 40 pounds""","""4""",6045
NA,"""No""","""2""","""2021""","""2021""","""Black or African American""","""2054-5""","""Extreme Obesity III > 39.9""","""6""","""41 to 98 pounds""","""5""",6200
NA,"""No""","""2""","""2021""","""2021""","""Black or African American""","""2054-5""","""Extreme Obesity III > 39.9""","""6""","""Unknown or Not Stated""","""9""",1806
NA,"""No""","""2""","""2021""","""2021""","""Black or African American""","""2054-5""","""Unknown or Not Stated""","""9""","""Less than 11 pounds""","""1""",222
NA,"""No""","""2""","""2021""","""2021""","""Black or African American""","""2054-5""","""Unknown or Not Stated""","""9""","""11 to 20 pounds""","""2""",260
NA,"""No""","""2""","""2021""","""2021""","""Black or African American""","""2054-5""","""Unknown or Not Stated""","""9""","""21 to 30 pounds""","""3""",281
NA,"""No""","""2""","""2021""","""2021""","""Black or African American""","""2054-5""","""Unknown or Not Stated""","""9""","""31 to 40 pounds""","""4""",175
NA,"""No""","""2""","""2021""","""2021""","""Black or African American""","""2054-5""","""Unknown or Not Stated""","""9""","""41 to 98 pounds""","""5""",201
NA,"""No""","""2""","""2021""","""2021""","""Black or African American""","""2054-5""","""Unknown or Not Stated""","""9""","""Unknown or Not Stated""","""9""",13070
NA,"""No""","""2""","""2021""","""2021""","""Native Hawaiian or Other Pacific Islander""","""NHOPI""","""Underweight <18.5""","""1""","""11 to 20 pounds""","""2""",27
NA,"""No""","""2""","""2021""","""2021""","""Native Hawaiian or Other Pacific Islander""","""NHOPI""","""Underweight <18.5""","""1""","""21 to 30 pounds""","""3""",59
NA,"""No""","""2""","""2021""","""2021""","""Native Hawaiian or Other Pacific Islander""","""NHOPI""","""Underweight <18.5""","""1""","""31 to 40 pounds""","""4""",45
NA,"""No""","""2""","""2021""","""2021""","""Native Hawaiian or Other Pacific Islander""","""NHOPI""","""Underweight <18.5""","""1""","""41 to 98 pounds""","""5""",45
NA,"""No""","""2""","""2021""","""2021""","""Native Hawaiian or Other Pacific Islander""","""NHOPI""","""Normal 18.5-24.9""","""2""","""Less than 11 pounds""","""1""",271
NA,"""No""","""2""","""2021""","""2021""","""Native Hawaiian or Other Pacific Islander""","""NHOPI""","""Normal 18.5-24.9""","""2""","""11 to 20 pounds""","""2""",490
NA,"""No""","""2""","""2021""","""2021""","""Native Hawaiian or Other Pacific Islander""","""NHOPI""","""Normal 18.5-24.9""","""2""","""21 to 30 pounds""","""3""",834
NA,"""No""","""2""","""2021""","""2021""","""Native Hawaiian or Other Pacific Islander""","""NHOPI""","""Normal 18.5-24.9""","""2""","""31 to 40 pounds""","""4""",658
NA,"""No""","""2""","""2021""","""2021""","""Native Hawaiian or Other Pacific Islander""","""NHOPI""","""Normal 18.5-24.9""","""2""","""41 to 98 pounds""","""5""",706
NA,"""No""","""2""","""2021""","""2021""","""Native Hawaiian or Other Pacific Islander""","""NHOPI""","""Normal 18.5-24.9""","""2""","""Unknown or Not Stated""","""9""",45
NA,"""No""","""2""","""2021""","""2021""","""Native Hawaiian or Other Pacific Islander""","""NHOPI""","""Overweight 25.0-29.9""","""3""","""Less than 11 pounds""","""1""",526
NA,"""No""","""2""","""2021""","""2021""","""Native Hawaiian or Other Pacific Islander""","""NHOPI""","""Overweight 25.0-29.9""","""3""","""11 to 20 pounds""","""2""",658
NA,"""No""","""2""","""2021""","""2021""","""Native Hawaiian or Other Pacific Islander""","""NHOPI""","""Overweight 25.0-29.9""","""3""","""21 to 30 pounds""","""3""",811
NA,"""No""","""2""","""2021""","""2021""","""Native Hawaiian or Other Pacific Islander""","""NHOPI""","""Overweight 25.0-29.9""","""3""","""31 to 40 pounds""","""4""",627
NA,"""No""","""2""","""2021""","""2021""","""Native Hawaiian or Other Pacific Islander""","""NHOPI""","""Overweight 25.0-29.9""","""3""","""41 to 98 pounds""","""5""",751
NA,"""No""","""2""","""2021""","""2021""","""Native Hawaiian or Other Pacific Islander""","""NHOPI""","""Overweight 25.0-29.9""","""3""","""Unknown or Not Stated""","""9""",47
NA,"""No""","""2""","""2021""","""2021""","""Native Hawaiian or Other Pacific Islander""","""NHOPI""","""Obesity I 30.0-34.9""","""4""","""Less than 11 pounds""","""1""",573
NA,"""No""","""2""","""2021""","""2021""","""Native Hawaiian or Other Pacific Islander""","""NHOPI""","""Obesity I 30.0-34.9""","""4""","""11 to 20 pounds""","""2""",601
NA,"""No""","""2""","""2021""","""2021""","""Native Hawaiian or Other Pacific Islander""","""NHOPI""","""Obesity I 30.0-34.9""","""4""","""21 to 30 pounds""","""3""",602
NA,"""No""","""2""","""2021""","""2021""","""Native Hawaiian or Other Pacific Islander""","""NHOPI""","""Obesity I 30.0-34.9""","""4""","""31 to 40 pounds""","""4""",386
NA,"""No""","""2""","""2021""","""2021""","""Native Hawaiian or Other Pacific Islander""","""NHOPI""","""Obesity I 30.0-34.9""","""4""","""41 to 98 pounds""","""5""",509
NA,"""No""","""2""","""2021""","""2021""","""Native Hawaiian or Other Pacific Islander""","""NHOPI""","""Obesity I 30.0-34.9""","""4""","""Unknown or Not Stated""","""9""",42
NA,"""No""","""2""","""2021""","""2021""","""Native Hawaiian or Other Pacific Islander""","""NHOPI""","""Obesity II 35.0-39.9""","""5""","""Less than 11 pounds""","""1""",425
NA,"""No""","""2""","""2021""","""2021""","""Native Hawaiian or Other Pacific Islander""","""NHOPI""","""Obesity II 35.0-39.9""","""5""","""11 to 20 pounds""","""2""",381
NA,"""No""","""2""","""2021""","""2021""","""Native Hawaiian or Other Pacific Islander""","""NHOPI""","""Obesity II 35.0-39.9""","""5""","""21 to 30 pounds""","""3""",357
NA,"""No""","""2""","""2021""","""2021""","""Native Hawaiian or Other Pacific Islander""","""NHOPI""","""Obesity II 35.0-39.9""","""5""","""31 to 40 pounds""","""4""",234
NA,"""No""","""2""","""2021""","""2021""","""Native Hawaiian or Other Pacific Islander""","""NHOPI""","""Obesity II 35.0-39.9""","""5""","""41 to 98 pounds""","""5""",268
NA,"""No""","""2""","""2021""","""2021""","""Native Hawaiian or Other Pacific Islander""","""NHOPI""","""Obesity II 35.0-39.9""","""5""","""Unknown or Not Stated""","""9""",41
NA,"""No""","""2""","""2021""","""2021""","""Native Hawaiian or Other Pacific Islander""","""NHOPI""","""Extreme Obesity III > 39.9""","""6""","""Less than 11 pounds""","""1""",388
NA,"""No""","""2""","""2021""","""2021""","""Native Hawaiian or Other Pacific Islander""","""NHOPI""","""Extreme Obesity III > 39.9""","""6""","""11 to 20 pounds""","""2""",248
NA,"""No""","""2""","""2021""","""2021""","""Native Hawaiian or Other Pacific Islander""","""NHOPI""","""Extreme Obesity III > 39.9""","""6""","""21 to 30 pounds""","""3""",239
NA,"""No""","""2""","""2021""","""2021""","""Native Hawaiian or Other Pacific Islander""","""NHOPI""","""Extreme Obesity III > 39.9""","""6""","""31 to 40 pounds""","""4""",162
NA,"""No""","""2""","""2021""","""2021""","""Native Hawaiian or Other Pacific Islander""","""NHOPI""","""Extreme Obesity III > 39.9""","""6""","""41 to 98 pounds""","""5""",188
NA,"""No""","""2""","""2021""","""2021""","""Native Hawaiian or Other Pacific Islander""","""NHOPI""","""Extreme Obesity III > 39.9""","""6""","""Unknown or Not Stated""","""9""",24
NA,"""No""","""2""","""2021""","""2021""","""Native Hawaiian or Other Pacific Islander""","""NHOPI""","""Unknown or Not Stated""","""9""","""Less than 11 pounds""","""1""",19
NA,"""No""","""2""","""2021""","""2021""","""Native Hawaiian or Other Pacific Islander""","""NHOPI""","""Unknown or Not Stated""","""9""","""11 to 20 pounds""","""2""",12
NA,"""No""","""2""","""2021""","""2021""","""Native Hawaiian or Other Pacific Islander""","""NHOPI""","""Unknown or Not Stated""","""9""","""21 to 30 pounds""","""3""",13
NA,"""No""","""2""","""2021""","""2021""","""Native Hawaiian or Other Pacific Islander""","""NHOPI""","""Unknown or Not Stated""","""9""","""31 to 40 pounds""","""4""",10
NA,"""No""","""2""","""2021""","""2021""","""Native Hawaiian or Other Pacific Islander""","""NHOPI""","""Unknown or Not Stated""","""9""","""Unknown or Not Stated""","""9""",744
NA,"""No""","""2""","""2021""","""2021""","""White""","""2106-3""","""Underweight <18.5""","""1""","""Less than 11 pounds""","""1""",1348
NA,"""No""","""2""","""2021""","""2021""","""White""","""2106-3""","""Underweight <18.5""","""1""","""11 to 20 pounds""","""2""",7754
NA,"""No""","""2""","""2021""","""2021""","""White""","""2106-3""","""Underweight <18.5""","""1""","""21 to 30 pounds""","""3""",20114
NA,"""No""","""2""","""2021""","""2021""","""White""","""2106-3""","""Underweight <18.5""","""1""","""31 to 40 pounds""","""4""",18684
NA,"""No""","""2""","""2021""","""2021""","""White""","""2106-3""","""Underweight <18.5""","""1""","""41 to 98 pounds""","""5""",16712
NA,"""No""","""2""","""2021""","""2021""","""White""","""2106-3""","""Underweight <18.5""","""1""","""Unknown or Not Stated""","""9""",495
NA,"""No""","""2""","""2021""","""2021""","""White""","""2106-3""","""Normal 18.5-24.9""","""2""","""Less than 11 pounds""","""1""",29783
NA,"""No""","""2""","""2021""","""2021""","""White""","""2106-3""","""Normal 18.5-24.9""","""2""","""11 to 20 pounds""","""2""",127508
NA,"""No""","""2""","""2021""","""2021""","""White""","""2106-3""","""Normal 18.5-24.9""","""2""","""21 to 30 pounds""","""3""",311563
NA,"""No""","""2""","""2021""","""2021""","""White""","""2106-3""","""Normal 18.5-24.9""","""2""","""31 to 40 pounds""","""4""",305147
NA,"""No""","""2""","""2021""","""2021""","""White""","""2106-3""","""Normal 18.5-24.9""","""2""","""41 to 98 pounds""","""5""",249810
NA,"""No""","""2""","""2021""","""2021""","""White""","""2106-3""","""Normal 18.5-24.9""","""2""","""Unknown or Not Stated""","""9""",7851
NA,"""No""","""2""","""2021""","""2021""","""White""","""2106-3""","""Overweight 25.0-29.9""","""3""","""Less than 11 pounds""","""1""",53514
NA,"""No""","""2""","""2021""","""2021""","""White""","""2106-3""","""Overweight 25.0-29.9""","""3""","""11 to 20 pounds""","""2""",128711
NA,"""No""","""2""","""2021""","""2021""","""White""","""2106-3""","""Overweight 25.0-29.9""","""3""","""21 to 30 pounds""","""3""",201026
NA,"""No""","""2""","""2021""","""2021""","""White""","""2106-3""","""Overweight 25.0-29.9""","""3""","""31 to 40 pounds""","""4""",169285
NA,"""No""","""2""","""2021""","""2021""","""White""","""2106-3""","""Overweight 25.0-29.9""","""3""","""41 to 98 pounds""","""5""",160959
NA,"""No""","""2""","""2021""","""2021""","""White""","""2106-3""","""Overweight 25.0-29.9""","""3""","""Unknown or Not Stated""","""9""",5163
NA,"""No""","""2""","""2021""","""2021""","""White""","""2106-3""","""Obesity I 30.0-34.9""","""4""","""Less than 11 pounds""","""1""",61218
NA,"""No""","""2""","""2021""","""2021""","""White""","""2106-3""","""Obesity I 30.0-34.9""","""4""","""11 to 20 pounds""","""2""",96788
NA,"""No""","""2""","""2021""","""2021""","""White""","""2106-3""","""Obesity I 30.0-34.9""","""4""","""21 to 30 pounds""","""3""",111040
NA,"""No""","""2""","""2021""","""2021""","""White""","""2106-3""","""Obesity I 30.0-34.9""","""4""","""31 to 40 pounds""","""4""",77820
NA,"""No""","""2""","""2021""","""2021""","""White""","""2106-3""","""Obesity I 30.0-34.9""","""4""","""41 to 98 pounds""","""5""",71086
NA,"""No""","""2""","""2021""","""2021""","""White""","""2106-3""","""Obesity I 30.0-34.9""","""4""","""Unknown or Not Stated""","""9""",3706
NA,"""No""","""2""","""2021""","""2021""","""White""","""2106-3""","""Obesity II 35.0-39.9""","""5""","""Less than 11 pounds""","""1""",47366
NA,"""No""","""2""","""2021""","""2021""","""White""","""2106-3""","""Obesity II 35.0-39.9""","""5""","""11 to 20 pounds""","""2""",52679
NA,"""No""","""2""","""2021""","""2021""","""White""","""2106-3""","""Obesity II 35.0-39.9""","""5""","""21 to 30 pounds""","""3""",49697
NA,"""No""","""2""","""2021""","""2021""","""White""","""2106-3""","""Obesity II 35.0-39.9""","""5""","""31 to 40 pounds""","""4""",30136
NA,"""No""","""2""","""2021""","""2021""","""White""","""2106-3""","""Obesity II 35.0-39.9""","""5""","""41 to 98 pounds""","""5""",26515
NA,"""No""","""2""","""2021""","""2021""","""White""","""2106-3""","""Obesity II 35.0-39.9""","""5""","""Unknown or Not Stated""","""9""",2661
NA,"""No""","""2""","""2021""","""2021""","""White""","""2106-3""","""Extreme Obesity III > 39.9""","""6""","""Less than 11 pounds""","""1""",45341
NA,"""No""","""2""","""2021""","""2021""","""White""","""2106-3""","""Extreme Obesity III > 39.9""","""6""","""11 to 20 pounds""","""2""",35879
NA,"""No""","""2""","""2021""","""2021""","""White""","""2106-3""","""Extreme Obesity III > 39.9""","""6""","""21 to 30 pounds""","""3""",29644
NA,"""No""","""2""","""2021""","""2021""","""White""","""2106-3""","""Extreme Obesity III > 39.9""","""6""","""31 to 40 pounds""","""4""",16729
NA,"""No""","""2""","""2021""","""2021""","""White""","""2106-3""","""Extreme Obesity III > 39.9""","""6""","""41 to 98 pounds""","""5""",14681
NA,"""No""","""2""","""2021""","""2021""","""White""","""2106-3""","""Extreme Obesity III > 39.9""","""6""","""Unknown or Not Stated""","""9""",3936
NA,"""No""","""2""","""2021""","""2021""","""White""","""2106-3""","""Unknown or Not Stated""","""9""","""Less than 11 pounds""","""1""",818
NA,"""No""","""2""","""2021""","""2021""","""White""","""2106-3""","""Unknown or Not Stated""","""9""","""11 to 20 pounds""","""2""",1232
NA,"""No""","""2""","""2021""","""2021""","""White""","""2106-3""","""Unknown or Not Stated""","""9""","""21 to 30 pounds""","""3""",1645
NA,"""No""","""2""","""2021""","""2021""","""White""","""2106-3""","""Unknown or Not Stated""","""9""","""31 to 40 pounds""","""4""",1246
NA,"""No""","""2""","""2021""","""2021""","""White""","""2106-3""","""Unknown or Not Stated""","""9""","""41 to 98 pounds""","""5""",940
NA,"""No""","""2""","""2021""","""2021""","""White""","""2106-3""","""Unknown or Not Stated""","""9""","""Unknown or Not Stated""","""9""",42090
NA,"""No""","""2""","""2021""","""2021""","""More than one race""","""M""","""Underweight <18.5""","""1""","""Less than 11 pounds""","""1""",84
NA,"""No""","""2""","""2021""","""2021""","""More than one race""","""M""","""Underweight <18.5""","""1""","""11 to 20 pounds""","""2""",307
NA,"""No""","""2""","""2021""","""2021""","""More than one race""","""M""","""Underweight <18.5""","""1""","""21 to 30 pounds""","""3""",875
NA,"""No""","""2""","""2021""","""2021""","""More than one race""","""M""","""Underweight <18.5""","""1""","""31 to 40 pounds""","""4""",891
NA,"""No""","""2""","""2021""","""2021""","""More than one race""","""M""","""Underweight <18.5""","""1""","""41 to 98 pounds""","""5""",941
NA,"""No""","""2""","""2021""","""2021""","""More than one race""","""M""","""Underweight <18.5""","""1""","""Unknown or Not Stated""","""9""",32
NA,"""No""","""2""","""2021""","""2021""","""More than one race""","""M""","""Normal 18.5-24.9""","""2""","""Less than 11 pounds""","""1""",1394
NA,"""No""","""2""","""2021""","""2021""","""More than one race""","""M""","""Normal 18.5-24.9""","""2""","""11 to 20 pounds""","""2""",4107
NA,"""No""","""2""","""2021""","""2021""","""More than one race""","""M""","""Normal 18.5-24.9""","""2""","""21 to 30 pounds""","""3""",9578
NA,"""No""","""2""","""2021""","""2021""","""More than one race""","""M""","""Normal 18.5-24.9""","""2""","""31 to 40 pounds""","""4""",10190
NA,"""No""","""2""","""2021""","""2021""","""More than one race""","""M""","""Normal 18.5-24.9""","""2""","""41 to 98 pounds""","""5""",10840
NA,"""No""","""2""","""2021""","""2021""","""More than one race""","""M""","""Normal 18.5-24.9""","""2""","""Unknown or Not Stated""","""9""",380
NA,"""No""","""2""","""2021""","""2021""","""More than one race""","""M""","""Overweight 25.0-29.9""","""3""","""Less than 11 pounds""","""1""",2317
NA,"""No""","""2""","""2021""","""2021""","""More than one race""","""M""","""Overweight 25.0-29.9""","""3""","""11 to 20 pounds""","""2""",4138
NA,"""No""","""2""","""2021""","""2021""","""More than one race""","""M""","""Overweight 25.0-29.9""","""3""","""21 to 30 pounds""","""3""",6577
NA,"""No""","""2""","""2021""","""2021""","""More than one race""","""M""","""Overweight 25.0-29.9""","""3""","""31 to 40 pounds""","""4""",5892
NA,"""No""","""2""","""2021""","""2021""","""More than one race""","""M""","""Overweight 25.0-29.9""","""3""","""41 to 98 pounds""","""5""",7359
NA,"""No""","""2""","""2021""","""2021""","""More than one race""","""M""","""Overweight 25.0-29.9""","""3""","""Unknown or Not Stated""","""9""",255
NA,"""No""","""2""","""2021""","""2021""","""More than one race""","""M""","""Obesity I 30.0-34.9""","""4""","""Less than 11 pounds""","""1""",2696
NA,"""No""","""2""","""2021""","""2021""","""More than one race""","""M""","""Obesity I 30.0-34.9""","""4""","""11 to 20 pounds""","""2""",3353
NA,"""No""","""2""","""2021""","""2021""","""More than one race""","""M""","""Obesity I 30.0-34.9""","""4""","""21 to 30 pounds""","""3""",3920
NA,"""No""","""2""","""2021""","""2021""","""More than one race""","""M""","""Obesity I 30.0-34.9""","""4""","""31 to 40 pounds""","""4""",3218
NA,"""No""","""2""","""2021""","""2021""","""More than one race""","""M""","""Obesity I 30.0-34.9""","""4""","""41 to 98 pounds""","""5""",3586
NA,"""No""","""2""","""2021""","""2021""","""More than one race""","""M""","""Obesity I 30.0-34.9""","""4""","""Unknown or Not Stated""","""9""",207
NA,"""No""","""2""","""2021""","""2021""","""More than one race""","""M""","""Obesity II 35.0-39.9""","""5""","""Less than 11 pounds""","""1""",2173
NA,"""No""","""2""","""2021""","""2021""","""More than one race""","""M""","""Obesity II 35.0-39.9""","""5""","""11 to 20 pounds""","""2""",2048
NA,"""No""","""2""","""2021""","""2021""","""More than one race""","""M""","""Obesity II 35.0-39.9""","""5""","""21 to 30 pounds""","""3""",2134
NA,"""No""","""2""","""2021""","""2021""","""More than one race""","""M""","""Obesity II 35.0-39.9""","""5""","""31 to 40 pounds""","""4""",1399
NA,"""No""","""2""","""2021""","""2021""","""More than one race""","""M""","""Obesity II 35.0-39.9""","""5""","""41 to 98 pounds""","""5""",1422
NA,"""No""","""2""","""2021""","""2021""","""More than one race""","""M""","""Obesity II 35.0-39.9""","""5""","""Unknown or Not Stated""","""9""",148
NA,"""No""","""2""","""2021""","""2021""","""More than one race""","""M""","""Extreme Obesity III > 39.9""","""6""","""Less than 11 pounds""","""1""",2357
NA,"""No""","""2""","""2021""","""2021""","""More than one race""","""M""","""Extreme Obesity III > 39.9""","""6""","""11 to 20 pounds""","""2""",1694
NA,"""No""","""2""","""2021""","""2021""","""More than one race""","""M""","""Extreme Obesity III > 39.9""","""6""","""21 to 30 pounds""","""3""",1472
NA,"""No""","""2""","""2021""","""2021""","""More than one race""","""M""","""Extreme Obesity III > 39.9""","""6""","""31 to 40 pounds""","""4""",864
NA,"""No""","""2""","""2021""","""2021""","""More than one race""","""M""","""Extreme Obesity III > 39.9""","""6""","""41 to 98 pounds""","""5""",939
NA,"""No""","""2""","""2021""","""2021""","""More than one race""","""M""","""Extreme Obesity III > 39.9""","""6""","""Unknown or Not Stated""","""9""",262
NA,"""No""","""2""","""2021""","""2021""","""More than one race""","""M""","""Unknown or Not Stated""","""9""","""Less than 11 pounds""","""1""",19
NA,"""No""","""2""","""2021""","""2021""","""More than one race""","""M""","""Unknown or Not Stated""","""9""","""11 to 20 pounds""","""2""",25
NA,"""No""","""2""","""2021""","""2021""","""More than one race""","""M""","""Unknown or Not Stated""","""9""","""21 to 30 pounds""","""3""",36
NA,"""No""","""2""","""2021""","""2021""","""More than one race""","""M""","""Unknown or Not Stated""","""9""","""31 to 40 pounds""","""4""",21
NA,"""No""","""2""","""2021""","""2021""","""More than one race""","""M""","""Unknown or Not Stated""","""9""","""41 to 98 pounds""","""5""",33
NA,"""No""","""2""","""2021""","""2021""","""More than one race""","""M""","""Unknown or Not Stated""","""9""","""Unknown or Not Stated""","""9""",2016
NA,"""Unknown or Not Stated""","""9""","""2021""","""2021""","""American Indian or Alaska Native""","""1002-5""","""Unknown or Not Stated""","""9""","""Unknown or Not Stated""","""9""",13
NA,"""Unknown or Not Stated""","""9""","""2021""","""2021""","""Asian""","""A""","""Normal 18.5-24.9""","""2""","""21 to 30 pounds""","""3""",21
NA,"""Unknown or Not Stated""","""9""","""2021""","""2021""","""Asian""","""A""","""Normal 18.5-24.9""","""2""","""31 to 40 pounds""","""4""",18
NA,"""Unknown or Not Stated""","""9""","""2021""","""2021""","""Asian""","""A""","""Normal 18.5-24.9""","""2""","""41 to 98 pounds""","""5""",11
NA,"""Unknown or Not Stated""","""9""","""2021""","""2021""","""Asian""","""A""","""Normal 18.5-24.9""","""2""","""Unknown or Not Stated""","""9""",38
NA,"""Unknown or Not Stated""","""9""","""2021""","""2021""","""Asian""","""A""","""Overweight 25.0-29.9""","""3""","""21 to 30 pounds""","""3""",14
NA,"""Unknown or Not Stated""","""9""","""2021""","""2021""","""Asian""","""A""","""Overweight 25.0-29.9""","""3""","""Unknown or Not Stated""","""9""",17
NA,"""Unknown or Not Stated""","""9""","""2021""","""2021""","""Asian""","""A""","""Unknown or Not Stated""","""9""","""Unknown or Not Stated""","""9""",85
NA,"""Unknown or Not Stated""","""9""","""2021""","""2021""","""Black or African American""","""2054-5""","""Normal 18.5-24.9""","""2""","""Less than 11 pounds""","""1""",28
NA,"""Unknown or Not Stated""","""9""","""2021""","""2021""","""Black or African American""","""2054-5""","""Normal 18.5-24.9""","""2""","""11 to 20 pounds""","""2""",30
NA,"""Unknown or Not Stated""","""9""","""2021""","""2021""","""Black or African American""","""2054-5""","""Normal 18.5-24.9""","""2""","""21 to 30 pounds""","""3""",43
NA,"""Unknown or Not Stated""","""9""","""2021""","""2021""","""Black or African American""","""2054-5""","""Normal 18.5-24.9""","""2""","""31 to 40 pounds""","""4""",40
NA,"""Unknown or Not Stated""","""9""","""2021""","""2021""","""Black or African American""","""2054-5""","""Normal 18.5-24.9""","""2""","""41 to 98 pounds""","""5""",32
NA,"""Unknown or Not Stated""","""9""","""2021""","""2021""","""Black or African American""","""2054-5""","""Normal 18.5-24.9""","""2""","""Unknown or Not Stated""","""9""",28
NA,"""Unknown or Not Stated""","""9""","""2021""","""2021""","""Black or African American""","""2054-5""","""Overweight 25.0-29.9""","""3""","""Less than 11 pounds""","""1""",28
NA,"""Unknown or Not Stated""","""9""","""2021""","""2021""","""Black or African American""","""2054-5""","""Overweight 25.0-29.9""","""3""","""11 to 20 pounds""","""2""",34
NA,"""Unknown or Not Stated""","""9""","""2021""","""2021""","""Black or African American""","""2054-5""","""Overweight 25.0-29.9""","""3""","""21 to 30 pounds""","""3""",36
NA,"""Unknown or Not Stated""","""9""","""2021""","""2021""","""Black or African American""","""2054-5""","""Overweight 25.0-29.9""","""3""","""31 to 40 pounds""","""4""",27
NA,"""Unknown or Not Stated""","""9""","""2021""","""2021""","""Black or African American""","""2054-5""","""Overweight 25.0-29.9""","""3""","""41 to 98 pounds""","""5""",21
NA,"""Unknown or Not Stated""","""9""","""2021""","""2021""","""Black or African American""","""2054-5""","""Overweight 25.0-29.9""","""3""","""Unknown or Not Stated""","""9""",22
NA,"""Unknown or Not Stated""","""9""","""2021""","""2021""","""Black or African American""","""2054-5""","""Obesity I 30.0-34.9""","""4""","""Less than 11 pounds""","""1""",18
NA,"""Unknown or Not Stated""","""9""","""2021""","""2021""","""Black or African American""","""2054-5""","""Obesity I 30.0-34.9""","""4""","""11 to 20 pounds""","""2""",18
NA,"""Unknown or Not Stated""","""9""","""2021""","""2021""","""Black or African American""","""2054-5""","""Obesity I 30.0-34.9""","""4""","""21 to 30 pounds""","""3""",16
NA,"""Unknown or Not Stated""","""9""","""2021""","""2021""","""Black or African American""","""2054-5""","""Obesity I 30.0-34.9""","""4""","""41 to 98 pounds""","""5""",10
NA,"""Unknown or Not Stated""","""9""","""2021""","""2021""","""Black or African American""","""2054-5""","""Obesity I 30.0-34.9""","""4""","""Unknown or Not Stated""","""9""",14
NA,"""Unknown or Not Stated""","""9""","""2021""","""2021""","""Black or African American""","""2054-5""","""Obesity II 35.0-39.9""","""5""","""Less than 11 pounds""","""1""",10
NA,"""Unknown or Not Stated""","""9""","""2021""","""2021""","""Black or African American""","""2054-5""","""Obesity II 35.0-39.9""","""5""","""11 to 20 pounds""","""2""",10
NA,"""Unknown or Not Stated""","""9""","""2021""","""2021""","""Black or African American""","""2054-5""","""Extreme Obesity III > 39.9""","""6""","""11 to 20 pounds""","""2""",11
NA,"""Unknown or Not Stated""","""9""","""2021""","""2021""","""Black or African American""","""2054-5""","""Unknown or Not Stated""","""9""","""Unknown or Not Stated""","""9""",298
NA,"""Unknown or Not Stated""","""9""","""2021""","""2021""","""White""","""2106-3""","""Underweight <18.5""","""1""","""11 to 20 pounds""","""2""",18
NA,"""Unknown or Not Stated""","""9""","""2021""","""2021""","""White""","""2106-3""","""Underweight <18.5""","""1""","""21 to 30 pounds""","""3""",25
NA,"""Unknown or Not Stated""","""9""","""2021""","""2021""","""White""","""2106-3""","""Underweight <18.5""","""1""","""31 to 40 pounds""","""4""",29
NA,"""Unknown or Not Stated""","""9""","""2021""","""2021""","""White""","""2106-3""","""Underweight <18.5""","""1""","""41 to 98 pounds""","""5""",28
NA,"""Unknown or Not Stated""","""9""","""2021""","""2021""","""White""","""2106-3""","""Underweight <18.5""","""1""","""Unknown or Not Stated""","""9""",20
NA,"""Unknown or Not Stated""","""9""","""2021""","""2021""","""White""","""2106-3""","""Normal 18.5-24.9""","""2""","""Less than 11 pounds""","""1""",93
NA,"""Unknown or Not Stated""","""9""","""2021""","""2021""","""White""","""2106-3""","""Normal 18.5-24.9""","""2""","""11 to 20 pounds""","""2""",168
NA,"""Unknown or Not Stated""","""9""","""2021""","""2021""","""White""","""2106-3""","""Normal 18.5-24.9""","""2""","""21 to 30 pounds""","""3""",277
NA,"""Unknown or Not Stated""","""9""","""2021""","""2021""","""White""","""2106-3""","""Normal 18.5-24.9""","""2""","""31 to 40 pounds""","""4""",250
NA,"""Unknown or Not Stated""","""9""","""2021""","""2021""","""White""","""2106-3""","""Normal 18.5-24.9""","""2""","""41 to 98 pounds""","""5""",200
NA,"""Unknown or Not Stated""","""9""","""2021""","""2021""","""White""","""2106-3""","""Normal 18.5-24.9""","""2""","""Unknown or Not Stated""","""9""",184
NA,"""Unknown or Not Stated""","""9""","""2021""","""2021""","""White""","""2106-3""","""Overweight 25.0-29.9""","""3""","""Less than 11 pounds""","""1""",90
NA,"""Unknown or Not Stated""","""9""","""2021""","""2021""","""White""","""2106-3""","""Overweight 25.0-29.9""","""3""","""11 to 20 pounds""","""2""",126
NA,"""Unknown or Not Stated""","""9""","""2021""","""2021""","""White""","""2106-3""","""Overweight 25.0-29.9""","""3""","""21 to 30 pounds""","""3""",130
NA,"""Unknown or Not Stated""","""9""","""2021""","""2021""","""White""","""2106-3""","""Overweight 25.0-29.9""","""3""","""31 to 40 pounds""","""4""",126
NA,"""Unknown or Not Stated""","""9""","""2021""","""2021""","""White""","""2106-3""","""Overweight 25.0-29.9""","""3""","""41 to 98 pounds""","""5""",109
NA,"""Unknown or Not Stated""","""9""","""2021""","""2021""","""White""","""2106-3""","""Overweight 25.0-29.9""","""3""","""Unknown or Not Stated""","""9""",111
NA,"""Unknown or Not Stated""","""9""","""2021""","""2021""","""White""","""2106-3""","""Obesity I 30.0-34.9""","""4""","""Less than 11 pounds""","""1""",66
NA,"""Unknown or Not Stated""","""9""","""2021""","""2021""","""White""","""2106-3""","""Obesity I 30.0-34.9""","""4""","""11 to 20 pounds""","""2""",86
NA,"""Unknown or Not Stated""","""9""","""2021""","""2021""","""White""","""2106-3""","""Obesity I 30.0-34.9""","""4""","""21 to 30 pounds""","""3""",81
NA,"""Unknown or Not Stated""","""9""","""2021""","""2021""","""White""","""2106-3""","""Obesity I 30.0-34.9""","""4""","""31 to 40 pounds""","""4""",62
NA,"""Unknown or Not Stated""","""9""","""2021""","""2021""","""White""","""2106-3""","""Obesity I 30.0-34.9""","""4""","""41 to 98 pounds""","""5""",61
NA,"""Unknown or Not Stated""","""9""","""2021""","""2021""","""White""","""2106-3""","""Obesity I 30.0-34.9""","""4""","""Unknown or Not Stated""","""9""",42
NA,"""Unknown or Not Stated""","""9""","""2021""","""2021""","""White""","""2106-3""","""Obesity II 35.0-39.9""","""5""","""Less than 11 pounds""","""1""",34
NA,"""Unknown or Not Stated""","""9""","""2021""","""2021""","""White""","""2106-3""","""Obesity II 35.0-39.9""","""5""","""11 to 20 pounds""","""2""",42
NA,"""Unknown or Not Stated""","""9""","""2021""","""2021""","""White""","""2106-3""","""Obesity II 35.0-39.9""","""5""","""21 to 30 pounds""","""3""",40
NA,"""Unknown or Not Stated""","""9""","""2021""","""2021""","""White""","""2106-3""","""Obesity II 35.0-39.9""","""5""","""31 to 40 pounds""","""4""",16
NA,"""Unknown or Not Stated""","""9""","""2021""","""2021""","""White""","""2106-3""","""Obesity II 35.0-39.9""","""5""","""41 to 98 pounds""","""5""",15
NA,"""Unknown or Not Stated""","""9""","""2021""","""2021""","""White""","""2106-3""","""Obesity II 35.0-39.9""","""5""","""Unknown or Not Stated""","""9""",31
NA,"""Unknown or Not Stated""","""9""","""2021""","""2021""","""White""","""2106-3""","""Extreme Obesity III > 39.9""","""6""","""Less than 11 pounds""","""1""",35
NA,"""Unknown or Not Stated""","""9""","""2021""","""2021""","""White""","""2106-3""","""Extreme Obesity III > 39.9""","""6""","""11 to 20 pounds""","""2""",28
NA,"""Unknown or Not Stated""","""9""","""2021""","""2021""","""White""","""2106-3""","""Extreme Obesity III > 39.9""","""6""","""21 to 30 pounds""","""3""",19
NA,"""Unknown or Not Stated""","""9""","""2021""","""2021""","""White""","""2106-3""","""Extreme Obesity III > 39.9""","""6""","""41 to 98 pounds""","""5""",11
NA,"""Unknown or Not Stated""","""9""","""2021""","""2021""","""White""","""2106-3""","""Extreme Obesity III > 39.9""","""6""","""Unknown or Not Stated""","""9""",15
NA,"""Unknown or Not Stated""","""9""","""2021""","""2021""","""White""","""2106-3""","""Unknown or Not Stated""","""9""","""Unknown or Not Stated""","""9""",1152
NA,"""Unknown or Not Stated""","""9""","""2021""","""2021""","""More than one race""","""M""","""Normal 18.5-24.9""","""2""","""21 to 30 pounds""","""3""",13
NA,"""Unknown or Not Stated""","""9""","""2021""","""2021""","""More than one race""","""M""","""Normal 18.5-24.9""","""2""","""41 to 98 pounds""","""5""",12
NA,"""Unknown or Not Stated""","""9""","""2021""","""2021""","""More than one race""","""M""","""Unknown or Not Stated""","""9""","""Unknown or Not Stated""","""9""",17
