"""Notes""","""Pre-pregnancy Diabetes""","""Pre-pregnancy Diabetes Code""","""Year""","""Year Code""","""Mother's Single Race 6""","""Mother's Single Race 6 Code""","""Mother's Pre-pregnancy BMI""","""Mother's Pre-pregnancy BMI Code""","""Mother's Weight Gain Recode""","""Mother's Weight Gain Recode Code""","Births"
NA,"""Yes""","""1""","""2021""","""2021""","""American Indian or Alaska Native""","""1002-5""","""Normal 18.5-24.9""","""2""","""11 to 20 pounds""","""2""",14
NA,"""Yes""","""1""","""2021""","""2021""","""American Indian or Alaska Native""","""1002-5""","""Normal 18.5-24.9""","""2""","""21 to 30 pounds""","""3""",21
NA,"""Yes""","""1""","""2021""","""2021""","""American Indian or Alaska Native""","""1002-5""","""Normal 18.5-24.9""","""2""","""41 to 98 pounds""","""5""",12
NA,"""Yes""","""1""","""2021""","""2021""","""American Indian or Alaska Native""","""1002-5""","""Overweight 25.0-29.9""","""3""","""Less than 11 pounds""","""1""",24
NA,"""Yes""","""1""","""2021""","""2021""","""American Indian or Alaska Native""","""1002-5""","""Overweight 25.0-29.9""","""3""","""11 to 20 pounds""","""2""",36
NA,"""Yes""","""1""","""2021""","""2021""","""American Indian or Alaska Native""","""1002-5""","""Overweight 25.0-29.9""","""3""","""21 to 30 pounds""","""3""",44
NA,"""Yes""","""1""","""2021""","""2021""","""American Indian or Alaska Native""","""1002-5""","""Overweight 25.0-29.9""","""3""","""31 to 40 pounds""","""4""",30
NA,"""Yes""","""1""","""2021""","""2021""","""American Indian or Alaska Native""","""1002-5""","""Overweight 25.0-29.9""","""3""","""41 to 98 pounds""","""5""",35
NA,"""Yes""","""1""","""2021""","""2021""","""American Indian or Alaska Native""","""1002-5""","""Obesity I 30.0-34.9""","""4""","""Less than 11 pounds""","""1""",37
NA,"""Yes""","""1""","""2021""","""2021""","""American Indian or Alaska Native""","""1002-5""","""Obesity I 30.0-34.9""","""4""","""11 to 20 pounds""","""2""",64
NA,"""Yes""","""1""","""2021""","""2021""","""American Indian or Alaska Native""","""1002-5""","""Obesity I 30.0-34.9""","""4""","""21 to 30 pounds""","""3""",62
NA,"""Yes""","""1""","""2021""","""2021""","""American Indian or Alaska Native""","""1002-5""","""Obesity I 30.0-34.9""","""4""","""31 to 40 pounds""","""4""",35
NA,"""Yes""","""1""","""2021""","""2021""","""American Indian or Alaska Native""","""1002-5""","""Obesity I 30.0-34.9""","""4""","""41 to 98 pounds""","""5""",42
NA,"""Yes""","""1""","""2021""","""2021""","""American Indian or Alaska Native""","""1002-5""","""Obesity II 35.0-39.9""","""5""","""Less than 11 pounds""","""1""",46
NA,"""Yes""","""1""","""2021""","""2021""","""American Indian or Alaska Native""","""1002-5""","""Obesity II 35.0-39.9""","""5""","""11 to 20 pounds""","""2""",56
NA,"""Yes""","""1""","""2021""","""2021""","""American Indian or Alaska Native""","""1002-5""","""Obesity II 35.0-39.9""","""5""","""21 to 30 pounds""","""3""",49
NA,"""Yes""","""1""","""2021""","""2021""","""American Indian or Alaska Native""","""1002-5""","""Obesity II 35.0-39.9""","""5""","""31 to 40 pounds""","""4""",34
NA,"""Yes""","""1""","""2021""","""2021""","""American Indian or Alaska Native""","""1002-5""","""Obesity II 35.0-39.9""","""5""","""41 to 98 pounds""","""5""",31
NA,"""Yes""","""1""","""2021""","""2021""","""American Indian or Alaska Native""","""1002-5""","""Extreme Obesity III > 39.9""","""6""","""Less than 11 pounds""","""1""",56
NA,"""Yes""","""1""","""2021""","""2021""","""American Indian or Alaska Native""","""1002-5""","""Extreme Obesity III > 39.9""","""6""","""11 to 20 pounds""","""2""",46
NA,"""Yes""","""1""","""2021""","""2021""","""American Indian or Alaska Native""","""1002-5""","""Extreme Obesity III > 39.9""","""6""","""21 to 30 pounds""","""3""",33
NA,"""Yes""","""1""","""2021""","""2021""","""American Indian or Alaska Native""","""1002-5""","""Extreme Obesity III > 39.9""","""6""","""31 to 40 pounds""","""4""",18
NA,"""Yes""","""1""","""2021""","""2021""","""American Indian or Alaska Native""","""1002-5""","""Extreme Obesity III > 39.9""","""6""","""41 to 98 pounds""","""5""",24
NA,"""Yes""","""1""","""2021""","""2021""","""American Indian or Alaska Native""","""1002-5""","""Unknown or Not Stated""","""9""","""Unknown or Not Stated""","""9""",13
NA,"""Yes""","""1""","""2021""","""2021""","""Asian""","""A""","""Underweight <18.5""","""1""","""21 to 30 pounds""","""3""",17
NA,"""Yes""","""1""","""2021""","""2021""","""Asian""","""A""","""Normal 18.5-24.9""","""2""","""Less than 11 pounds""","""1""",60
NA,"""Yes""","""1""","""2021""","""2021""","""Asian""","""A""","""Normal 18.5-24.9""","""2""","""11 to 20 pounds""","""2""",197
NA,"""Yes""","""1""","""2021""","""2021""","""Asian""","""A""","""Normal 18.5-24.9""","""2""","""21 to 30 pounds""","""3""",278
NA,"""Yes""","""1""","""2021""","""2021""","""Asian""","""A""","""Normal 18.5-24.9""","""2""","""31 to 40 pounds""","""4""",173
NA,"""Yes""","""1""","""2021""","""2021""","""Asian""","""A""","""Normal 18.5-24.9""","""2""","""41 to 98 pounds""","""5""",83
NA,"""Yes""","""1""","""2021""","""2021""","""Asian""","""A""","""Overweight 25.0-29.9""","""3""","""Less than 11 pounds""","""1""",140
NA,"""Yes""","""1""","""2021""","""2021""","""Asian""","""A""","""Overweight 25.0-29.9""","""3""","""11 to 20 pounds""","""2""",263
NA,"""Yes""","""1""","""2021""","""2021""","""Asian""","""A""","""Overweight 25.0-29.9""","""3""","""21 to 30 pounds""","""3""",277
NA,"""Yes""","""1""","""2021""","""2021""","""Asian""","""A""","""Overweight 25.0-29.9""","""3""","""31 to 40 pounds""","""4""",152
NA,"""Yes""","""1""","""2021""","""2021""","""Asian""","""A""","""Overweight 25.0-29.9""","""3""","""41 to 98 pounds""","""5""",95
NA,"""Yes""","""1""","""2021""","""2021""","""Asian""","""A""","""Obesity I 30.0-34.9""","""4""","""Less than 11 pounds""","""1""",117
NA,"""Yes""","""1""","""2021""","""2021""","""Asian""","""A""","""Obesity I 30.0-34.9""","""4""","""11 to 20 pounds""","""2""",181
NA,"""Yes""","""1""","""2021""","""2021""","""Asian""","""A""","""Obesity I 30.0-34.9""","""4""","""21 to 30 pounds""","""3""",156
NA,"""Yes""","""1""","""2021""","""2021""","""Asian""","""A""","""Obesity I 30.0-34.9""","""4""","""31 to 40 pounds""","""4""",90
NA,"""Yes""","""1""","""2021""","""2021""","""Asian""","""A""","""Obesity I 30.0-34.9""","""4""","""41 to 98 pounds""","""5""",70
NA,"""Yes""","""1""","""2021""","""2021""","""Asian""","""A""","""Obesity II 35.0-39.9""","""5""","""Less than 11 pounds""","""1""",66
NA,"""Yes""","""1""","""2021""","""2021""","""Asian""","""A""","""Obesity II 35.0-39.9""","""5""","""11 to 20 pounds""","""2""",73
NA,"""Yes""","""1""","""2021""","""2021""","""Asian""","""A""","""Obesity II 35.0-39.9""","""5""","""21 to 30 pounds""","""3""",60
NA,"""Yes""","""1""","""2021""","""2021""","""Asian""","""A""","""Obesity II 35.0-39.9""","""5""","""31 to 40 pounds""","""4""",22
NA,"""Yes""","""1""","""2021""","""2021""","""Asian""","""A""","""Obesity II 35.0-39.9""","""5""","""41 to 98 pounds""","""5""",20
NA,"""Yes""","""1""","""2021""","""2021""","""Asian""","""A""","""Extreme Obesity III > 39.9""","""6""","""Less than 11 pounds""","""1""",43
NA,"""Yes""","""1""","""2021""","""2021""","""Asian""","""A""","""Extreme Obesity III > 39.9""","""6""","""11 to 20 pounds""","""2""",29
NA,"""Yes""","""1""","""2021""","""2021""","""Asian""","""A""","""Extreme Obesity III > 39.9""","""6""","""21 to 30 pounds""","""3""",22
NA,"""Yes""","""1""","""2021""","""2021""","""Asian""","""A""","""Extreme Obesity III > 39.9""","""6""","""31 to 40 pounds""","""4""",13
NA,"""Yes""","""1""","""2021""","""2021""","""Asian""","""A""","""Extreme Obesity III > 39.9""","""6""","""41 to 98 pounds""","""5""",11
NA,"""Yes""","""1""","""2021""","""2021""","""Asian""","""A""","""Unknown or Not Stated""","""9""","""Unknown or Not Stated""","""9""",61
NA,"""Yes""","""1""","""2021""","""2021""","""Black or African American""","""2054-5""","""Underweight <18.5""","""1""","""41 to 98 pounds""","""5""",13
NA,"""Yes""","""1""","""2021""","""2021""","""Black or African American""","""2054-5""","""Normal 18.5-24.9""","""2""","""Less than 11 pounds""","""1""",70
NA,"""Yes""","""1""","""2021""","""2021""","""Black or African American""","""2054-5""","""Normal 18.5-24.9""","""2""","""11 to 20 pounds""","""2""",167
NA,"""Yes""","""1""","""2021""","""2021""","""Black or African American""","""2054-5""","""Normal 18.5-24.9""","""2""","""21 to 30 pounds""","""3""",210
NA,"""Yes""","""1""","""2021""","""2021""","""Black or African American""","""2054-5""","""Normal 18.5-24.9""","""2""","""31 to 40 pounds""","""4""",178
NA,"""Yes""","""1""","""2021""","""2021""","""Black or African American""","""2054-5""","""Normal 18.5-24.9""","""2""","""41 to 98 pounds""","""5""",209
NA,"""Yes""","""1""","""2021""","""2021""","""Black or African American""","""2054-5""","""Overweight 25.0-29.9""","""3""","""Less than 11 pounds""","""1""",174
NA,"""Yes""","""1""","""2021""","""2021""","""Black or African American""","""2054-5""","""Overweight 25.0-29.9""","""3""","""11 to 20 pounds""","""2""",357
NA,"""Yes""","""1""","""2021""","""2021""","""Black or African American""","""2054-5""","""Overweight 25.0-29.9""","""3""","""21 to 30 pounds""","""3""",398
NA,"""Yes""","""1""","""2021""","""2021""","""Black or African American""","""2054-5""","""Overweight 25.0-29.9""","""3""","""31 to 40 pounds""","""4""",278
NA,"""Yes""","""1""","""2021""","""2021""","""Black or African American""","""2054-5""","""Overweight 25.0-29.9""","""3""","""41 to 98 pounds""","""5""",295
NA,"""Yes""","""1""","""2021""","""2021""","""Black or African American""","""2054-5""","""Obesity I 30.0-34.9""","""4""","""Less than 11 pounds""","""1""",343
NA,"""Yes""","""1""","""2021""","""2021""","""Black or African American""","""2054-5""","""Obesity I 30.0-34.9""","""4""","""11 to 20 pounds""","""2""",458
NA,"""Yes""","""1""","""2021""","""2021""","""Black or African American""","""2054-5""","""Obesity I 30.0-34.9""","""4""","""21 to 30 pounds""","""3""",425
NA,"""Yes""","""1""","""2021""","""2021""","""Black or African American""","""2054-5""","""Obesity I 30.0-34.9""","""4""","""31 to 40 pounds""","""4""",301
NA,"""Yes""","""1""","""2021""","""2021""","""Black or African American""","""2054-5""","""Obesity I 30.0-34.9""","""4""","""41 to 98 pounds""","""5""",344
NA,"""Yes""","""1""","""2021""","""2021""","""Black or African American""","""2054-5""","""Obesity I 30.0-34.9""","""4""","""Unknown or Not Stated""","""9""",15
NA,"""Yes""","""1""","""2021""","""2021""","""Black or African American""","""2054-5""","""Obesity II 35.0-39.9""","""5""","""Less than 11 pounds""","""1""",437
NA,"""Yes""","""1""","""2021""","""2021""","""Black or African American""","""2054-5""","""Obesity II 35.0-39.9""","""5""","""11 to 20 pounds""","""2""",372
NA,"""Yes""","""1""","""2021""","""2021""","""Black or African American""","""2054-5""","""Obesity II 35.0-39.9""","""5""","""21 to 30 pounds""","""3""",361
NA,"""Yes""","""1""","""2021""","""2021""","""Black or African American""","""2054-5""","""Obesity II 35.0-39.9""","""5""","""31 to 40 pounds""","""4""",208
NA,"""Yes""","""1""","""2021""","""2021""","""Black or African American""","""2054-5""","""Obesity II 35.0-39.9""","""5""","""41 to 98 pounds""","""5""",247
NA,"""Yes""","""1""","""2021""","""2021""","""Black or African American""","""2054-5""","""Obesity II 35.0-39.9""","""5""","""Unknown or Not Stated""","""9""",25
NA,"""Yes""","""1""","""2021""","""2021""","""Black or African American""","""2054-5""","""Extreme Obesity III > 39.9""","""6""","""Less than 11 pounds""","""1""",717
NA,"""Yes""","""1""","""2021""","""2021""","""Black or African American""","""2054-5""","""Extreme Obesity III > 39.9""","""6""","""11 to 20 pounds""","""2""",494
NA,"""Yes""","""1""","""2021""","""2021""","""Black or African American""","""2054-5""","""Extreme Obesity III > 39.9""","""6""","""21 to 30 pounds""","""3""",433
NA,"""Yes""","""1""","""2021""","""2021""","""Black or African American""","""2054-5""","""Extreme Obesity III > 39.9""","""6""","""31 to 40 pounds""","""4""",257
NA,"""Yes""","""1""","""2021""","""2021""","""Black or African American""","""2054-5""","""Extreme Obesity III > 39.9""","""6""","""41 to 98 pounds""","""5""",293
NA,"""Yes""","""1""","""2021""","""2021""","""Black or African American""","""2054-5""","""Extreme Obesity III > 39.9""","""6""","""Unknown or Not Stated""","""9""",74
NA,"""Yes""","""1""","""2021""","""2021""","""Black or African American""","""2054-5""","""Unknown or Not Stated""","""9""","""Unknown or Not Stated""","""9""",195
NA,"""Yes""","""1""","""2021""","""2021""","""Native Hawaiian or Other Pacific Islander""","""NHOPI""","""Overweight 25.0-29.9""","""3""","""21 to 30 pounds""","""3""",13
NA,"""Yes""","""1""","""2021""","""2021""","""Native Hawaiian or Other Pacific Islander""","""NHOPI""","""Obesity I 30.0-34.9""","""4""","""11 to 20 pounds""","""2""",16
NA,"""Yes""","""1""","""2021""","""2021""","""Native Hawaiian or Other Pacific Islander""","""NHOPI""","""Obesity I 30.0-34.9""","""4""","""21 to 30 pounds""","""3""",11
NA,"""Yes""","""1""","""2021""","""2021""","""Native Hawaiian or Other Pacific Islander""","""NHOPI""","""Obesity I 30.0-34.9""","""4""","""41 to 98 pounds""","""5""",17
NA,"""Yes""","""1""","""2021""","""2021""","""Native Hawaiian or Other Pacific Islander""","""NHOPI""","""Obesity II 35.0-39.9""","""5""","""Less than 11 pounds""","""1""",12
NA,"""Yes""","""1""","""2021""","""2021""","""Native Hawaiian or Other Pacific Islander""","""NHOPI""","""Obesity II 35.0-39.9""","""5""","""41 to 98 pounds""","""5""",10
NA,"""Yes""","""1""","""2021""","""2021""","""Native Hawaiian or Other Pacific Islander""","""NHOPI""","""Extreme Obesity III > 39.9""","""6""","""Less than 11 pounds""","""1""",15
NA,"""Yes""","""1""","""2021""","""2021""","""Native Hawaiian or Other Pacific Islander""","""NHOPI""","""Extreme Obesity III > 39.9""","""6""","""11 to 20 pounds""","""2""",11
NA,"""Yes""","""1""","""2021""","""2021""","""Native Hawaiian or Other Pacific Islander""","""NHOPI""","""Extreme Obesity III > 39.9""","""6""","""21 to 30 pounds""","""3""",12
NA,"""Yes""","""1""","""2021""","""2021""","""Native Hawaiian or Other Pacific Islander""","""NHOPI""","""Extreme Obesity III > 39.9""","""6""","""41 to 98 pounds""","""5""",13
NA,"""Yes""","""1""","""2021""","""2021""","""Native Hawaiian or Other Pacific Islander""","""NHOPI""","""Unknown or Not Stated""","""9""","""Unknown or Not Stated""","""9""",18
NA,"""Yes""","""1""","""2021""","""2021""","""White""","""2106-3""","""Underweight <18.5""","""1""","""11 to 20 pounds""","""2""",18
NA,"""Yes""","""1""","""2021""","""2021""","""White""","""2106-3""","""Underweight <18.5""","""1""","""21 to 30 pounds""","""3""",41
NA,"""Yes""","""1""","""2021""","""2021""","""White""","""2106-3""","""Underweight <18.5""","""1""","""31 to 40 pounds""","""4""",43
NA,"""Yes""","""1""","""2021""","""2021""","""White""","""2106-3""","""Underweight <18.5""","""1""","""41 to 98 pounds""","""5""",54
NA,"""Yes""","""1""","""2021""","""2021""","""White""","""2106-3""","""Normal 18.5-24.9""","""2""","""Less than 11 pounds""","""1""",172
NA,"""Yes""","""1""","""2021""","""2021""","""White""","""2106-3""","""Normal 18.5-24.9""","""2""","""11 to 20 pounds""","""2""",619
NA,"""Yes""","""1""","""2021""","""2021""","""White""","""2106-3""","""Normal 18.5-24.9""","""2""","""21 to 30 pounds""","""3""",1203
NA,"""Yes""","""1""","""2021""","""2021""","""White""","""2106-3""","""Normal 18.5-24.9""","""2""","""31 to 40 pounds""","""4""",1148
NA,"""Yes""","""1""","""2021""","""2021""","""White""","""2106-3""","""Normal 18.5-24.9""","""2""","""41 to 98 pounds""","""5""",1242
NA,"""Yes""","""1""","""2021""","""2021""","""White""","""2106-3""","""Normal 18.5-24.9""","""2""","""Unknown or Not Stated""","""9""",26
NA,"""Yes""","""1""","""2021""","""2021""","""White""","""2106-3""","""Overweight 25.0-29.9""","""3""","""Less than 11 pounds""","""1""",544
NA,"""Yes""","""1""","""2021""","""2021""","""White""","""2106-3""","""Overweight 25.0-29.9""","""3""","""11 to 20 pounds""","""2""",1127
NA,"""Yes""","""1""","""2021""","""2021""","""White""","""2106-3""","""Overweight 25.0-29.9""","""3""","""21 to 30 pounds""","""3""",1561
NA,"""Yes""","""1""","""2021""","""2021""","""White""","""2106-3""","""Overweight 25.0-29.9""","""3""","""31 to 40 pounds""","""4""",1240
NA,"""Yes""","""1""","""2021""","""2021""","""White""","""2106-3""","""Overweight 25.0-29.9""","""3""","""41 to 98 pounds""","""5""",1338
NA,"""Yes""","""1""","""2021""","""2021""","""White""","""2106-3""","""Overweight 25.0-29.9""","""3""","""Unknown or Not Stated""","""9""",37
NA,"""Yes""","""1""","""2021""","""2021""","""White""","""2106-3""","""Obesity I 30.0-34.9""","""4""","""Less than 11 pounds""","""1""",949
NA,"""Yes""","""1""","""2021""","""2021""","""White""","""2106-3""","""Obesity I 30.0-34.9""","""4""","""11 to 20 pounds""","""2""",1351
NA,"""Yes""","""1""","""2021""","""2021""","""White""","""2106-3""","""Obesity I 30.0-34.9""","""4""","""21 to 30 pounds""","""3""",1441
NA,"""Yes""","""1""","""2021""","""2021""","""White""","""2106-3""","""Obesity I 30.0-34.9""","""4""","""31 to 40 pounds""","""4""",1019
NA,"""Yes""","""1""","""2021""","""2021""","""White""","""2106-3""","""Obesity I 30.0-34.9""","""4""","""41 to 98 pounds""","""5""",1085
NA,"""Yes""","""1""","""2021""","""2021""","""White""","""2106-3""","""Obesity I 30.0-34.9""","""4""","""Unknown or Not Stated""","""9""",50
NA,"""Yes""","""1""","""2021""","""2021""","""White""","""2106-3""","""Obesity II 35.0-39.9""","""5""","""Less than 11 pounds""","""1""",1014
NA,"""Yes""","""1""","""2021""","""2021""","""White""","""2106-3""","""Obesity II 35.0-39.9""","""5""","""11 to 20 pounds""","""2""",1105
NA,"""Yes""","""1""","""2021""","""2021""","""White""","""2106-3""","""Obesity II 35.0-39.9""","""5""","""21 to 30 pounds""","""3""",1009
NA,"""Yes""","""1""","""2021""","""2021""","""White""","""2106-3""","""Obesity II 35.0-39.9""","""5""","""31 to 40 pounds""","""4""",654
NA,"""Yes""","""1""","""2021""","""2021""","""White""","""2106-3""","""Obesity II 35.0-39.9""","""5""","""41 to 98 pounds""","""5""",674
NA,"""Yes""","""1""","""2021""","""2021""","""White""","""2106-3""","""Obesity II 35.0-39.9""","""5""","""Unknown or Not Stated""","""9""",63
NA,"""Yes""","""1""","""2021""","""2021""","""White""","""2106-3""","""Extreme Obesity III > 39.9""","""6""","""Less than 11 pounds""","""1""",1548
NA,"""Yes""","""1""","""2021""","""2021""","""White""","""2106-3""","""Extreme Obesity III > 39.9""","""6""","""11 to 20 pounds""","""2""",1097
NA,"""Yes""","""1""","""2021""","""2021""","""White""","""2106-3""","""Extreme Obesity III > 39.9""","""6""","""21 to 30 pounds""","""3""",986
NA,"""Yes""","""1""","""2021""","""2021""","""White""","""2106-3""","""Extreme Obesity III > 39.9""","""6""","""31 to 40 pounds""","""4""",586
NA,"""Yes""","""1""","""2021""","""2021""","""White""","""2106-3""","""Extreme Obesity III > 39.9""","""6""","""41 to 98 pounds""","""5""",676
NA,"""Yes""","""1""","""2021""","""2021""","""White""","""2106-3""","""Extreme Obesity III > 39.9""","""6""","""Unknown or Not Stated""","""9""",159
NA,"""Yes""","""1""","""2021""","""2021""","""White""","""2106-3""","""Unknown or Not Stated""","""9""","""11 to 20 pounds""","""2""",10
NA,"""Yes""","""1""","""2021""","""2021""","""White""","""2106-3""","""Unknown or Not Stated""","""9""","""21 to 30 pounds""","""3""",18
NA,"""Yes""","""1""","""2021""","""2021""","""White""","""2106-3""","""Unknown or Not Stated""","""9""","""41 to 98 pounds""","""5""",12
NA,"""Yes""","""1""","""2021""","""2021""","""White""","""2106-3""","""Unknown or Not Stated""","""9""","""Unknown or Not Stated""","""9""",395
NA,"""Yes""","""1""","""2021""","""2021""","""More than one race""","""M""","""Normal 18.5-24.9""","""2""","""11 to 20 pounds""","""2""",16
NA,"""Yes""","""1""","""2021""","""2021""","""More than one race""","""M""","""Normal 18.5-24.9""","""2""","""21 to 30 pounds""","""3""",27
NA,"""Yes""","""1""","""2021""","""2021""","""More than one race""","""M""","""Normal 18.5-24.9""","""2""","""31 to 40 pounds""","""4""",32
NA,"""Yes""","""1""","""2021""","""2021""","""More than one race""","""M""","""Normal 18.5-24.9""","""2""","""41 to 98 pounds""","""5""",62
NA,"""Yes""","""1""","""2021""","""2021""","""More than one race""","""M""","""Overweight 25.0-29.9""","""3""","""Less than 11 pounds""","""1""",17
NA,"""Yes""","""1""","""2021""","""2021""","""More than one race""","""M""","""Overweight 25.0-29.9""","""3""","""11 to 20 pounds""","""2""",34
NA,"""Yes""","""1""","""2021""","""2021""","""More than one race""","""M""","""Overweight 25.0-29.9""","""3""","""21 to 30 pounds""","""3""",39
NA,"""Yes""","""1""","""2021""","""2021""","""More than one race""","""M""","""Overweight 25.0-29.9""","""3""","""31 to 40 pounds""","""4""",47
NA,"""Yes""","""1""","""2021""","""2021""","""More than one race""","""M""","""Overweight 25.0-29.9""","""3""","""41 to 98 pounds""","""5""",53
NA,"""Yes""","""1""","""2021""","""2021""","""More than one race""","""M""","""Obesity I 30.0-34.9""","""4""","""Less than 11 pounds""","""1""",40
NA,"""Yes""","""1""","""2021""","""2021""","""More than one race""","""M""","""Obesity I 30.0-34.9""","""4""","""11 to 20 pounds""","""2""",36
NA,"""Yes""","""1""","""2021""","""2021""","""More than one race""","""M""","""Obesity I 30.0-34.9""","""4""","""21 to 30 pounds""","""3""",70
NA,"""Yes""","""1""","""2021""","""2021""","""More than one race""","""M""","""Obesity I 30.0-34.9""","""4""","""31 to 40 pounds""","""4""",41
NA,"""Yes""","""1""","""2021""","""2021""","""More than one race""","""M""","""Obesity I 30.0-34.9""","""4""","""41 to 98 pounds""","""5""",51
NA,"""Yes""","""1""","""2021""","""2021""","""More than one race""","""M""","""Obesity II 35.0-39.9""","""5""","""Less than 11 pounds""","""1""",37
NA,"""Yes""","""1""","""2021""","""2021""","""More than one race""","""M""","""Obesity II 35.0-39.9""","""5""","""11 to 20 pounds""","""2""",48
NA,"""Yes""","""1""","""2021""","""2021""","""More than one race""","""M""","""Obesity II 35.0-39.9""","""5""","""21 to 30 pounds""","""3""",54
NA,"""Yes""","""1""","""2021""","""2021""","""More than one race""","""M""","""Obesity II 35.0-39.9""","""5""","""31 to 40 pounds""","""4""",21
NA,"""Yes""","""1""","""2021""","""2021""","""More than one race""","""M""","""Obesity II 35.0-39.9""","""5""","""41 to 98 pounds""","""5""",44
NA,"""Yes""","""1""","""2021""","""2021""","""More than one race""","""M""","""Extreme Obesity III > 39.9""","""6""","""Less than 11 pounds""","""1""",67
NA,"""Yes""","""1""","""2021""","""2021""","""More than one race""","""M""","""Extreme Obesity III > 39.9""","""6""","""11 to 20 pounds""","""2""",52
NA,"""Yes""","""1""","""2021""","""2021""","""More than one race""","""M""","""Extreme Obesity III > 39.9""","""6""","""21 to 30 pounds""","""3""",46
NA,"""Yes""","""1""","""2021""","""2021""","""More than one race""","""M""","""Extreme Obesity III > 39.9""","""6""","""31 to 40 pounds""","""4""",35
NA,"""Yes""","""1""","""2021""","""2021""","""More than one race""","""M""","""Extreme Obesity III > 39.9""","""6""","""41 to 98 pounds""","""5""",45
NA,"""Yes""","""1""","""2021""","""2021""","""More than one race""","""M""","""Extreme Obesity III > 39.9""","""6""","""Unknown or Not Stated""","""9""",11
NA,"""Yes""","""1""","""2021""","""2021""","""More than one race""","""M""","""Unknown or Not Stated""","""9""","""Unknown or Not Stated""","""9""",24
NA,"""No""","""2""","""2021""","""2021""","""American Indian or Alaska Native""","""1002-5""","""Underweight <18.5""","""1""","""Less than 11 pounds""","""1""",34
NA,"""No""","""2""","""2021""","""2021""","""American Indian or Alaska Native""","""1002-5""","""Underweight <18.5""","""1""","""11 to 20 pounds""","""2""",96
NA,"""No""","""2""","""2021""","""2021""","""American Indian or Alaska Native""","""1002-5""","""Underweight <18.5""","""1""","""21 to 30 pounds""","""3""",177
NA,"""No""","""2""","""2021""","""2021""","""American Indian or Alaska Native""","""1002-5""","""Underweight <18.5""","""1""","""31 to 40 pounds""","""4""",158
NA,"""No""","""2""","""2021""","""2021""","""American Indian or Alaska Native""","""1002-5""","""Underweight <18.5""","""1""","""41 to 98 pounds""","""5""",213
NA,"""No""","""2""","""2021""","""2021""","""American Indian or Alaska Native""","""1002-5""","""Underweight <18.5""","""1""","""Unknown or Not Stated""","""9""",15
NA,"""No""","""2""","""2021""","""2021""","""American Indian or Alaska Native""","""1002-5""","""Normal 18.5-24.9""","""2""","""Less than 11 pounds""","""1""",638
NA,"""No""","""2""","""2021""","""2021""","""American Indian or Alaska Native""","""1002-5""","""Normal 18.5-24.9""","""2""","""11 to 20 pounds""","""2""",1399
NA,"""No""","""2""","""2021""","""2021""","""American Indian or Alaska Native""","""1002-5""","""Normal 18.5-24.9""","""2""","""21 to 30 pounds""","""3""",2518
NA,"""No""","""2""","""2021""","""2021""","""American Indian or Alaska Native""","""1002-5""","""Normal 18.5-24.9""","""2""","""31 to 40 pounds""","""4""",2409
NA,"""No""","""2""","""2021""","""2021""","""American Indian or Alaska Native""","""1002-5""","""Normal 18.5-24.9""","""2""","""41 to 98 pounds""","""5""",2816
NA,"""No""","""2""","""2021""","""2021""","""American Indian or Alaska Native""","""1002-5""","""Normal 18.5-24.9""","""2""","""Unknown or Not Stated""","""9""",122
NA,"""No""","""2""","""2021""","""2021""","""American Indian or Alaska Native""","""1002-5""","""Overweight 25.0-29.9""","""3""","""Less than 11 pounds""","""1""",1102
NA,"""No""","""2""","""2021""","""2021""","""American Indian or Alaska Native""","""1002-5""","""Overweight 25.0-29.9""","""3""","""11 to 20 pounds""","""2""",1726
NA,"""No""","""2""","""2021""","""2021""","""American Indian or Alaska Native""","""1002-5""","""Overweight 25.0-29.9""","""3""","""21 to 30 pounds""","""3""",2267
NA,"""No""","""2""","""2021""","""2021""","""American Indian or Alaska Native""","""1002-5""","""Overweight 25.0-29.9""","""3""","""31 to 40 pounds""","""4""",1931
NA,"""No""","""2""","""2021""","""2021""","""American Indian or Alaska Native""","""1002-5""","""Overweight 25.0-29.9""","""3""","""41 to 98 pounds""","""5""",2128
NA,"""No""","""2""","""2021""","""2021""","""American Indian or Alaska Native""","""1002-5""","""Overweight 25.0-29.9""","""3""","""Unknown or Not Stated""","""9""",113
NA,"""No""","""2""","""2021""","""2021""","""American Indian or Alaska Native""","""1002-5""","""Obesity I 30.0-34.9""","""4""","""Less than 11 pounds""","""1""",1283
NA,"""No""","""2""","""2021""","""2021""","""American Indian or Alaska Native""","""1002-5""","""Obesity I 30.0-34.9""","""4""","""11 to 20 pounds""","""2""",1525
NA,"""No""","""2""","""2021""","""2021""","""American Indian or Alaska Native""","""1002-5""","""Obesity I 30.0-34.9""","""4""","""21 to 30 pounds""","""3""",1576
NA,"""No""","""2""","""2021""","""2021""","""American Indian or Alaska Native""","""1002-5""","""Obesity I 30.0-34.9""","""4""","""31 to 40 pounds""","""4""",1132
NA,"""No""","""2""","""2021""","""2021""","""American Indian or Alaska Native""","""1002-5""","""Obesity I 30.0-34.9""","""4""","""41 to 98 pounds""","""5""",1168
NA,"""No""","""2""","""2021""","""2021""","""American Indian or Alaska Native""","""1002-5""","""Obesity I 30.0-34.9""","""4""","""Unknown or Not Stated""","""9""",107
NA,"""No""","""2""","""2021""","""2021""","""American Indian or Alaska Native""","""1002-5""","""Obesity II 35.0-39.9""","""5""","""Less than 11 pounds""","""1""",983
NA,"""No""","""2""","""2021""","""2021""","""American Indian or Alaska Native""","""1002-5""","""Obesity II 35.0-39.9""","""5""","""11 to 20 pounds""","""2""",896
NA,"""No""","""2""","""2021""","""2021""","""American Indian or Alaska Native""","""1002-5""","""Obesity II 35.0-39.9""","""5""","""21 to 30 pounds""","""3""",802
NA,"""No""","""2""","""2021""","""2021""","""American Indian or Alaska Native""","""1002-5""","""Obesity II 35.0-39.9""","""5""","""31 to 40 pounds""","""4""",496
NA,"""No""","""2""","""2021""","""2021""","""American Indian or Alaska Native""","""1002-5""","""Obesity II 35.0-39.9""","""5""","""41 to 98 pounds""","""5""",515
NA,"""No""","""2""","""2021""","""2021""","""American Indian or Alaska Native""","""1002-5""","""Obesity II 35.0-39.9""","""5""","""Unknown or Not Stated""","""9""",80
NA,"""No""","""2""","""2021""","""2021""","""American Indian or Alaska Native""","""1002-5""","""Extreme Obesity III > 39.9""","""6""","""Less than 11 pounds""","""1""",832
NA,"""No""","""2""","""2021""","""2021""","""American Indian or Alaska Native""","""1002-5""","""Extreme Obesity III > 39.9""","""6""","""11 to 20 pounds""","""2""",548
NA,"""No""","""2""","""2021""","""2021""","""American Indian or Alaska Native""","""1002-5""","""Extreme Obesity III > 39.9""","""6""","""21 to 30 pounds""","""3""",498
NA,"""No""","""2""","""2021""","""2021""","""American Indian or Alaska Native""","""1002-5""","""Extreme Obesity III > 39.9""","""6""","""31 to 40 pounds""","""4""",267
NA,"""No""","""2""","""2021""","""2021""","""American Indian or Alaska Native""","""1002-5""","""Extreme Obesity III > 39.9""","""6""","""41 to 98 pounds""","""5""",302
NA,"""No""","""2""","""2021""","""2021""","""American Indian or Alaska Native""","""1002-5""","""Extreme Obesity III > 39.9""","""6""","""Unknown or Not Stated""","""9""",70
NA,"""No""","""2""","""2021""","""2021""","""American Indian or Alaska Native""","""1002-5""","""Unknown or Not Stated""","""9""","""Less than 11 pounds""","""1""",14
NA,"""No""","""2""","""2021""","""2021""","""American Indian or Alaska Native""","""1002-5""","""Unknown or Not Stated""","""9""","""21 to 30 pounds""","""3""",23
NA,"""No""","""2""","""2021""","""2021""","""American Indian or Alaska Native""","""1002-5""","""Unknown or Not Stated""","""9""","""31 to 40 pounds""","""4""",11
NA,"""No""","""2""","""2021""","""2021""","""American Indian or Alaska Native""","""1002-5""","""Unknown or Not Stated""","""9""","""41 to 98 pounds""","""5""",13
NA,"""No""","""2""","""2021""","""2021""","""American Indian or Alaska Native""","""1002-5""","""Unknown or Not Stated""","""9""","""Unknown or Not Stated""","""9""",893
NA,"""No""","""2""","""2021""","""2021""","""Asian""","""A""","""Underweight <18.5""","""1""","""Less than 11 pounds""","""1""",199
NA,"""No""","""2""","""2021""","""2021""","""Asian""","""A""","""Underweight <18.5""","""1""","""11 to 20 pounds""","""2""",1662
NA,"""No""","""2""","""2021""","""2021""","""Asian""","""A""","""Underweight <18.5""","""1""","""21 to 30 pounds""","""3""",4263
NA,"""No""","""2""","""2021""","""2021""","""Asian""","""A""","""Underweight <18.5""","""1""","""31 to 40 pounds""","""4""",3066
NA,"""No""","""2""","""2021""","""2021""","""Asian""","""A""","""Underweight <18.5""","""1""","""41 to 98 pounds""","""5""",1468
NA,"""No""","""2""","""2021""","""2021""","""Asian""","""A""","""Underweight <18.5""","""1""","""Unknown or Not Stated""","""9""",70
NA,"""No""","""2""","""2021""","""2021""","""Asian""","""A""","""Normal 18.5-24.9""","""2""","""Less than 11 pounds""","""1""",4387
NA,"""No""","""2""","""2021""","""2021""","""Asian""","""A""","""Normal 18.5-24.9""","""2""","""11 to 20 pounds""","""2""",21042
NA,"""No""","""2""","""2021""","""2021""","""Asian""","""A""","""Normal 18.5-24.9""","""2""","""21 to 30 pounds""","""3""",45282
NA,"""No""","""2""","""2021""","""2021""","""Asian""","""A""","""Normal 18.5-24.9""","""2""","""31 to 40 pounds""","""4""",34956
NA,"""No""","""2""","""2021""","""2021""","""Asian""","""A""","""Normal 18.5-24.9""","""2""","""41 to 98 pounds""","""5""",17471
NA,"""No""","""2""","""2021""","""2021""","""Asian""","""A""","""Normal 18.5-24.9""","""2""","""Unknown or Not Stated""","""9""",895
NA,"""No""","""2""","""2021""","""2021""","""Asian""","""A""","""Overweight 25.0-29.9""","""3""","""Less than 11 pounds""","""1""",6091
NA,"""No""","""2""","""2021""","""2021""","""Asian""","""A""","""Overweight 25.0-29.9""","""3""","""11 to 20 pounds""","""2""",14016
NA,"""No""","""2""","""2021""","""2021""","""Asian""","""A""","""Overweight 25.0-29.9""","""3""","""21 to 30 pounds""","""3""",18215
NA,"""No""","""2""","""2021""","""2021""","""Asian""","""A""","""Overweight 25.0-29.9""","""3""","""31 to 40 pounds""","""4""",11461
NA,"""No""","""2""","""2021""","""2021""","""Asian""","""A""","""Overweight 25.0-29.9""","""3""","""41 to 98 pounds""","""5""",6517
NA,"""No""","""2""","""2021""","""2021""","""Asian""","""A""","""Overweight 25.0-29.9""","""3""","""Unknown or Not Stated""","""9""",441
NA,"""No""","""2""","""2021""","""2021""","""Asian""","""A""","""Obesity I 30.0-34.9""","""4""","""Less than 11 pounds""","""1""",3794
NA,"""No""","""2""","""2021""","""2021""","""Asian""","""A""","""Obesity I 30.0-34.9""","""4""","""11 to 20 pounds""","""2""",5971
NA,"""No""","""2""","""2021""","""2021""","""Asian""","""A""","""Obesity I 30.0-34.9""","""4""","""21 to 30 pounds""","""3""",5712
NA,"""No""","""2""","""2021""","""2021""","""Asian""","""A""","""Obesity I 30.0-34.9""","""4""","""31 to 40 pounds""","""4""",3060
NA,"""No""","""2""","""2021""","""2021""","""Asian""","""A""","""Obesity I 30.0-34.9""","""4""","""41 to 98 pounds""","""5""",1779
NA,"""No""","""2""","""2021""","""2021""","""Asian""","""A""","""Obesity I 30.0-34.9""","""4""","""Unknown or Not Stated""","""9""",194
NA,"""No""","""2""","""2021""","""2021""","""Asian""","""A""","""Obesity II 35.0-39.9""","""5""","""Less than 11 pounds""","""1""",1357
NA,"""No""","""2""","""2021""","""2021""","""Asian""","""A""","""Obesity II 35.0-39.9""","""5""","""11 to 20 pounds""","""2""",1582
NA,"""No""","""2""","""2021""","""2021""","""Asian""","""A""","""Obesity II 35.0-39.9""","""5""","""21 to 30 pounds""","""3""",1396
NA,"""No""","""2""","""2021""","""2021""","""Asian""","""A""","""Obesity II 35.0-39.9""","""5""","""31 to 40 pounds""","""4""",692
NA,"""No""","""2""","""2021""","""2021""","""Asian""","""A""","""Obesity II 35.0-39.9""","""5""","""41 to 98 pounds""","""5""",416
NA,"""No""","""2""","""2021""","""2021""","""Asian""","""A""","""Obesity II 35.0-39.9""","""5""","""Unknown or Not Stated""","""9""",58
NA,"""No""","""2""","""2021""","""2021""","""Asian""","""A""","""Extreme Obesity III > 39.9""","""6""","""Less than 11 pounds""","""1""",555
NA,"""No""","""2""","""2021""","""2021""","""Asian""","""A""","""Extreme Obesity III > 39.9""","""6""","""11 to 20 pounds""","""2""",527
NA,"""No""","""2""","""2021""","""2021""","""Asian""","""A""","""Extreme Obesity III > 39.9""","""6""","""21 to 30 pounds""","""3""",393
NA,"""No""","""2""","""2021""","""2021""","""Asian""","""A""","""Extreme Obesity III > 39.9""","""6""","""31 to 40 pounds""","""4""",183
NA,"""No""","""2""","""2021""","""2021""","""Asian""","""A""","""Extreme Obesity III > 39.9""","""6""","""41 to 98 pounds""","""5""",142
NA,"""No""","""2""","""2021""","""2021""","""Asian""","""A""","""Extreme Obesity III > 39.9""","""6""","""Unknown or Not Stated""","""9""",41
NA,"""No""","""2""","""2021""","""2021""","""Asian""","""A""","""Unknown or Not Stated""","""9""","""Less than 11 pounds""","""1""",47
NA,"""No""","""2""","""2021""","""2021""","""Asian""","""A""","""Unknown or Not Stated""","""9""","""11 to 20 pounds""","""2""",105
NA,"""No""","""2""","""2021""","""2021""","""Asian""","""A""","""Unknown or Not Stated""","""9""","""21 to 30 pounds""","""3""",139
NA,"""No""","""2""","""2021""","""2021""","""Asian""","""A""","""Unknown or Not Stated""","""9""","""31 to 40 pounds""","""4""",111
NA,"""No""","""2""","""2021""","""2021""","""Asian""","""A""","""Unknown or Not Stated""","""9""","""41 to 98 pounds""","""5""",52
NA,"""No""","""2""","""2021""","""2021""","""Asian""","""A""","""Unknown or Not Stated""","""9""","""Unknown or Not Stated""","""9""",4211
NA,"""No""","""2""","""2021""","""2021""","""Black or African American""","""2054-5""","""Underweight <18.5""","""1""","""Less than 11 pounds""","""1""",526
NA,"""No""","""2""","""2021""","""2021""","""Black or African American""","""2054-5""","""Underweight <18.5""","""1""","""11 to 20 pounds""","""2""",2204
NA,"""No""","""2""","""2021""","""2021""","""Black or African American""","""2054-5""","""Underweight <18.5""","""1""","""21 to 30 pounds""","""3""",4354
NA,"""No""","""2""","""2021""","""2021""","""Black or African American""","""2054-5""","""Underweight <18.5""","""1""","""31 to 40 pounds""","""4""",3861
NA,"""No""","""2""","""2021""","""2021""","""Black or African American""","""2054-5""","""Underweight <18.5""","""1""","""41 to 98 pounds""","""5""",3898
NA,"""No""","""2""","""2021""","""2021""","""Black or African American""","""2054-5""","""Underweight <18.5""","""1""","""Unknown or Not Stated""","""9""",109
NA,"""No""","""2""","""2021""","""2021""","""Black or African American""","""2054-5""","""Normal 18.5-24.9""","""2""","""Less than 11 pounds""","""1""",9773
NA,"""No""","""2""","""2021""","""2021""","""Black or African American""","""2054-5""","""Normal 18.5-24.9""","""2""","""11 to 20 pounds""","""2""",27035
NA,"""No""","""2""","""2021""","""2021""","""Black or African American""","""2054-5""","""Normal 18.5-24.9""","""2""","""21 to 30 pounds""","""3""",44858
NA,"""No""","""2""","""2021""","""2021""","""Black or African American""","""2054-5""","""Normal 18.5-24.9""","""2""","""31 to 40 pounds""","""4""",39763
NA,"""No""","""2""","""2021""","""2021""","""Black or African American""","""2054-5""","""Normal 18.5-24.9""","""2""","""41 to 98 pounds""","""5""",43281
NA,"""No""","""2""","""2021""","""2021""","""Black or African American""","""2054-5""","""Normal 18.5-24.9""","""2""","""Unknown or Not Stated""","""9""",1264
NA,"""No""","""2""","""2021""","""2021""","""Black or African American""","""2054-5""","""Overweight 25.0-29.9""","""3""","""Less than 11 pounds""","""1""",16565
NA,"""No""","""2""","""2021""","""2021""","""Black or African American""","""2054-5""","""Overweight 25.0-29.9""","""3""","""11 to 20 pounds""","""2""",30531
NA,"""No""","""2""","""2021""","""2021""","""Black or African American""","""2054-5""","""Overweight 25.0-29.9""","""3""","""21 to 30 pounds""","""3""",39186
NA,"""No""","""2""","""2021""","""2021""","""Black or African American""","""2054-5""","""Overweight 25.0-29.9""","""3""","""31 to 40 pounds""","""4""",30195
NA,"""No""","""2""","""2021""","""2021""","""Black or African American""","""2054-5""","""Overweight 25.0-29.9""","""3""","""41 to 98 pounds""","""5""",33516
NA,"""No""","""2""","""2021""","""2021""","""Black or African American""","""2054-5""","""Overweight 25.0-29.9""","""3""","""Unknown or Not Stated""","""9""",1283
NA,"""No""","""2""","""2021""","""2021""","""Black or African American""","""2054-5""","""Obesity I 30.0-34.9""","""4""","""Less than 11 pounds""","""1""",18831
NA,"""No""","""2""","""2021""","""2021""","""Black or African American""","""2054-5""","""Obesity I 30.0-34.9""","""4""","""11 to 20 pounds""","""2""",25111
NA,"""No""","""2""","""2021""","""2021""","""Black or African American""","""2054-5""","""Obesity I 30.0-34.9""","""4""","""21 to 30 pounds""","""3""",26627
NA,"""No""","""2""","""2021""","""2021""","""Black or African American""","""2054-5""","""Obesity I 30.0-34.9""","""4""","""31 to 40 pounds""","""4""",18585
NA,"""No""","""2""","""2021""","""2021""","""Black or African American""","""2054-5""","""Obesity I 30.0-34.9""","""4""","""41 to 98 pounds""","""5""",18773
NA,"""No""","""2""","""2021""","""2021""","""Black or African American""","""2054-5""","""Obesity I 30.0-34.9""","""4""","""Unknown or Not Stated""","""9""",1123
NA,"""No""","""2""","""2021""","""2021""","""Black or African American""","""2054-5""","""Obesity II 35.0-39.9""","""5""","""Less than 11 pounds""","""1""",14702
NA,"""No""","""2""","""2021""","""2021""","""Black or African American""","""2054-5""","""Obesity II 35.0-39.9""","""5""","""11 to 20 pounds""","""2""",14771
NA,"""No""","""2""","""2021""","""2021""","""Black or African American""","""2054-5""","""Obesity II 35.0-39.9""","""5""","""21 to 30 pounds""","""3""",13459
NA,"""No""","""2""","""2021""","""2021""","""Black or African American""","""2054-5""","""Obesity II 35.0-39.9""","""5""","""31 to 40 pounds""","""4""",8437
NA,"""No""","""2""","""2021""","""2021""","""Black or African American""","""2054-5""","""Obesity II 35.0-39.9""","""5""","""41 to 98 pounds""","""5""",8409
NA,"""No""","""2""","""2021""","""2021""","""Black or African American""","""2054-5""","""Obesity II 35.0-39.9""","""5""","""Unknown or Not Stated""","""9""",1013
NA,"""No""","""2""","""2021""","""2021""","""Black or African American""","""2054-5""","""Extreme Obesity III > 39.9""","""6""","""Less than 11 pounds""","""1""",15950
NA,"""No""","""2""","""2021""","""2021""","""Black or African American""","""2054-5""","""Extreme Obesity III > 39.9""","""6""","""11 to 20 pounds""","""2""",12107
NA,"""No""","""2""","""2021""","""2021""","""Black or African American""","""2054-5""","""Extreme Obesity III > 39.9""","""6""","""21 to 30 pounds""","""3""",10058
NA,"""No""","""2""","""2021""","""2021""","""Black or African American""","""2054-5""","""Extreme Obesity III > 39.9""","""6""","""31 to 40 pounds""","""4""",5831
NA,"""No""","""2""","""2021""","""2021""","""Black or African American""","""2054-5""","""Extreme Obesity III > 39.9""","""6""","""41 to 98 pounds""","""5""",5947
NA,"""No""","""2""","""2021""","""2021""","""Black or African American""","""2054-5""","""Extreme Obesity III > 39.9""","""6""","""Unknown or Not Stated""","""9""",1738
NA,"""No""","""2""","""2021""","""2021""","""Black or African American""","""2054-5""","""Unknown or Not Stated""","""9""","""Less than 11 pounds""","""1""",224
NA,"""No""","""2""","""2021""","""2021""","""Black or African American""","""2054-5""","""Unknown or Not Stated""","""9""","""11 to 20 pounds""","""2""",259
NA,"""No""","""2""","""2021""","""2021""","""Black or African American""","""2054-5""","""Unknown or Not Stated""","""9""","""21 to 30 pounds""","""3""",280
NA,"""No""","""2""","""2021""","""2021""","""Black or African American""","""2054-5""","""Unknown or Not Stated""","""9""","""31 to 40 pounds""","""4""",176
NA,"""No""","""2""","""2021""","""2021""","""Black or African American""","""2054-5""","""Unknown or Not Stated""","""9""","""41 to 98 pounds""","""5""",197
NA,"""No""","""2""","""2021""","""2021""","""Black or African American""","""2054-5""","""Unknown or Not Stated""","""9""","""Unknown or Not Stated""","""9""",12970
NA,"""No""","""2""","""2021""","""2021""","""Native Hawaiian or Other Pacific Islander""","""NHOPI""","""Underweight <18.5""","""1""","""11 to 20 pounds""","""2""",27
NA,"""No""","""2""","""2021""","""2021""","""Native Hawaiian or Other Pacific Islander""","""NHOPI""","""Underweight <18.5""","""1""","""21 to 30 pounds""","""3""",60
NA,"""No""","""2""","""2021""","""2021""","""Native Hawaiian or Other Pacific Islander""","""NHOPI""","""Underweight <18.5""","""1""","""31 to 40 pounds""","""4""",45
NA,"""No""","""2""","""2021""","""2021""","""Native Hawaiian or Other Pacific Islander""","""NHOPI""","""Underweight <18.5""","""1""","""41 to 98 pounds""","""5""",46
NA,"""No""","""2""","""2021""","""2021""","""Native Hawaiian or Other Pacific Islander""","""NHOPI""","""Normal 18.5-24.9""","""2""","""Less than 11 pounds""","""1""",269
NA,"""No""","""2""","""2021""","""2021""","""Native Hawaiian or Other Pacific Islander""","""NHOPI""","""Normal 18.5-24.9""","""2""","""11 to 20 pounds""","""2""",487
NA,"""No""","""2""","""2021""","""2021""","""Native Hawaiian or Other Pacific Islander""","""NHOPI""","""Normal 18.5-24.9""","""2""","""21 to 30 pounds""","""3""",835
NA,"""No""","""2""","""2021""","""2021""","""Native Hawaiian or Other Pacific Islander""","""NHOPI""","""Normal 18.5-24.9""","""2""","""31 to 40 pounds""","""4""",654
NA,"""No""","""2""","""2021""","""2021""","""Native Hawaiian or Other Pacific Islander""","""NHOPI""","""Normal 18.5-24.9""","""2""","""41 to 98 pounds""","""5""",716
NA,"""No""","""2""","""2021""","""2021""","""Native Hawaiian or Other Pacific Islander""","""NHOPI""","""Normal 18.5-24.9""","""2""","""Unknown or Not Stated""","""9""",45
NA,"""No""","""2""","""2021""","""2021""","""Native Hawaiian or Other Pacific Islander""","""NHOPI""","""Overweight 25.0-29.9""","""3""","""Less than 11 pounds""","""1""",524
NA,"""No""","""2""","""2021""","""2021""","""Native Hawaiian or Other Pacific Islander""","""NHOPI""","""Overweight 25.0-29.9""","""3""","""11 to 20 pounds""","""2""",654
NA,"""No""","""2""","""2021""","""2021""","""Native Hawaiian or Other Pacific Islander""","""NHOPI""","""Overweight 25.0-29.9""","""3""","""21 to 30 pounds""","""3""",812
NA,"""No""","""2""","""2021""","""2021""","""Native Hawaiian or Other Pacific Islander""","""NHOPI""","""Overweight 25.0-29.9""","""3""","""31 to 40 pounds""","""4""",625
NA,"""No""","""2""","""2021""","""2021""","""Native Hawaiian or Other Pacific Islander""","""NHOPI""","""Overweight 25.0-29.9""","""3""","""41 to 98 pounds""","""5""",752
NA,"""No""","""2""","""2021""","""2021""","""Native Hawaiian or Other Pacific Islander""","""NHOPI""","""Overweight 25.0-29.9""","""3""","""Unknown or Not Stated""","""9""",46
NA,"""No""","""2""","""2021""","""2021""","""Native Hawaiian or Other Pacific Islander""","""NHOPI""","""Obesity I 30.0-34.9""","""4""","""Less than 11 pounds""","""1""",568
NA,"""No""","""2""","""2021""","""2021""","""Native Hawaiian or Other Pacific Islander""","""NHOPI""","""Obesity I 30.0-34.9""","""4""","""11 to 20 pounds""","""2""",589
NA,"""No""","""2""","""2021""","""2021""","""Native Hawaiian or Other Pacific Islander""","""NHOPI""","""Obesity I 30.0-34.9""","""4""","""21 to 30 pounds""","""3""",595
NA,"""No""","""2""","""2021""","""2021""","""Native Hawaiian or Other Pacific Islander""","""NHOPI""","""Obesity I 30.0-34.9""","""4""","""31 to 40 pounds""","""4""",382
NA,"""No""","""2""","""2021""","""2021""","""Native Hawaiian or Other Pacific Islander""","""NHOPI""","""Obesity I 30.0-34.9""","""4""","""41 to 98 pounds""","""5""",496
NA,"""No""","""2""","""2021""","""2021""","""Native Hawaiian or Other Pacific Islander""","""NHOPI""","""Obesity I 30.0-34.9""","""4""","""Unknown or Not Stated""","""9""",41
NA,"""No""","""2""","""2021""","""2021""","""Native Hawaiian or Other Pacific Islander""","""NHOPI""","""Obesity II 35.0-39.9""","""5""","""Less than 11 pounds""","""1""",413
NA,"""No""","""2""","""2021""","""2021""","""Native Hawaiian or Other Pacific Islander""","""NHOPI""","""Obesity II 35.0-39.9""","""5""","""11 to 20 pounds""","""2""",373
NA,"""No""","""2""","""2021""","""2021""","""Native Hawaiian or Other Pacific Islander""","""NHOPI""","""Obesity II 35.0-39.9""","""5""","""21 to 30 pounds""","""3""",351
NA,"""No""","""2""","""2021""","""2021""","""Native Hawaiian or Other Pacific Islander""","""NHOPI""","""Obesity II 35.0-39.9""","""5""","""31 to 40 pounds""","""4""",232
NA,"""No""","""2""","""2021""","""2021""","""Native Hawaiian or Other Pacific Islander""","""NHOPI""","""Obesity II 35.0-39.9""","""5""","""41 to 98 pounds""","""5""",259
NA,"""No""","""2""","""2021""","""2021""","""Native Hawaiian or Other Pacific Islander""","""NHOPI""","""Obesity II 35.0-39.9""","""5""","""Unknown or Not Stated""","""9""",41
NA,"""No""","""2""","""2021""","""2021""","""Native Hawaiian or Other Pacific Islander""","""NHOPI""","""Extreme Obesity III > 39.9""","""6""","""Less than 11 pounds""","""1""",374
NA,"""No""","""2""","""2021""","""2021""","""Native Hawaiian or Other Pacific Islander""","""NHOPI""","""Extreme Obesity III > 39.9""","""6""","""11 to 20 pounds""","""2""",241
NA,"""No""","""2""","""2021""","""2021""","""Native Hawaiian or Other Pacific Islander""","""NHOPI""","""Extreme Obesity III > 39.9""","""6""","""21 to 30 pounds""","""3""",228
NA,"""No""","""2""","""2021""","""2021""","""Native Hawaiian or Other Pacific Islander""","""NHOPI""","""Extreme Obesity III > 39.9""","""6""","""31 to 40 pounds""","""4""",157
NA,"""No""","""2""","""2021""","""2021""","""Native Hawaiian or Other Pacific Islander""","""NHOPI""","""Extreme Obesity III > 39.9""","""6""","""41 to 98 pounds""","""5""",176
NA,"""No""","""2""","""2021""","""2021""","""Native Hawaiian or Other Pacific Islander""","""NHOPI""","""Extreme Obesity III > 39.9""","""6""","""Unknown or Not Stated""","""9""",23
NA,"""No""","""2""","""2021""","""2021""","""Native Hawaiian or Other Pacific Islander""","""NHOPI""","""Unknown or Not Stated""","""9""","""Less than 11 pounds""","""1""",19
NA,"""No""","""2""","""2021""","""2021""","""Native Hawaiian or Other Pacific Islander""","""NHOPI""","""Unknown or Not Stated""","""9""","""11 to 20 pounds""","""2""",12
NA,"""No""","""2""","""2021""","""2021""","""Native Hawaiian or Other Pacific Islander""","""NHOPI""","""Unknown or Not Stated""","""9""","""21 to 30 pounds""","""3""",12
NA,"""No""","""2""","""2021""","""2021""","""Native Hawaiian or Other Pacific Islander""","""NHOPI""","""Unknown or Not Stated""","""9""","""31 to 40 pounds""","""4""",10
NA,"""No""","""2""","""2021""","""2021""","""Native Hawaiian or Other Pacific Islander""","""NHOPI""","""Unknown or Not Stated""","""9""","""Unknown or Not Stated""","""9""",728
NA,"""No""","""2""","""2021""","""2021""","""White""","""2106-3""","""Underweight <18.5""","""1""","""Less than 11 pounds""","""1""",1350
NA,"""No""","""2""","""2021""","""2021""","""White""","""2106-3""","""Underweight <18.5""","""1""","""11 to 20 pounds""","""2""",7867
NA,"""No""","""2""","""2021""","""2021""","""White""","""2106-3""","""Underweight <18.5""","""1""","""21 to 30 pounds""","""3""",20485
NA,"""No""","""2""","""2021""","""2021""","""White""","""2106-3""","""Underweight <18.5""","""1""","""31 to 40 pounds""","""4""",18916
NA,"""No""","""2""","""2021""","""2021""","""White""","""2106-3""","""Underweight <18.5""","""1""","""41 to 98 pounds""","""5""",16856
NA,"""No""","""2""","""2021""","""2021""","""White""","""2106-3""","""Underweight <18.5""","""1""","""Unknown or Not Stated""","""9""",501
NA,"""No""","""2""","""2021""","""2021""","""White""","""2106-3""","""Normal 18.5-24.9""","""2""","""Less than 11 pounds""","""1""",30069
NA,"""No""","""2""","""2021""","""2021""","""White""","""2106-3""","""Normal 18.5-24.9""","""2""","""11 to 20 pounds""","""2""",129720
NA,"""No""","""2""","""2021""","""2021""","""White""","""2106-3""","""Normal 18.5-24.9""","""2""","""21 to 30 pounds""","""3""",319071
NA,"""No""","""2""","""2021""","""2021""","""White""","""2106-3""","""Normal 18.5-24.9""","""2""","""31 to 40 pounds""","""4""",312768
NA,"""No""","""2""","""2021""","""2021""","""White""","""2106-3""","""Normal 18.5-24.9""","""2""","""41 to 98 pounds""","""5""",255073
NA,"""No""","""2""","""2021""","""2021""","""White""","""2106-3""","""Normal 18.5-24.9""","""2""","""Unknown or Not Stated""","""9""",7965
NA,"""No""","""2""","""2021""","""2021""","""White""","""2106-3""","""Overweight 25.0-29.9""","""3""","""Less than 11 pounds""","""1""",53821
NA,"""No""","""2""","""2021""","""2021""","""White""","""2106-3""","""Overweight 25.0-29.9""","""3""","""11 to 20 pounds""","""2""",130140
NA,"""No""","""2""","""2021""","""2021""","""White""","""2106-3""","""Overweight 25.0-29.9""","""3""","""21 to 30 pounds""","""3""",204159
NA,"""No""","""2""","""2021""","""2021""","""White""","""2106-3""","""Overweight 25.0-29.9""","""3""","""31 to 40 pounds""","""4""",172355
NA,"""No""","""2""","""2021""","""2021""","""White""","""2106-3""","""Overweight 25.0-29.9""","""3""","""41 to 98 pounds""","""5""",163673
NA,"""No""","""2""","""2021""","""2021""","""White""","""2106-3""","""Overweight 25.0-29.9""","""3""","""Unknown or Not Stated""","""9""",5223
NA,"""No""","""2""","""2021""","""2021""","""White""","""2106-3""","""Obesity I 30.0-34.9""","""4""","""Less than 11 pounds""","""1""",61495
NA,"""No""","""2""","""2021""","""2021""","""White""","""2106-3""","""Obesity I 30.0-34.9""","""4""","""11 to 20 pounds""","""2""",97514
NA,"""No""","""2""","""2021""","""2021""","""White""","""2106-3""","""Obesity I 30.0-34.9""","""4""","""21 to 30 pounds""","""3""",112161
NA,"""No""","""2""","""2021""","""2021""","""White""","""2106-3""","""Obesity I 30.0-34.9""","""4""","""31 to 40 pounds""","""4""",78599
NA,"""No""","""2""","""2021""","""2021""","""White""","""2106-3""","""Obesity I 30.0-34.9""","""4""","""41 to 98 pounds""","""5""",71608
NA,"""No""","""2""","""2021""","""2021""","""White""","""2106-3""","""Obesity I 30.0-34.9""","""4""","""Unknown or Not Stated""","""9""",3712
NA,"""No""","""2""","""2021""","""2021""","""White""","""2106-3""","""Obesity II 35.0-39.9""","""5""","""Less than 11 pounds""","""1""",47455
NA,"""No""","""2""","""2021""","""2021""","""White""","""2106-3""","""Obesity II 35.0-39.9""","""5""","""11 to 20 pounds""","""2""",52927
NA,"""No""","""2""","""2021""","""2021""","""White""","""2106-3""","""Obesity II 35.0-39.9""","""5""","""21 to 30 pounds""","""3""",49990
NA,"""No""","""2""","""2021""","""2021""","""White""","""2106-3""","""Obesity II 35.0-39.9""","""5""","""31 to 40 pounds""","""4""",30206
NA,"""No""","""2""","""2021""","""2021""","""White""","""2106-3""","""Obesity II 35.0-39.9""","""5""","""41 to 98 pounds""","""5""",26508
NA,"""No""","""2""","""2021""","""2021""","""White""","""2106-3""","""Obesity II 35.0-39.9""","""5""","""Unknown or Not Stated""","""9""",2654
NA,"""No""","""2""","""2021""","""2021""","""White""","""2106-3""","""Extreme Obesity III > 39.9""","""6""","""Less than 11 pounds""","""1""",44823
NA,"""No""","""2""","""2021""","""2021""","""White""","""2106-3""","""Extreme Obesity III > 39.9""","""6""","""11 to 20 pounds""","""2""",35617
NA,"""No""","""2""","""2021""","""2021""","""White""","""2106-3""","""Extreme Obesity III > 39.9""","""6""","""21 to 30 pounds""","""3""",29401
NA,"""No""","""2""","""2021""","""2021""","""White""","""2106-3""","""Extreme Obesity III > 39.9""","""6""","""31 to 40 pounds""","""4""",16553
NA,"""No""","""2""","""2021""","""2021""","""White""","""2106-3""","""Extreme Obesity III > 39.9""","""6""","""41 to 98 pounds""","""5""",14397
NA,"""No""","""2""","""2021""","""2021""","""White""","""2106-3""","""Extreme Obesity III > 39.9""","""6""","""Unknown or Not Stated""","""9""",3848
NA,"""No""","""2""","""2021""","""2021""","""White""","""2106-3""","""Unknown or Not Stated""","""9""","""Less than 11 pounds""","""1""",816
NA,"""No""","""2""","""2021""","""2021""","""White""","""2106-3""","""Unknown or Not Stated""","""9""","""11 to 20 pounds""","""2""",1234
NA,"""No""","""2""","""2021""","""2021""","""White""","""2106-3""","""Unknown or Not Stated""","""9""","""21 to 30 pounds""","""3""",1649
NA,"""No""","""2""","""2021""","""2021""","""White""","""2106-3""","""Unknown or Not Stated""","""9""","""31 to 40 pounds""","""4""",1267
NA,"""No""","""2""","""2021""","""2021""","""White""","""2106-3""","""Unknown or Not Stated""","""9""","""41 to 98 pounds""","""5""",939
NA,"""No""","""2""","""2021""","""2021""","""White""","""2106-3""","""Unknown or Not Stated""","""9""","""Unknown or Not Stated""","""9""",42399
NA,"""No""","""2""","""2021""","""2021""","""More than one race""","""M""","""Underweight <18.5""","""1""","""Less than 11 pounds""","""1""",84
NA,"""No""","""2""","""2021""","""2021""","""More than one race""","""M""","""Underweight <18.5""","""1""","""11 to 20 pounds""","""2""",310
NA,"""No""","""2""","""2021""","""2021""","""More than one race""","""M""","""Underweight <18.5""","""1""","""21 to 30 pounds""","""3""",883
NA,"""No""","""2""","""2021""","""2021""","""More than one race""","""M""","""Underweight <18.5""","""1""","""31 to 40 pounds""","""4""",899
NA,"""No""","""2""","""2021""","""2021""","""More than one race""","""M""","""Underweight <18.5""","""1""","""41 to 98 pounds""","""5""",943
NA,"""No""","""2""","""2021""","""2021""","""More than one race""","""M""","""Underweight <18.5""","""1""","""Unknown or Not Stated""","""9""",32
NA,"""No""","""2""","""2021""","""2021""","""More than one race""","""M""","""Normal 18.5-24.9""","""2""","""Less than 11 pounds""","""1""",1401
NA,"""No""","""2""","""2021""","""2021""","""More than one race""","""M""","""Normal 18.5-24.9""","""2""","""11 to 20 pounds""","""2""",4163
NA,"""No""","""2""","""2021""","""2021""","""More than one race""","""M""","""Normal 18.5-24.9""","""2""","""21 to 30 pounds""","""3""",9795
NA,"""No""","""2""","""2021""","""2021""","""More than one race""","""M""","""Normal 18.5-24.9""","""2""","""31 to 40 pounds""","""4""",10372
NA,"""No""","""2""","""2021""","""2021""","""More than one race""","""M""","""Normal 18.5-24.9""","""2""","""41 to 98 pounds""","""5""",10977
NA,"""No""","""2""","""2021""","""2021""","""More than one race""","""M""","""Normal 18.5-24.9""","""2""","""Unknown or Not Stated""","""9""",382
NA,"""No""","""2""","""2021""","""2021""","""More than one race""","""M""","""Overweight 25.0-29.9""","""3""","""Less than 11 pounds""","""1""",2333
NA,"""No""","""2""","""2021""","""2021""","""More than one race""","""M""","""Overweight 25.0-29.9""","""3""","""11 to 20 pounds""","""2""",4173
NA,"""No""","""2""","""2021""","""2021""","""More than one race""","""M""","""Overweight 25.0-29.9""","""3""","""21 to 30 pounds""","""3""",6669
NA,"""No""","""2""","""2021""","""2021""","""More than one race""","""M""","""Overweight 25.0-29.9""","""3""","""31 to 40 pounds""","""4""",5954
NA,"""No""","""2""","""2021""","""2021""","""More than one race""","""M""","""Overweight 25.0-29.9""","""3""","""41 to 98 pounds""","""5""",7426
NA,"""No""","""2""","""2021""","""2021""","""More than one race""","""M""","""Overweight 25.0-29.9""","""3""","""Unknown or Not Stated""","""9""",253
NA,"""No""","""2""","""2021""","""2021""","""More than one race""","""M""","""Obesity I 30.0-34.9""","""4""","""Less than 11 pounds""","""1""",2695
NA,"""No""","""2""","""2021""","""2021""","""More than one race""","""M""","""Obesity I 30.0-34.9""","""4""","""11 to 20 pounds""","""2""",3390
NA,"""No""","""2""","""2021""","""2021""","""More than one race""","""M""","""Obesity I 30.0-34.9""","""4""","""21 to 30 pounds""","""3""",3928
NA,"""No""","""2""","""2021""","""2021""","""More than one race""","""M""","""Obesity I 30.0-34.9""","""4""","""31 to 40 pounds""","""4""",3220
NA,"""No""","""2""","""2021""","""2021""","""More than one race""","""M""","""Obesity I 30.0-34.9""","""4""","""41 to 98 pounds""","""5""",3588
NA,"""No""","""2""","""2021""","""2021""","""More than one race""","""M""","""Obesity I 30.0-34.9""","""4""","""Unknown or Not Stated""","""9""",203
NA,"""No""","""2""","""2021""","""2021""","""More than one race""","""M""","""Obesity II 35.0-39.9""","""5""","""Less than 11 pounds""","""1""",2165
NA,"""No""","""2""","""2021""","""2021""","""More than one race""","""M""","""Obesity II 35.0-39.9""","""5""","""11 to 20 pounds""","""2""",2034
NA,"""No""","""2""","""2021""","""2021""","""More than one race""","""M""","""Obesity II 35.0-39.9""","""5""","""21 to 30 pounds""","""3""",2115
NA,"""No""","""2""","""2021""","""2021""","""More than one race""","""M""","""Obesity II 35.0-39.9""","""5""","""31 to 40 pounds""","""4""",1400
NA,"""No""","""2""","""2021""","""2021""","""More than one race""","""M""","""Obesity II 35.0-39.9""","""5""","""41 to 98 pounds""","""5""",1404
NA,"""No""","""2""","""2021""","""2021""","""More than one race""","""M""","""Obesity II 35.0-39.9""","""5""","""Unknown or Not Stated""","""9""",148
NA,"""No""","""2""","""2021""","""2021""","""More than one race""","""M""","""Extreme Obesity III > 39.9""","""6""","""Less than 11 pounds""","""1""",2324
NA,"""No""","""2""","""2021""","""2021""","""More than one race""","""M""","""Extreme Obesity III > 39.9""","""6""","""11 to 20 pounds""","""2""",1664
NA,"""No""","""2""","""2021""","""2021""","""More than one race""","""M""","""Extreme Obesity III > 39.9""","""6""","""21 to 30 pounds""","""3""",1448
NA,"""No""","""2""","""2021""","""2021""","""More than one race""","""M""","""Extreme Obesity III > 39.9""","""6""","""31 to 40 pounds""","""4""",837
NA,"""No""","""2""","""2021""","""2021""","""More than one race""","""M""","""Extreme Obesity III > 39.9""","""6""","""41 to 98 pounds""","""5""",905
NA,"""No""","""2""","""2021""","""2021""","""More than one race""","""M""","""Extreme Obesity III > 39.9""","""6""","""Unknown or Not Stated""","""9""",260
NA,"""No""","""2""","""2021""","""2021""","""More than one race""","""M""","""Unknown or Not Stated""","""9""","""Less than 11 pounds""","""1""",19
NA,"""No""","""2""","""2021""","""2021""","""More than one race""","""M""","""Unknown or Not Stated""","""9""","""11 to 20 pounds""","""2""",25
NA,"""No""","""2""","""2021""","""2021""","""More than one race""","""M""","""Unknown or Not Stated""","""9""","""21 to 30 pounds""","""3""",38
NA,"""No""","""2""","""2021""","""2021""","""More than one race""","""M""","""Unknown or Not Stated""","""9""","""31 to 40 pounds""","""4""",22
NA,"""No""","""2""","""2021""","""2021""","""More than one race""","""M""","""Unknown or Not Stated""","""9""","""41 to 98 pounds""","""5""",33
NA,"""No""","""2""","""2021""","""2021""","""More than one race""","""M""","""Unknown or Not Stated""","""9""","""Unknown or Not Stated""","""9""",2016
NA,"""Unknown or Not Stated""","""9""","""2021""","""2021""","""American Indian or Alaska Native""","""1002-5""","""Unknown or Not Stated""","""9""","""Unknown or Not Stated""","""9""",13
NA,"""Unknown or Not Stated""","""9""","""2021""","""2021""","""Asian""","""A""","""Normal 18.5-24.9""","""2""","""21 to 30 pounds""","""3""",21
NA,"""Unknown or Not Stated""","""9""","""2021""","""2021""","""Asian""","""A""","""Normal 18.5-24.9""","""2""","""31 to 40 pounds""","""4""",18
NA,"""Unknown or Not Stated""","""9""","""2021""","""2021""","""Asian""","""A""","""Normal 18.5-24.9""","""2""","""41 to 98 pounds""","""5""",11
NA,"""Unknown or Not Stated""","""9""","""2021""","""2021""","""Asian""","""A""","""Normal 18.5-24.9""","""2""","""Unknown or Not Stated""","""9""",38
NA,"""Unknown or Not Stated""","""9""","""2021""","""2021""","""Asian""","""A""","""Overweight 25.0-29.9""","""3""","""21 to 30 pounds""","""3""",14
NA,"""Unknown or Not Stated""","""9""","""2021""","""2021""","""Asian""","""A""","""Overweight 25.0-29.9""","""3""","""Unknown or Not Stated""","""9""",17
NA,"""Unknown or Not Stated""","""9""","""2021""","""2021""","""Asian""","""A""","""Unknown or Not Stated""","""9""","""Unknown or Not Stated""","""9""",85
NA,"""Unknown or Not Stated""","""9""","""2021""","""2021""","""Black or African American""","""2054-5""","""Normal 18.5-24.9""","""2""","""Less than 11 pounds""","""1""",28
NA,"""Unknown or Not Stated""","""9""","""2021""","""2021""","""Black or African American""","""2054-5""","""Normal 18.5-24.9""","""2""","""11 to 20 pounds""","""2""",30
NA,"""Unknown or Not Stated""","""9""","""2021""","""2021""","""Black or African American""","""2054-5""","""Normal 18.5-24.9""","""2""","""21 to 30 pounds""","""3""",43
NA,"""Unknown or Not Stated""","""9""","""2021""","""2021""","""Black or African American""","""2054-5""","""Normal 18.5-24.9""","""2""","""31 to 40 pounds""","""4""",40
NA,"""Unknown or Not Stated""","""9""","""2021""","""2021""","""Black or African American""","""2054-5""","""Normal 18.5-24.9""","""2""","""41 to 98 pounds""","""5""",32
NA,"""Unknown or Not Stated""","""9""","""2021""","""2021""","""Black or African American""","""2054-5""","""Normal 18.5-24.9""","""2""","""Unknown or Not Stated""","""9""",28
NA,"""Unknown or Not Stated""","""9""","""2021""","""2021""","""Black or African American""","""2054-5""","""Overweight 25.0-29.9""","""3""","""Less than 11 pounds""","""1""",28
NA,"""Unknown or Not Stated""","""9""","""2021""","""2021""","""Black or African American""","""2054-5""","""Overweight 25.0-29.9""","""3""","""11 to 20 pounds""","""2""",34
NA,"""Unknown or Not Stated""","""9""","""2021""","""2021""","""Black or African American""","""2054-5""","""Overweight 25.0-29.9""","""3""","""21 to 30 pounds""","""3""",36
NA,"""Unknown or Not Stated""","""9""","""2021""","""2021""","""Black or African American""","""2054-5""","""Overweight 25.0-29.9""","""3""","""31 to 40 pounds""","""4""",27
NA,"""Unknown or Not Stated""","""9""","""2021""","""2021""","""Black or African American""","""2054-5""","""Overweight 25.0-29.9""","""3""","""41 to 98 pounds""","""5""",21
NA,"""Unknown or Not Stated""","""9""","""2021""","""2021""","""Black or African American""","""2054-5""","""Overweight 25.0-29.9""","""3""","""Unknown or Not Stated""","""9""",22
NA,"""Unknown or Not Stated""","""9""","""2021""","""2021""","""Black or African American""","""2054-5""","""Obesity I 30.0-34.9""","""4""","""Less than 11 pounds""","""1""",18
NA,"""Unknown or Not Stated""","""9""","""2021""","""2021""","""Black or African American""","""2054-5""","""Obesity I 30.0-34.9""","""4""","""11 to 20 pounds""","""2""",18
NA,"""Unknown or Not Stated""","""9""","""2021""","""2021""","""Black or African American""","""2054-5""","""Obesity I 30.0-34.9""","""4""","""21 to 30 pounds""","""3""",16
NA,"""Unknown or Not Stated""","""9""","""2021""","""2021""","""Black or African American""","""2054-5""","""Obesity I 30.0-34.9""","""4""","""41 to 98 pounds""","""5""",10
NA,"""Unknown or Not Stated""","""9""","""2021""","""2021""","""Black or African American""","""2054-5""","""Obesity I 30.0-34.9""","""4""","""Unknown or Not Stated""","""9""",14
NA,"""Unknown or Not Stated""","""9""","""2021""","""2021""","""Black or African American""","""2054-5""","""Obesity II 35.0-39.9""","""5""","""Less than 11 pounds""","""1""",10
NA,"""Unknown or Not Stated""","""9""","""2021""","""2021""","""Black or African American""","""2054-5""","""Obesity II 35.0-39.9""","""5""","""11 to 20 pounds""","""2""",10
NA,"""Unknown or Not Stated""","""9""","""2021""","""2021""","""Black or African American""","""2054-5""","""Extreme Obesity III > 39.9""","""6""","""11 to 20 pounds""","""2""",11
NA,"""Unknown or Not Stated""","""9""","""2021""","""2021""","""Black or African American""","""2054-5""","""Unknown or Not Stated""","""9""","""Unknown or Not Stated""","""9""",298
NA,"""Unknown or Not Stated""","""9""","""2021""","""2021""","""White""","""2106-3""","""Underweight <18.5""","""1""","""11 to 20 pounds""","""2""",18
NA,"""Unknown or Not Stated""","""9""","""2021""","""2021""","""White""","""2106-3""","""Underweight <18.5""","""1""","""21 to 30 pounds""","""3""",25
NA,"""Unknown or Not Stated""","""9""","""2021""","""2021""","""White""","""2106-3""","""Underweight <18.5""","""1""","""31 to 40 pounds""","""4""",29
NA,"""Unknown or Not Stated""","""9""","""2021""","""2021""","""White""","""2106-3""","""Underweight <18.5""","""1""","""41 to 98 pounds""","""5""",28
NA,"""Unknown or Not Stated""","""9""","""2021""","""2021""","""White""","""2106-3""","""Underweight <18.5""","""1""","""Unknown or Not Stated""","""9""",20
NA,"""Unknown or Not Stated""","""9""","""2021""","""2021""","""White""","""2106-3""","""Normal 18.5-24.9""","""2""","""Less than 11 pounds""","""1""",93
NA,"""Unknown or Not Stated""","""9""","""2021""","""2021""","""White""","""2106-3""","""Normal 18.5-24.9""","""2""","""11 to 20 pounds""","""2""",168
NA,"""Unknown or Not Stated""","""9""","""2021""","""2021""","""White""","""2106-3""","""Normal 18.5-24.9""","""2""","""21 to 30 pounds""","""3""",277
NA,"""Unknown or Not Stated""","""9""","""2021""","""2021""","""White""","""2106-3""","""Normal 18.5-24.9""","""2""","""31 to 40 pounds""","""4""",250
NA,"""Unknown or Not Stated""","""9""","""2021""","""2021""","""White""","""2106-3""","""Normal 18.5-24.9""","""2""","""41 to 98 pounds""","""5""",200
NA,"""Unknown or Not Stated""","""9""","""2021""","""2021""","""White""","""2106-3""","""Normal 18.5-24.9""","""2""","""Unknown or Not Stated""","""9""",184
NA,"""Unknown or Not Stated""","""9""","""2021""","""2021""","""White""","""2106-3""","""Overweight 25.0-29.9""","""3""","""Less than 11 pounds""","""1""",90
NA,"""Unknown or Not Stated""","""9""","""2021""","""2021""","""White""","""2106-3""","""Overweight 25.0-29.9""","""3""","""11 to 20 pounds""","""2""",126
NA,"""Unknown or Not Stated""","""9""","""2021""","""2021""","""White""","""2106-3""","""Overweight 25.0-29.9""","""3""","""21 to 30 pounds""","""3""",130
NA,"""Unknown or Not Stated""","""9""","""2021""","""2021""","""White""","""2106-3""","""Overweight 25.0-29.9""","""3""","""31 to 40 pounds""","""4""",126
NA,"""Unknown or Not Stated""","""9""","""2021""","""2021""","""White""","""2106-3""","""Overweight 25.0-29.9""","""3""","""41 to 98 pounds""","""5""",109
NA,"""Unknown or Not Stated""","""9""","""2021""","""2021""","""White""","""2106-3""","""Overweight 25.0-29.9""","""3""","""Unknown or Not Stated""","""9""",111
NA,"""Unknown or Not Stated""","""9""","""2021""","""2021""","""White""","""2106-3""","""Obesity I 30.0-34.9""","""4""","""Less than 11 pounds""","""1""",66
NA,"""Unknown or Not Stated""","""9""","""2021""","""2021""","""White""","""2106-3""","""Obesity I 30.0-34.9""","""4""","""11 to 20 pounds""","""2""",86
NA,"""Unknown or Not Stated""","""9""","""2021""","""2021""","""White""","""2106-3""","""Obesity I 30.0-34.9""","""4""","""21 to 30 pounds""","""3""",81
NA,"""Unknown or Not Stated""","""9""","""2021""","""2021""","""White""","""2106-3""","""Obesity I 30.0-34.9""","""4""","""31 to 40 pounds""","""4""",62
NA,"""Unknown or Not Stated""","""9""","""2021""","""2021""","""White""","""2106-3""","""Obesity I 30.0-34.9""","""4""","""41 to 98 pounds""","""5""",61
NA,"""Unknown or Not Stated""","""9""","""2021""","""2021""","""White""","""2106-3""","""Obesity I 30.0-34.9""","""4""","""Unknown or Not Stated""","""9""",42
NA,"""Unknown or Not Stated""","""9""","""2021""","""2021""","""White""","""2106-3""","""Obesity II 35.0-39.9""","""5""","""Less than 11 pounds""","""1""",34
NA,"""Unknown or Not Stated""","""9""","""2021""","""2021""","""White""","""2106-3""","""Obesity II 35.0-39.9""","""5""","""11 to 20 pounds""","""2""",42
NA,"""Unknown or Not Stated""","""9""","""2021""","""2021""","""White""","""2106-3""","""Obesity II 35.0-39.9""","""5""","""21 to 30 pounds""","""3""",40
NA,"""Unknown or Not Stated""","""9""","""2021""","""2021""","""White""","""2106-3""","""Obesity II 35.0-39.9""","""5""","""31 to 40 pounds""","""4""",16
NA,"""Unknown or Not Stated""","""9""","""2021""","""2021""","""White""","""2106-3""","""Obesity II 35.0-39.9""","""5""","""41 to 98 pounds""","""5""",15
NA,"""Unknown or Not Stated""","""9""","""2021""","""2021""","""White""","""2106-3""","""Obesity II 35.0-39.9""","""5""","""Unknown or Not Stated""","""9""",31
NA,"""Unknown or Not Stated""","""9""","""2021""","""2021""","""White""","""2106-3""","""Extreme Obesity III > 39.9""","""6""","""Less than 11 pounds""","""1""",35
NA,"""Unknown or Not Stated""","""9""","""2021""","""2021""","""White""","""2106-3""","""Extreme Obesity III > 39.9""","""6""","""11 to 20 pounds""","""2""",28
NA,"""Unknown or Not Stated""","""9""","""2021""","""2021""","""White""","""2106-3""","""Extreme Obesity III > 39.9""","""6""","""21 to 30 pounds""","""3""",19
NA,"""Unknown or Not Stated""","""9""","""2021""","""2021""","""White""","""2106-3""","""Extreme Obesity III > 39.9""","""6""","""41 to 98 pounds""","""5""",11
NA,"""Unknown or Not Stated""","""9""","""2021""","""2021""","""White""","""2106-3""","""Extreme Obesity III > 39.9""","""6""","""Unknown or Not Stated""","""9""",15
NA,"""Unknown or Not Stated""","""9""","""2021""","""2021""","""White""","""2106-3""","""Unknown or Not Stated""","""9""","""Unknown or Not Stated""","""9""",1152
NA,"""Unknown or Not Stated""","""9""","""2021""","""2021""","""More than one race""","""M""","""Normal 18.5-24.9""","""2""","""21 to 30 pounds""","""3""",13
NA,"""Unknown or Not Stated""","""9""","""2021""","""2021""","""More than one race""","""M""","""Normal 18.5-24.9""","""2""","""41 to 98 pounds""","""5""",12
NA,"""Unknown or Not Stated""","""9""","""2021""","""2021""","""More than one race""","""M""","""Unknown or Not Stated""","""9""","""Unknown or Not Stated""","""9""",17
