"""Notes""","""Maternal Transfusion""","""Maternal Transfusion Code""","""Year""","""Year Code""","""State of Residence""","""State of Residence Code""","Births"
NA,"""Yes""","""1""","""2016""","""2016""","""Alabama""","""01""",132
NA,"""Yes""","""1""","""2016""","""2016""","""Alaska""","""02""",55
NA,"""Yes""","""1""","""2016""","""2016""","""Arizona""","""04""",380
NA,"""Yes""","""1""","""2016""","""2016""","""Arkansas""","""05""",109
NA,"""Yes""","""1""","""2016""","""2016""","""California""","""06""",875
NA,"""Yes""","""1""","""2016""","""2016""","""Colorado""","""08""",204
NA,"""Yes""","""1""","""2016""","""2016""","""Connecticut""","""09""",129
NA,"""Yes""","""1""","""2016""","""2016""","""Delaware""","""10""",102
NA,"""Yes""","""1""","""2016""","""2016""","""District of Columbia""","""11""",28
NA,"""Yes""","""1""","""2016""","""2016""","""Florida""","""12""",319
NA,"""Yes""","""1""","""2016""","""2016""","""Georgia""","""13""",409
NA,"""Yes""","""1""","""2016""","""2016""","""Hawaii""","""15""",13
NA,"""Yes""","""1""","""2016""","""2016""","""Idaho""","""16""",70
NA,"""Yes""","""1""","""2016""","""2016""","""Illinois""","""17""",1099
NA,"""Yes""","""1""","""2016""","""2016""","""Indiana""","""18""",292
NA,"""Yes""","""1""","""2016""","""2016""","""Iowa""","""19""",191
NA,"""Yes""","""1""","""2016""","""2016""","""Kansas""","""20""",96
NA,"""Yes""","""1""","""2016""","""2016""","""Kentucky""","""21""",177
NA,"""Yes""","""1""","""2016""","""2016""","""Louisiana""","""22""",254
NA,"""Yes""","""1""","""2016""","""2016""","""Maine""","""23""",36
NA,"""Yes""","""1""","""2016""","""2016""","""Maryland""","""24""",243
NA,"""Yes""","""1""","""2016""","""2016""","""Massachusetts""","""25""",332
NA,"""Yes""","""1""","""2016""","""2016""","""Michigan""","""26""",421
NA,"""Yes""","""1""","""2016""","""2016""","""Minnesota""","""27""",258
NA,"""Yes""","""1""","""2016""","""2016""","""Mississippi""","""28""",99
NA,"""Yes""","""1""","""2016""","""2016""","""Missouri""","""29""",393
NA,"""Yes""","""1""","""2016""","""2016""","""Montana""","""30""",82
NA,"""Yes""","""1""","""2016""","""2016""","""Nebraska""","""31""",104
NA,"""Yes""","""1""","""2016""","""2016""","""Nevada""","""32""",100
NA,"""Yes""","""1""","""2016""","""2016""","""New Hampshire""","""33""",71
NA,"""Yes""","""1""","""2016""","""2016""","""New Jersey""","""34""",721
NA,"""Yes""","""1""","""2016""","""2016""","""New Mexico""","""35""",60
NA,"""Yes""","""1""","""2016""","""2016""","""New York""","""36""",1403
NA,"""Yes""","""1""","""2016""","""2016""","""North Carolina""","""37""",298
NA,"""Yes""","""1""","""2016""","""2016""","""North Dakota""","""38""",89
NA,"""Yes""","""1""","""2016""","""2016""","""Ohio""","""39""",770
NA,"""Yes""","""1""","""2016""","""2016""","""Oklahoma""","""40""",138
NA,"""Yes""","""1""","""2016""","""2016""","""Oregon""","""41""",257
NA,"""Yes""","""1""","""2016""","""2016""","""Pennsylvania""","""42""",501
NA,"""Yes""","""1""","""2016""","""2016""","""Rhode Island""","""44""",81
NA,"""Yes""","""1""","""2016""","""2016""","""South Carolina""","""45""",185
NA,"""Yes""","""1""","""2016""","""2016""","""South Dakota""","""46""",43
NA,"""Yes""","""1""","""2016""","""2016""","""Tennessee""","""47""",139
NA,"""Yes""","""1""","""2016""","""2016""","""Texas""","""48""",1061
NA,"""Yes""","""1""","""2016""","""2016""","""Utah""","""49""",274
NA,"""Yes""","""1""","""2016""","""2016""","""Vermont""","""50""",53
NA,"""Yes""","""1""","""2016""","""2016""","""Virginia""","""51""",117
NA,"""Yes""","""1""","""2016""","""2016""","""Washington""","""53""",543
NA,"""Yes""","""1""","""2016""","""2016""","""West Virginia""","""54""",81
NA,"""Yes""","""1""","""2016""","""2016""","""Wisconsin""","""55""",270
NA,"""Yes""","""1""","""2016""","""2016""","""Wyoming""","""56""",46
NA,"""Yes""","""1""","""2017""","""2017""","""Alabama""","""01""",137
NA,"""Yes""","""1""","""2017""","""2017""","""Alaska""","""02""",61
NA,"""Yes""","""1""","""2017""","""2017""","""Arizona""","""04""",495
NA,"""Yes""","""1""","""2017""","""2017""","""Arkansas""","""05""",140
NA,"""Yes""","""1""","""2017""","""2017""","""California""","""06""",995
NA,"""Yes""","""1""","""2017""","""2017""","""Colorado""","""08""",222
NA,"""Yes""","""1""","""2017""","""2017""","""Connecticut""","""09""",110
NA,"""Yes""","""1""","""2017""","""2017""","""Delaware""","""10""",105
NA,"""Yes""","""1""","""2017""","""2017""","""District of Columbia""","""11""",27
NA,"""Yes""","""1""","""2017""","""2017""","""Florida""","""12""",339
NA,"""Yes""","""1""","""2017""","""2017""","""Georgia""","""13""",397
NA,"""Yes""","""1""","""2017""","""2017""","""Hawaii""","""15""",18
NA,"""Yes""","""1""","""2017""","""2017""","""Idaho""","""16""",81
NA,"""Yes""","""1""","""2017""","""2017""","""Illinois""","""17""",1156
NA,"""Yes""","""1""","""2017""","""2017""","""Indiana""","""18""",337
NA,"""Yes""","""1""","""2017""","""2017""","""Iowa""","""19""",202
NA,"""Yes""","""1""","""2017""","""2017""","""Kansas""","""20""",126
NA,"""Yes""","""1""","""2017""","""2017""","""Kentucky""","""21""",195
NA,"""Yes""","""1""","""2017""","""2017""","""Louisiana""","""22""",266
NA,"""Yes""","""1""","""2017""","""2017""","""Maine""","""23""",24
NA,"""Yes""","""1""","""2017""","""2017""","""Maryland""","""24""",273
NA,"""Yes""","""1""","""2017""","""2017""","""Massachusetts""","""25""",457
NA,"""Yes""","""1""","""2017""","""2017""","""Michigan""","""26""",450
NA,"""Yes""","""1""","""2017""","""2017""","""Minnesota""","""27""",255
NA,"""Yes""","""1""","""2017""","""2017""","""Mississippi""","""28""",131
NA,"""Yes""","""1""","""2017""","""2017""","""Missouri""","""29""",359
NA,"""Yes""","""1""","""2017""","""2017""","""Montana""","""30""",70
NA,"""Yes""","""1""","""2017""","""2017""","""Nebraska""","""31""",120
NA,"""Yes""","""1""","""2017""","""2017""","""Nevada""","""32""",98
NA,"""Yes""","""1""","""2017""","""2017""","""New Hampshire""","""33""",96
NA,"""Yes""","""1""","""2017""","""2017""","""New Jersey""","""34""",655
NA,"""Yes""","""1""","""2017""","""2017""","""New Mexico""","""35""",67
NA,"""Yes""","""1""","""2017""","""2017""","""New York""","""36""",1389
NA,"""Yes""","""1""","""2017""","""2017""","""North Carolina""","""37""",312
NA,"""Yes""","""1""","""2017""","""2017""","""North Dakota""","""38""",96
NA,"""Yes""","""1""","""2017""","""2017""","""Ohio""","""39""",938
NA,"""Yes""","""1""","""2017""","""2017""","""Oklahoma""","""40""",170
NA,"""Yes""","""1""","""2017""","""2017""","""Oregon""","""41""",294
NA,"""Yes""","""1""","""2017""","""2017""","""Pennsylvania""","""42""",429
NA,"""Yes""","""1""","""2017""","""2017""","""Rhode Island""","""44""",78
NA,"""Yes""","""1""","""2017""","""2017""","""South Carolina""","""45""",211
NA,"""Yes""","""1""","""2017""","""2017""","""South Dakota""","""46""",48
NA,"""Yes""","""1""","""2017""","""2017""","""Tennessee""","""47""",267
NA,"""Yes""","""1""","""2017""","""2017""","""Texas""","""48""",1209
NA,"""Yes""","""1""","""2017""","""2017""","""Utah""","""49""",254
NA,"""Yes""","""1""","""2017""","""2017""","""Vermont""","""50""",83
NA,"""Yes""","""1""","""2017""","""2017""","""Virginia""","""51""",154
NA,"""Yes""","""1""","""2017""","""2017""","""Washington""","""53""",435
NA,"""Yes""","""1""","""2017""","""2017""","""West Virginia""","""54""",84
NA,"""Yes""","""1""","""2017""","""2017""","""Wisconsin""","""55""",267
NA,"""Yes""","""1""","""2017""","""2017""","""Wyoming""","""56""",37
NA,"""Yes""","""1""","""2018""","""2018""","""Alabama""","""01""",169
NA,"""Yes""","""1""","""2018""","""2018""","""Alaska""","""02""",81
NA,"""Yes""","""1""","""2018""","""2018""","""Arizona""","""04""",497
NA,"""Yes""","""1""","""2018""","""2018""","""Arkansas""","""05""",145
NA,"""Yes""","""1""","""2018""","""2018""","""California""","""06""",999
NA,"""Yes""","""1""","""2018""","""2018""","""Colorado""","""08""",196
NA,"""Yes""","""1""","""2018""","""2018""","""Connecticut""","""09""",146
NA,"""Yes""","""1""","""2018""","""2018""","""Delaware""","""10""",95
NA,"""Yes""","""1""","""2018""","""2018""","""Florida""","""12""",340
NA,"""Yes""","""1""","""2018""","""2018""","""Georgia""","""13""",429
NA,"""Yes""","""1""","""2018""","""2018""","""Hawaii""","""15""",30
NA,"""Yes""","""1""","""2018""","""2018""","""Idaho""","""16""",82
NA,"""Yes""","""1""","""2018""","""2018""","""Illinois""","""17""",1187
NA,"""Yes""","""1""","""2018""","""2018""","""Indiana""","""18""",286
NA,"""Yes""","""1""","""2018""","""2018""","""Iowa""","""19""",275
NA,"""Yes""","""1""","""2018""","""2018""","""Kansas""","""20""",140
NA,"""Yes""","""1""","""2018""","""2018""","""Kentucky""","""21""",217
NA,"""Yes""","""1""","""2018""","""2018""","""Louisiana""","""22""",220
NA,"""Yes""","""1""","""2018""","""2018""","""Maine""","""23""",32
NA,"""Yes""","""1""","""2018""","""2018""","""Maryland""","""24""",364
NA,"""Yes""","""1""","""2018""","""2018""","""Massachusetts""","""25""",358
NA,"""Yes""","""1""","""2018""","""2018""","""Michigan""","""26""",442
NA,"""Yes""","""1""","""2018""","""2018""","""Minnesota""","""27""",310
NA,"""Yes""","""1""","""2018""","""2018""","""Mississippi""","""28""",105
NA,"""Yes""","""1""","""2018""","""2018""","""Missouri""","""29""",339
NA,"""Yes""","""1""","""2018""","""2018""","""Montana""","""30""",65
NA,"""Yes""","""1""","""2018""","""2018""","""Nebraska""","""31""",80
NA,"""Yes""","""1""","""2018""","""2018""","""Nevada""","""32""",69
NA,"""Yes""","""1""","""2018""","""2018""","""New Hampshire""","""33""",98
NA,"""Yes""","""1""","""2018""","""2018""","""New Jersey""","""34""",640
NA,"""Yes""","""1""","""2018""","""2018""","""New Mexico""","""35""",55
NA,"""Yes""","""1""","""2018""","""2018""","""New York""","""36""",1544
NA,"""Yes""","""1""","""2018""","""2018""","""North Carolina""","""37""",309
NA,"""Yes""","""1""","""2018""","""2018""","""North Dakota""","""38""",108
NA,"""Yes""","""1""","""2018""","""2018""","""Ohio""","""39""",1017
NA,"""Yes""","""1""","""2018""","""2018""","""Oklahoma""","""40""",179
NA,"""Yes""","""1""","""2018""","""2018""","""Oregon""","""41""",261
NA,"""Yes""","""1""","""2018""","""2018""","""Pennsylvania""","""42""",432
NA,"""Yes""","""1""","""2018""","""2018""","""Rhode Island""","""44""",84
NA,"""Yes""","""1""","""2018""","""2018""","""South Carolina""","""45""",215
NA,"""Yes""","""1""","""2018""","""2018""","""South Dakota""","""46""",60
NA,"""Yes""","""1""","""2018""","""2018""","""Tennessee""","""47""",212
NA,"""Yes""","""1""","""2018""","""2018""","""Texas""","""48""",1434
NA,"""Yes""","""1""","""2018""","""2018""","""Utah""","""49""",222
NA,"""Yes""","""1""","""2018""","""2018""","""Vermont""","""50""",60
NA,"""Yes""","""1""","""2018""","""2018""","""Virginia""","""51""",172
NA,"""Yes""","""1""","""2018""","""2018""","""Washington""","""53""",392
NA,"""Yes""","""1""","""2018""","""2018""","""West Virginia""","""54""",105
NA,"""Yes""","""1""","""2018""","""2018""","""Wisconsin""","""55""",310
NA,"""Yes""","""1""","""2018""","""2018""","""Wyoming""","""56""",34
NA,"""Yes""","""1""","""2019""","""2019""","""Alabama""","""01""",266
NA,"""Yes""","""1""","""2019""","""2019""","""Alaska""","""02""",84
NA,"""Yes""","""1""","""2019""","""2019""","""Arizona""","""04""",539
NA,"""Yes""","""1""","""2019""","""2019""","""Arkansas""","""05""",143
NA,"""Yes""","""1""","""2019""","""2019""","""California""","""06""",1060
NA,"""Yes""","""1""","""2019""","""2019""","""Colorado""","""08""",265
NA,"""Yes""","""1""","""2019""","""2019""","""Connecticut""","""09""",140
NA,"""Yes""","""1""","""2019""","""2019""","""Delaware""","""10""",92
NA,"""Yes""","""1""","""2019""","""2019""","""District of Columbia""","""11""",33
NA,"""Yes""","""1""","""2019""","""2019""","""Florida""","""12""",358
NA,"""Yes""","""1""","""2019""","""2019""","""Georgia""","""13""",451
NA,"""Yes""","""1""","""2019""","""2019""","""Hawaii""","""15""",28
NA,"""Yes""","""1""","""2019""","""2019""","""Idaho""","""16""",103
NA,"""Yes""","""1""","""2019""","""2019""","""Illinois""","""17""",1093
NA,"""Yes""","""1""","""2019""","""2019""","""Indiana""","""18""",351
NA,"""Yes""","""1""","""2019""","""2019""","""Iowa""","""19""",310
NA,"""Yes""","""1""","""2019""","""2019""","""Kansas""","""20""",117
NA,"""Yes""","""1""","""2019""","""2019""","""Kentucky""","""21""",227
NA,"""Yes""","""1""","""2019""","""2019""","""Louisiana""","""22""",206
NA,"""Yes""","""1""","""2019""","""2019""","""Maine""","""23""",42
NA,"""Yes""","""1""","""2019""","""2019""","""Maryland""","""24""",294
NA,"""Yes""","""1""","""2019""","""2019""","""Massachusetts""","""25""",301
NA,"""Yes""","""1""","""2019""","""2019""","""Michigan""","""26""",477
NA,"""Yes""","""1""","""2019""","""2019""","""Minnesota""","""27""",347
NA,"""Yes""","""1""","""2019""","""2019""","""Mississippi""","""28""",155
NA,"""Yes""","""1""","""2019""","""2019""","""Missouri""","""29""",329
NA,"""Yes""","""1""","""2019""","""2019""","""Montana""","""30""",85
NA,"""Yes""","""1""","""2019""","""2019""","""Nebraska""","""31""",96
NA,"""Yes""","""1""","""2019""","""2019""","""Nevada""","""32""",113
NA,"""Yes""","""1""","""2019""","""2019""","""New Hampshire""","""33""",99
NA,"""Yes""","""1""","""2019""","""2019""","""New Jersey""","""34""",705
NA,"""Yes""","""1""","""2019""","""2019""","""New Mexico""","""35""",47
NA,"""Yes""","""1""","""2019""","""2019""","""New York""","""36""",1632
NA,"""Yes""","""1""","""2019""","""2019""","""North Carolina""","""37""",332
NA,"""Yes""","""1""","""2019""","""2019""","""North Dakota""","""38""",121
NA,"""Yes""","""1""","""2019""","""2019""","""Ohio""","""39""",1025
NA,"""Yes""","""1""","""2019""","""2019""","""Oklahoma""","""40""",345
NA,"""Yes""","""1""","""2019""","""2019""","""Oregon""","""41""",301
NA,"""Yes""","""1""","""2019""","""2019""","""Pennsylvania""","""42""",425
NA,"""Yes""","""1""","""2019""","""2019""","""Rhode Island""","""44""",84
NA,"""Yes""","""1""","""2019""","""2019""","""South Carolina""","""45""",202
NA,"""Yes""","""1""","""2019""","""2019""","""South Dakota""","""46""",51
NA,"""Yes""","""1""","""2019""","""2019""","""Tennessee""","""47""",347
NA,"""Yes""","""1""","""2019""","""2019""","""Texas""","""48""",1314
NA,"""Yes""","""1""","""2019""","""2019""","""Utah""","""49""",230
NA,"""Yes""","""1""","""2019""","""2019""","""Vermont""","""50""",79
NA,"""Yes""","""1""","""2019""","""2019""","""Virginia""","""51""",190
NA,"""Yes""","""1""","""2019""","""2019""","""Washington""","""53""",379
NA,"""Yes""","""1""","""2019""","""2019""","""West Virginia""","""54""",110
NA,"""Yes""","""1""","""2019""","""2019""","""Wisconsin""","""55""",375
NA,"""Yes""","""1""","""2019""","""2019""","""Wyoming""","""56""",41
NA,"""Yes""","""1""","""2020""","""2020""","""Alabama""","""01""",267
NA,"""Yes""","""1""","""2020""","""2020""","""Alaska""","""02""",88
NA,"""Yes""","""1""","""2020""","""2020""","""Arizona""","""04""",510
NA,"""Yes""","""1""","""2020""","""2020""","""Arkansas""","""05""",155
NA,"""Yes""","""1""","""2020""","""2020""","""California""","""06""",1095
NA,"""Yes""","""1""","""2020""","""2020""","""Colorado""","""08""",306
NA,"""Yes""","""1""","""2020""","""2020""","""Connecticut""","""09""",141
NA,"""Yes""","""1""","""2020""","""2020""","""Delaware""","""10""",79
NA,"""Yes""","""1""","""2020""","""2020""","""District of Columbia""","""11""",29
NA,"""Yes""","""1""","""2020""","""2020""","""Florida""","""12""",402
NA,"""Yes""","""1""","""2020""","""2020""","""Georgia""","""13""",487
NA,"""Yes""","""1""","""2020""","""2020""","""Hawaii""","""15""",41
NA,"""Yes""","""1""","""2020""","""2020""","""Idaho""","""16""",154
NA,"""Yes""","""1""","""2020""","""2020""","""Illinois""","""17""",989
NA,"""Yes""","""1""","""2020""","""2020""","""Indiana""","""18""",405
NA,"""Yes""","""1""","""2020""","""2020""","""Iowa""","""19""",279
NA,"""Yes""","""1""","""2020""","""2020""","""Kansas""","""20""",122
NA,"""Yes""","""1""","""2020""","""2020""","""Kentucky""","""21""",265
NA,"""Yes""","""1""","""2020""","""2020""","""Louisiana""","""22""",242
NA,"""Yes""","""1""","""2020""","""2020""","""Maine""","""23""",50
NA,"""Yes""","""1""","""2020""","""2020""","""Maryland""","""24""",333
NA,"""Yes""","""1""","""2020""","""2020""","""Massachusetts""","""25""",336
NA,"""Yes""","""1""","""2020""","""2020""","""Michigan""","""26""",404
NA,"""Yes""","""1""","""2020""","""2020""","""Minnesota""","""27""",343
NA,"""Yes""","""1""","""2020""","""2020""","""Mississippi""","""28""",126
NA,"""Yes""","""1""","""2020""","""2020""","""Missouri""","""29""",299
NA,"""Yes""","""1""","""2020""","""2020""","""Montana""","""30""",101
NA,"""Yes""","""1""","""2020""","""2020""","""Nebraska""","""31""",148
NA,"""Yes""","""1""","""2020""","""2020""","""Nevada""","""32""",96
NA,"""Yes""","""1""","""2020""","""2020""","""New Hampshire""","""33""",80
NA,"""Yes""","""1""","""2020""","""2020""","""New Jersey""","""34""",730
NA,"""Yes""","""1""","""2020""","""2020""","""New Mexico""","""35""",42
NA,"""Yes""","""1""","""2020""","""2020""","""New York""","""36""",1843
NA,"""Yes""","""1""","""2020""","""2020""","""North Carolina""","""37""",502
NA,"""Yes""","""1""","""2020""","""2020""","""North Dakota""","""38""",115
NA,"""Yes""","""1""","""2020""","""2020""","""Ohio""","""39""",866
NA,"""Yes""","""1""","""2020""","""2020""","""Oklahoma""","""40""",334
NA,"""Yes""","""1""","""2020""","""2020""","""Oregon""","""41""",280
NA,"""Yes""","""1""","""2020""","""2020""","""Pennsylvania""","""42""",402
NA,"""Yes""","""1""","""2020""","""2020""","""Rhode Island""","""44""",85
NA,"""Yes""","""1""","""2020""","""2020""","""South Carolina""","""45""",191
NA,"""Yes""","""1""","""2020""","""2020""","""South Dakota""","""46""",45
NA,"""Yes""","""1""","""2020""","""2020""","""Tennessee""","""47""",405
NA,"""Yes""","""1""","""2020""","""2020""","""Texas""","""48""",960
NA,"""Yes""","""1""","""2020""","""2020""","""Utah""","""49""",410
NA,"""Yes""","""1""","""2020""","""2020""","""Vermont""","""50""",42
NA,"""Yes""","""1""","""2020""","""2020""","""Virginia""","""51""",151
NA,"""Yes""","""1""","""2020""","""2020""","""Washington""","""53""",415
NA,"""Yes""","""1""","""2020""","""2020""","""West Virginia""","""54""",90
NA,"""Yes""","""1""","""2020""","""2020""","""Wisconsin""","""55""",332
NA,"""Yes""","""1""","""2020""","""2020""","""Wyoming""","""56""",43
NA,"""Yes""","""1""","""2021""","""2021""","""Alabama""","""01""",311
NA,"""Yes""","""1""","""2021""","""2021""","""Alaska""","""02""",126
NA,"""Yes""","""1""","""2021""","""2021""","""Arizona""","""04""",526
NA,"""Yes""","""1""","""2021""","""2021""","""Arkansas""","""05""",179
NA,"""Yes""","""1""","""2021""","""2021""","""California""","""06""",1134
NA,"""Yes""","""1""","""2021""","""2021""","""Colorado""","""08""",277
NA,"""Yes""","""1""","""2021""","""2021""","""Connecticut""","""09""",163
NA,"""Yes""","""1""","""2021""","""2021""","""Delaware""","""10""",33
NA,"""Yes""","""1""","""2021""","""2021""","""District of Columbia""","""11""",30
NA,"""Yes""","""1""","""2021""","""2021""","""Florida""","""12""",513
NA,"""Yes""","""1""","""2021""","""2021""","""Georgia""","""13""",625
NA,"""Yes""","""1""","""2021""","""2021""","""Hawaii""","""15""",37
NA,"""Yes""","""1""","""2021""","""2021""","""Idaho""","""16""",165
NA,"""Yes""","""1""","""2021""","""2021""","""Illinois""","""17""",1103
NA,"""Yes""","""1""","""2021""","""2021""","""Indiana""","""18""",445
NA,"""Yes""","""1""","""2021""","""2021""","""Iowa""","""19""",391
NA,"""Yes""","""1""","""2021""","""2021""","""Kansas""","""20""",139
NA,"""Yes""","""1""","""2021""","""2021""","""Kentucky""","""21""",324
NA,"""Yes""","""1""","""2021""","""2021""","""Louisiana""","""22""",298
NA,"""Yes""","""1""","""2021""","""2021""","""Maine""","""23""",66
NA,"""Yes""","""1""","""2021""","""2021""","""Maryland""","""24""",435
NA,"""Yes""","""1""","""2021""","""2021""","""Massachusetts""","""25""",373
NA,"""Yes""","""1""","""2021""","""2021""","""Michigan""","""26""",522
NA,"""Yes""","""1""","""2021""","""2021""","""Minnesota""","""27""",368
NA,"""Yes""","""1""","""2021""","""2021""","""Mississippi""","""28""",148
NA,"""Yes""","""1""","""2021""","""2021""","""Missouri""","""29""",378
NA,"""Yes""","""1""","""2021""","""2021""","""Montana""","""30""",80
NA,"""Yes""","""1""","""2021""","""2021""","""Nebraska""","""31""",153
NA,"""Yes""","""1""","""2021""","""2021""","""Nevada""","""32""",131
NA,"""Yes""","""1""","""2021""","""2021""","""New Hampshire""","""33""",82
NA,"""Yes""","""1""","""2021""","""2021""","""New Jersey""","""34""",779
NA,"""Yes""","""1""","""2021""","""2021""","""New Mexico""","""35""",69
NA,"""Yes""","""1""","""2021""","""2021""","""New York""","""36""",1488
NA,"""Yes""","""1""","""2021""","""2021""","""North Carolina""","""37""",556
NA,"""Yes""","""1""","""2021""","""2021""","""North Dakota""","""38""",99
NA,"""Yes""","""1""","""2021""","""2021""","""Ohio""","""39""",929
NA,"""Yes""","""1""","""2021""","""2021""","""Oklahoma""","""40""",438
NA,"""Yes""","""1""","""2021""","""2021""","""Oregon""","""41""",297
NA,"""Yes""","""1""","""2021""","""2021""","""Pennsylvania""","""42""",507
NA,"""Yes""","""1""","""2021""","""2021""","""Rhode Island""","""44""",97
NA,"""Yes""","""1""","""2021""","""2021""","""South Carolina""","""45""",200
NA,"""Yes""","""1""","""2021""","""2021""","""South Dakota""","""46""",62
NA,"""Yes""","""1""","""2021""","""2021""","""Tennessee""","""47""",422
NA,"""Yes""","""1""","""2021""","""2021""","""Texas""","""48""",924
NA,"""Yes""","""1""","""2021""","""2021""","""Utah""","""49""",629
NA,"""Yes""","""1""","""2021""","""2021""","""Vermont""","""50""",74
NA,"""Yes""","""1""","""2021""","""2021""","""Virginia""","""51""",187
NA,"""Yes""","""1""","""2021""","""2021""","""Washington""","""53""",490
NA,"""Yes""","""1""","""2021""","""2021""","""West Virginia""","""54""",89
NA,"""Yes""","""1""","""2021""","""2021""","""Wisconsin""","""55""",418
NA,"""Yes""","""1""","""2021""","""2021""","""Wyoming""","""56""",52
NA,"""No""","""2""","""2016""","""2016""","""Alabama""","""01""",59015
NA,"""No""","""2""","""2016""","""2016""","""Alaska""","""02""",11104
NA,"""No""","""2""","""2016""","""2016""","""Arizona""","""04""",84140
NA,"""No""","""2""","""2016""","""2016""","""Arkansas""","""05""",38162
NA,"""No""","""2""","""2016""","""2016""","""California""","""06""",487895
NA,"""No""","""2""","""2016""","""2016""","""Colorado""","""08""",66397
NA,"""No""","""2""","""2016""","""2016""","""Connecticut""","""09""",34846
NA,"""No""","""2""","""2016""","""2016""","""Delaware""","""10""",10889
NA,"""No""","""2""","""2016""","""2016""","""District of Columbia""","""11""",9808
NA,"""No""","""2""","""2016""","""2016""","""Florida""","""12""",224443
NA,"""No""","""2""","""2016""","""2016""","""Georgia""","""13""",129300
NA,"""No""","""2""","""2016""","""2016""","""Hawaii""","""15""",18046
NA,"""No""","""2""","""2016""","""2016""","""Idaho""","""16""",22404
NA,"""No""","""2""","""2016""","""2016""","""Illinois""","""17""",153156
NA,"""No""","""2""","""2016""","""2016""","""Indiana""","""18""",82796
NA,"""No""","""2""","""2016""","""2016""","""Iowa""","""19""",39212
NA,"""No""","""2""","""2016""","""2016""","""Kansas""","""20""",37957
NA,"""No""","""2""","""2016""","""2016""","""Kentucky""","""21""",54945
NA,"""No""","""2""","""2016""","""2016""","""Louisiana""","""22""",62924
NA,"""No""","""2""","""2016""","""2016""","""Maine""","""23""",12592
NA,"""No""","""2""","""2016""","""2016""","""Maryland""","""24""",72879
NA,"""No""","""2""","""2016""","""2016""","""Massachusetts""","""25""",70877
NA,"""No""","""2""","""2016""","""2016""","""Michigan""","""26""",112704
NA,"""No""","""2""","""2016""","""2016""","""Minnesota""","""27""",69467
NA,"""No""","""2""","""2016""","""2016""","""Mississippi""","""28""",37822
NA,"""No""","""2""","""2016""","""2016""","""Missouri""","""29""",74311
NA,"""No""","""2""","""2016""","""2016""","""Montana""","""30""",12183
NA,"""No""","""2""","""2016""","""2016""","""Nebraska""","""31""",26462
NA,"""No""","""2""","""2016""","""2016""","""Nevada""","""32""",36160
NA,"""No""","""2""","""2016""","""2016""","""New Hampshire""","""33""",11914
NA,"""No""","""2""","""2016""","""2016""","""New Jersey""","""34""",101918
NA,"""No""","""2""","""2016""","""2016""","""New Mexico""","""35""",24632
NA,"""No""","""2""","""2016""","""2016""","""New York""","""36""",231802
NA,"""No""","""2""","""2016""","""2016""","""North Carolina""","""37""",120465
NA,"""No""","""2""","""2016""","""2016""","""North Dakota""","""38""",11294
NA,"""No""","""2""","""2016""","""2016""","""Ohio""","""39""",137281
NA,"""No""","""2""","""2016""","""2016""","""Oklahoma""","""40""",52436
NA,"""No""","""2""","""2016""","""2016""","""Oregon""","""41""",44899
NA,"""No""","""2""","""2016""","""2016""","""Pennsylvania""","""42""",138881
NA,"""No""","""2""","""2016""","""2016""","""Rhode Island""","""44""",10713
NA,"""No""","""2""","""2016""","""2016""","""South Carolina""","""45""",57152
NA,"""No""","""2""","""2016""","""2016""","""South Dakota""","""46""",12231
NA,"""No""","""2""","""2016""","""2016""","""Tennessee""","""47""",80666
NA,"""No""","""2""","""2016""","""2016""","""Texas""","""48""",396986
NA,"""No""","""2""","""2016""","""2016""","""Utah""","""49""",50190
NA,"""No""","""2""","""2016""","""2016""","""Vermont""","""50""",5702
NA,"""No""","""2""","""2016""","""2016""","""Virginia""","""51""",102336
NA,"""No""","""2""","""2016""","""2016""","""Washington""","""53""",89498
NA,"""No""","""2""","""2016""","""2016""","""West Virginia""","""54""",18887
NA,"""No""","""2""","""2016""","""2016""","""Wisconsin""","""55""",66191
NA,"""No""","""2""","""2016""","""2016""","""Wyoming""","""56""",7340
NA,"""No""","""2""","""2017""","""2017""","""Alabama""","""01""",58803
NA,"""No""","""2""","""2017""","""2017""","""Alaska""","""02""",10319
NA,"""No""","""2""","""2017""","""2017""","""Arizona""","""04""",81377
NA,"""No""","""2""","""2017""","""2017""","""Arkansas""","""05""",37374
NA,"""No""","""2""","""2017""","""2017""","""California""","""06""",470620
NA,"""No""","""2""","""2017""","""2017""","""Colorado""","""08""",64146
NA,"""No""","""2""","""2017""","""2017""","""Connecticut""","""09""",34788
NA,"""No""","""2""","""2017""","""2017""","""Delaware""","""10""",10749
NA,"""No""","""2""","""2017""","""2017""","""District of Columbia""","""11""",9532
NA,"""No""","""2""","""2017""","""2017""","""Florida""","""12""",223082
NA,"""No""","""2""","""2017""","""2017""","""Georgia""","""13""",128351
NA,"""No""","""2""","""2017""","""2017""","""Hawaii""","""15""",17499
NA,"""No""","""2""","""2017""","""2017""","""Idaho""","""16""",22093
NA,"""No""","""2""","""2017""","""2017""","""Illinois""","""17""",147911
NA,"""No""","""2""","""2017""","""2017""","""Indiana""","""18""",81830
NA,"""No""","""2""","""2017""","""2017""","""Iowa""","""19""",38227
NA,"""No""","""2""","""2017""","""2017""","""Kansas""","""20""",36392
NA,"""No""","""2""","""2017""","""2017""","""Kentucky""","""21""",54293
NA,"""No""","""2""","""2017""","""2017""","""Louisiana""","""22""",60752
NA,"""No""","""2""","""2017""","""2017""","""Maine""","""23""",12260
NA,"""No""","""2""","""2017""","""2017""","""Maryland""","""24""",71345
NA,"""No""","""2""","""2017""","""2017""","""Massachusetts""","""25""",70161
NA,"""No""","""2""","""2017""","""2017""","""Michigan""","""26""",110768
NA,"""No""","""2""","""2017""","""2017""","""Minnesota""","""27""",68301
NA,"""No""","""2""","""2017""","""2017""","""Mississippi""","""28""",37210
NA,"""No""","""2""","""2017""","""2017""","""Missouri""","""29""",72674
NA,"""No""","""2""","""2017""","""2017""","""Montana""","""30""",11715
NA,"""No""","""2""","""2017""","""2017""","""Nebraska""","""31""",25696
NA,"""No""","""2""","""2017""","""2017""","""Nevada""","""32""",35657
NA,"""No""","""2""","""2017""","""2017""","""New Hampshire""","""33""",11953
NA,"""No""","""2""","""2017""","""2017""","""New Jersey""","""34""",100591
NA,"""No""","""2""","""2017""","""2017""","""New Mexico""","""35""",23700
NA,"""No""","""2""","""2017""","""2017""","""New York""","""36""",227509
NA,"""No""","""2""","""2017""","""2017""","""North Carolina""","""37""",119804
NA,"""No""","""2""","""2017""","""2017""","""North Dakota""","""38""",10641
NA,"""No""","""2""","""2017""","""2017""","""Ohio""","""39""",135871
NA,"""No""","""2""","""2017""","""2017""","""Oklahoma""","""40""",50027
NA,"""No""","""2""","""2017""","""2017""","""Oregon""","""41""",42970
NA,"""No""","""2""","""2017""","""2017""","""Pennsylvania""","""42""",137289
NA,"""No""","""2""","""2017""","""2017""","""Rhode Island""","""44""",10557
NA,"""No""","""2""","""2017""","""2017""","""South Carolina""","""45""",56810
NA,"""No""","""2""","""2017""","""2017""","""South Dakota""","""46""",12080
NA,"""No""","""2""","""2017""","""2017""","""Tennessee""","""47""",80693
NA,"""No""","""2""","""2017""","""2017""","""Texas""","""48""",380839
NA,"""No""","""2""","""2017""","""2017""","""Utah""","""49""",48331
NA,"""No""","""2""","""2017""","""2017""","""Vermont""","""50""",5571
NA,"""No""","""2""","""2017""","""2017""","""Virginia""","""51""",100236
NA,"""No""","""2""","""2017""","""2017""","""Washington""","""53""",86717
NA,"""No""","""2""","""2017""","""2017""","""West Virginia""","""54""",18398
NA,"""No""","""2""","""2017""","""2017""","""Wisconsin""","""55""",64644
NA,"""No""","""2""","""2017""","""2017""","""Wyoming""","""56""",6865
NA,"""No""","""2""","""2018""","""2018""","""Alabama""","""01""",57589
NA,"""No""","""2""","""2018""","""2018""","""Alaska""","""02""",9913
NA,"""No""","""2""","""2018""","""2018""","""Arizona""","""04""",80226
NA,"""No""","""2""","""2018""","""2018""","""Arkansas""","""05""",36866
NA,"""No""","""2""","""2018""","""2018""","""California""","""06""",453872
NA,"""No""","""2""","""2018""","""2018""","""Colorado""","""08""",62679
NA,"""No""","""2""","""2018""","""2018""","""Connecticut""","""09""",34426
NA,"""No""","""2""","""2018""","""2018""","""Delaware""","""10""",10524
NA,"""No""","""2""","""2018""","""2018""","""District of Columbia""","""11""",9205
NA,"""No""","""2""","""2018""","""2018""","""Florida""","""12""",220928
NA,"""No""","""2""","""2018""","""2018""","""Georgia""","""13""",125505
NA,"""No""","""2""","""2018""","""2018""","""Hawaii""","""15""",16942
NA,"""No""","""2""","""2018""","""2018""","""Idaho""","""16""",21312
NA,"""No""","""2""","""2018""","""2018""","""Illinois""","""17""",143362
NA,"""No""","""2""","""2018""","""2018""","""Indiana""","""18""",81358
NA,"""No""","""2""","""2018""","""2018""","""Iowa""","""19""",37509
NA,"""No""","""2""","""2018""","""2018""","""Kansas""","""20""",36121
NA,"""No""","""2""","""2018""","""2018""","""Kentucky""","""21""",53445
NA,"""No""","""2""","""2018""","""2018""","""Louisiana""","""22""",59395
NA,"""No""","""2""","""2018""","""2018""","""Maine""","""23""",12270
NA,"""No""","""2""","""2018""","""2018""","""Maryland""","""24""",70703
NA,"""No""","""2""","""2018""","""2018""","""Massachusetts""","""25""",68679
NA,"""No""","""2""","""2018""","""2018""","""Michigan""","""26""",109477
NA,"""No""","""2""","""2018""","""2018""","""Minnesota""","""27""",67002
NA,"""No""","""2""","""2018""","""2018""","""Mississippi""","""28""",36879
NA,"""No""","""2""","""2018""","""2018""","""Missouri""","""29""",72929
NA,"""No""","""2""","""2018""","""2018""","""Montana""","""30""",11441
NA,"""No""","""2""","""2018""","""2018""","""Nebraska""","""31""",25386
NA,"""No""","""2""","""2018""","""2018""","""Nevada""","""32""",35612
NA,"""No""","""2""","""2018""","""2018""","""New Hampshire""","""33""",11871
NA,"""No""","""2""","""2018""","""2018""","""New Jersey""","""34""",100568
NA,"""No""","""2""","""2018""","""2018""","""New Mexico""","""35""",22984
NA,"""No""","""2""","""2018""","""2018""","""New York""","""36""",223977
NA,"""No""","""2""","""2018""","""2018""","""North Carolina""","""37""",118633
NA,"""No""","""2""","""2018""","""2018""","""North Dakota""","""38""",10528
NA,"""No""","""2""","""2018""","""2018""","""Ohio""","""39""",134097
NA,"""No""","""2""","""2018""","""2018""","""Oklahoma""","""40""",49609
NA,"""No""","""2""","""2018""","""2018""","""Oregon""","""41""",41621
NA,"""No""","""2""","""2018""","""2018""","""Pennsylvania""","""42""",135207
NA,"""No""","""2""","""2018""","""2018""","""Rhode Island""","""44""",10417
NA,"""No""","""2""","""2018""","""2018""","""South Carolina""","""45""",56451
NA,"""No""","""2""","""2018""","""2018""","""South Dakota""","""46""",11830
NA,"""No""","""2""","""2018""","""2018""","""Tennessee""","""47""",80501
NA,"""No""","""2""","""2018""","""2018""","""Texas""","""48""",377185
NA,"""No""","""2""","""2018""","""2018""","""Utah""","""49""",46986
NA,"""No""","""2""","""2018""","""2018""","""Vermont""","""50""",5372
NA,"""No""","""2""","""2018""","""2018""","""Virginia""","""51""",99669
NA,"""No""","""2""","""2018""","""2018""","""Washington""","""53""",85381
NA,"""No""","""2""","""2018""","""2018""","""West Virginia""","""54""",18040
NA,"""No""","""2""","""2018""","""2018""","""Wisconsin""","""55""",63592
NA,"""No""","""2""","""2018""","""2018""","""Wyoming""","""56""",6528
NA,"""No""","""2""","""2019""","""2019""","""Alabama""","""01""",58343
NA,"""No""","""2""","""2019""","""2019""","""Alaska""","""02""",9652
NA,"""No""","""2""","""2019""","""2019""","""Arizona""","""04""",78834
NA,"""No""","""2""","""2019""","""2019""","""Arkansas""","""05""",36416
NA,"""No""","""2""","""2019""","""2019""","""California""","""06""",444744
NA,"""No""","""2""","""2019""","""2019""","""Colorado""","""08""",62598
NA,"""No""","""2""","""2019""","""2019""","""Connecticut""","""09""",34085
NA,"""No""","""2""","""2019""","""2019""","""Delaware""","""10""",10457
NA,"""No""","""2""","""2019""","""2019""","""District of Columbia""","""11""",9043
NA,"""No""","""2""","""2019""","""2019""","""Florida""","""12""",219330
NA,"""No""","""2""","""2019""","""2019""","""Georgia""","""13""",125717
NA,"""No""","""2""","""2019""","""2019""","""Hawaii""","""15""",16769
NA,"""No""","""2""","""2019""","""2019""","""Idaho""","""16""",21944
NA,"""No""","""2""","""2019""","""2019""","""Illinois""","""17""",138942
NA,"""No""","""2""","""2019""","""2019""","""Indiana""","""18""",80506
NA,"""No""","""2""","""2019""","""2019""","""Iowa""","""19""",37338
NA,"""No""","""2""","""2019""","""2019""","""Kansas""","""20""",35278
NA,"""No""","""2""","""2019""","""2019""","""Kentucky""","""21""",52607
NA,"""No""","""2""","""2019""","""2019""","""Louisiana""","""22""",58735
NA,"""No""","""2""","""2019""","""2019""","""Maine""","""23""",11735
NA,"""No""","""2""","""2019""","""2019""","""Maryland""","""24""",69866
NA,"""No""","""2""","""2019""","""2019""","""Massachusetts""","""25""",68676
NA,"""No""","""2""","""2019""","""2019""","""Michigan""","""26""",107275
NA,"""No""","""2""","""2019""","""2019""","""Minnesota""","""27""",65632
NA,"""No""","""2""","""2019""","""2019""","""Mississippi""","""28""",36472
NA,"""No""","""2""","""2019""","""2019""","""Missouri""","""29""",71794
NA,"""No""","""2""","""2019""","""2019""","""Montana""","""30""",10990
NA,"""No""","""2""","""2019""","""2019""","""Nebraska""","""31""",24648
NA,"""No""","""2""","""2019""","""2019""","""Nevada""","""32""",34958
NA,"""No""","""2""","""2019""","""2019""","""New Hampshire""","""33""",11700
NA,"""No""","""2""","""2019""","""2019""","""New Jersey""","""34""",98875
NA,"""No""","""2""","""2019""","""2019""","""New Mexico""","""35""",22913
NA,"""No""","""2""","""2019""","""2019""","""New York""","""36""",219198
NA,"""No""","""2""","""2019""","""2019""","""North Carolina""","""37""",118382
NA,"""No""","""2""","""2019""","""2019""","""North Dakota""","""38""",10333
NA,"""No""","""2""","""2019""","""2019""","""Ohio""","""39""",133407
NA,"""No""","""2""","""2019""","""2019""","""Oklahoma""","""40""",48788
NA,"""No""","""2""","""2019""","""2019""","""Oregon""","""41""",41383
NA,"""No""","""2""","""2019""","""2019""","""Pennsylvania""","""42""",133781
NA,"""No""","""2""","""2019""","""2019""","""Rhode Island""","""44""",10086
NA,"""No""","""2""","""2019""","""2019""","""South Carolina""","""45""",56831
NA,"""No""","""2""","""2019""","""2019""","""South Dakota""","""46""",11392
NA,"""No""","""2""","""2019""","""2019""","""Tennessee""","""47""",80097
NA,"""No""","""2""","""2019""","""2019""","""Texas""","""48""",376273
NA,"""No""","""2""","""2019""","""2019""","""Utah""","""49""",46595
NA,"""No""","""2""","""2019""","""2019""","""Vermont""","""50""",5278
NA,"""No""","""2""","""2019""","""2019""","""Virginia""","""51""",97232
NA,"""No""","""2""","""2019""","""2019""","""Washington""","""53""",84040
NA,"""No""","""2""","""2019""","""2019""","""West Virginia""","""54""",17882
NA,"""No""","""2""","""2019""","""2019""","""Wisconsin""","""55""",62661
NA,"""No""","""2""","""2019""","""2019""","""Wyoming""","""56""",6524
NA,"""No""","""2""","""2020""","""2020""","""Alabama""","""01""",57380
NA,"""No""","""2""","""2020""","""2020""","""Alaska""","""02""",9334
NA,"""No""","""2""","""2020""","""2020""","""Arizona""","""04""",76436
NA,"""No""","""2""","""2020""","""2020""","""Arkansas""","""05""",35090
NA,"""No""","""2""","""2020""","""2020""","""California""","""06""",418301
NA,"""No""","""2""","""2020""","""2020""","""Colorado""","""08""",61175
NA,"""No""","""2""","""2020""","""2020""","""Connecticut""","""09""",33232
NA,"""No""","""2""","""2020""","""2020""","""Delaware""","""10""",10273
NA,"""No""","""2""","""2020""","""2020""","""District of Columbia""","""11""",8843
NA,"""No""","""2""","""2020""","""2020""","""Florida""","""12""",208797
NA,"""No""","""2""","""2020""","""2020""","""Georgia""","""13""",121837
NA,"""No""","""2""","""2020""","""2020""","""Hawaii""","""15""",15744
NA,"""No""","""2""","""2020""","""2020""","""Idaho""","""16""",21368
NA,"""No""","""2""","""2020""","""2020""","""Illinois""","""17""",132179
NA,"""No""","""2""","""2020""","""2020""","""Indiana""","""18""",78170
NA,"""No""","""2""","""2020""","""2020""","""Iowa""","""19""",35832
NA,"""No""","""2""","""2020""","""2020""","""Kansas""","""20""",34254
NA,"""No""","""2""","""2020""","""2020""","""Kentucky""","""21""",50861
NA,"""No""","""2""","""2020""","""2020""","""Louisiana""","""22""",57086
NA,"""No""","""2""","""2020""","""2020""","""Maine""","""23""",11478
NA,"""No""","""2""","""2020""","""2020""","""Maryland""","""24""",68186
NA,"""No""","""2""","""2020""","""2020""","""Massachusetts""","""25""",65863
NA,"""No""","""2""","""2020""","""2020""","""Michigan""","""26""",103453
NA,"""No""","""2""","""2020""","""2020""","""Minnesota""","""27""",63056
NA,"""No""","""2""","""2020""","""2020""","""Mississippi""","""28""",35344
NA,"""No""","""2""","""2020""","""2020""","""Missouri""","""29""",68985
NA,"""No""","""2""","""2020""","""2020""","""Montana""","""30""",10690
NA,"""No""","""2""","""2020""","""2020""","""Nebraska""","""31""",24129
NA,"""No""","""2""","""2020""","""2020""","""Nevada""","""32""",33557
NA,"""No""","""2""","""2020""","""2020""","""New Hampshire""","""33""",11677
NA,"""No""","""2""","""2020""","""2020""","""New Jersey""","""34""",97218
NA,"""No""","""2""","""2020""","""2020""","""New Mexico""","""35""",21861
NA,"""No""","""2""","""2020""","""2020""","""New York""","""36""",206956
NA,"""No""","""2""","""2020""","""2020""","""North Carolina""","""37""",116209
NA,"""No""","""2""","""2020""","""2020""","""North Dakota""","""38""",9944
NA,"""No""","""2""","""2020""","""2020""","""Ohio""","""39""",128290
NA,"""No""","""2""","""2020""","""2020""","""Oklahoma""","""40""",47277
NA,"""No""","""2""","""2020""","""2020""","""Oregon""","""41""",39396
NA,"""No""","""2""","""2020""","""2020""","""Pennsylvania""","""42""",130255
NA,"""No""","""2""","""2020""","""2020""","""Rhode Island""","""44""",10005
NA,"""No""","""2""","""2020""","""2020""","""South Carolina""","""45""",55510
NA,"""No""","""2""","""2020""","""2020""","""South Dakota""","""46""",10902
NA,"""No""","""2""","""2020""","""2020""","""Tennessee""","""47""",78276
NA,"""No""","""2""","""2020""","""2020""","""Texas""","""48""",367220
NA,"""No""","""2""","""2020""","""2020""","""Utah""","""49""",45292
NA,"""No""","""2""","""2020""","""2020""","""Vermont""","""50""",5090
NA,"""No""","""2""","""2020""","""2020""","""Virginia""","""51""",94590
NA,"""No""","""2""","""2020""","""2020""","""Washington""","""53""",82119
NA,"""No""","""2""","""2020""","""2020""","""West Virginia""","""54""",17070
NA,"""No""","""2""","""2020""","""2020""","""Wisconsin""","""55""",60188
NA,"""No""","""2""","""2020""","""2020""","""Wyoming""","""56""",6085
NA,"""No""","""2""","""2021""","""2021""","""Alabama""","""01""",57742
NA,"""No""","""2""","""2021""","""2021""","""Alaska""","""02""",9208
NA,"""No""","""2""","""2021""","""2021""","""Arizona""","""04""",77390
NA,"""No""","""2""","""2021""","""2021""","""Arkansas""","""05""",35777
NA,"""No""","""2""","""2021""","""2021""","""California""","""06""",418664
NA,"""No""","""2""","""2021""","""2021""","""Colorado""","""08""",62662
NA,"""No""","""2""","""2021""","""2021""","""Connecticut""","""09""",35503
NA,"""No""","""2""","""2021""","""2021""","""Delaware""","""10""",10402
NA,"""No""","""2""","""2021""","""2021""","""District of Columbia""","""11""",8628
NA,"""No""","""2""","""2021""","""2021""","""Florida""","""12""",214944
NA,"""No""","""2""","""2021""","""2021""","""Georgia""","""13""",123286
NA,"""No""","""2""","""2021""","""2021""","""Hawaii""","""15""",15583
NA,"""No""","""2""","""2021""","""2021""","""Idaho""","""16""",22244
NA,"""No""","""2""","""2021""","""2021""","""Illinois""","""17""",130971
NA,"""No""","""2""","""2021""","""2021""","""Indiana""","""18""",79446
NA,"""No""","""2""","""2021""","""2021""","""Iowa""","""19""",36439
NA,"""No""","""2""","""2021""","""2021""","""Kansas""","""20""",34563
NA,"""No""","""2""","""2021""","""2021""","""Kentucky""","""21""",51680
NA,"""No""","""2""","""2021""","""2021""","""Louisiana""","""22""",57139
NA,"""No""","""2""","""2021""","""2021""","""Maine""","""23""",11931
NA,"""No""","""2""","""2021""","""2021""","""Maryland""","""24""",67808
NA,"""No""","""2""","""2021""","""2021""","""Massachusetts""","""25""",68079
NA,"""No""","""2""","""2021""","""2021""","""Michigan""","""26""",104258
NA,"""No""","""2""","""2021""","""2021""","""Minnesota""","""27""",64008
NA,"""No""","""2""","""2021""","""2021""","""Mississippi""","""28""",35002
NA,"""No""","""2""","""2021""","""2021""","""Missouri""","""29""",69075
NA,"""No""","""2""","""2021""","""2021""","""Montana""","""30""",11149
NA,"""No""","""2""","""2021""","""2021""","""Nebraska""","""31""",24444
NA,"""No""","""2""","""2021""","""2021""","""Nevada""","""32""",33554
NA,"""No""","""2""","""2021""","""2021""","""New Hampshire""","""33""",12508
NA,"""No""","""2""","""2021""","""2021""","""New Jersey""","""34""",100454
NA,"""No""","""2""","""2021""","""2021""","""New Mexico""","""35""",21322
NA,"""No""","""2""","""2021""","""2021""","""New York""","""36""",208670
NA,"""No""","""2""","""2021""","""2021""","""North Carolina""","""37""",119893
NA,"""No""","""2""","""2021""","""2021""","""North Dakota""","""38""",10013
NA,"""No""","""2""","""2021""","""2021""","""Ohio""","""39""",128842
NA,"""No""","""2""","""2021""","""2021""","""Oklahoma""","""40""",47953
NA,"""No""","""2""","""2021""","""2021""","""Oregon""","""41""",40387
NA,"""No""","""2""","""2021""","""2021""","""Pennsylvania""","""42""",131324
NA,"""No""","""2""","""2021""","""2021""","""Rhode Island""","""44""",10354
NA,"""No""","""2""","""2021""","""2021""","""South Carolina""","""45""",56645
NA,"""No""","""2""","""2021""","""2021""","""South Dakota""","""46""",11301
NA,"""No""","""2""","""2021""","""2021""","""Tennessee""","""47""",81292
NA,"""No""","""2""","""2021""","""2021""","""Texas""","""48""",372661
NA,"""No""","""2""","""2021""","""2021""","""Utah""","""49""",46083
NA,"""No""","""2""","""2021""","""2021""","""Vermont""","""50""",5309
NA,"""No""","""2""","""2021""","""2021""","""Virginia""","""51""",95628
NA,"""No""","""2""","""2021""","""2021""","""Washington""","""53""",82374
NA,"""No""","""2""","""2021""","""2021""","""West Virginia""","""54""",17003
NA,"""No""","""2""","""2021""","""2021""","""Wisconsin""","""55""",61299
NA,"""No""","""2""","""2021""","""2021""","""Wyoming""","""56""",6185
NA,"""Unknown or Not Stated""","""9""","""2016""","""2016""","""Alaska""","""02""",50
NA,"""Unknown or Not Stated""","""9""","""2016""","""2016""","""California""","""06""",57
NA,"""Unknown or Not Stated""","""9""","""2016""","""2016""","""Colorado""","""08""",12
NA,"""Unknown or Not Stated""","""9""","""2016""","""2016""","""Connecticut""","""09""",1040
NA,"""Unknown or Not Stated""","""9""","""2016""","""2016""","""District of Columbia""","""11""",22
NA,"""Unknown or Not Stated""","""9""","""2016""","""2016""","""Florida""","""12""",260
NA,"""Unknown or Not Stated""","""9""","""2016""","""2016""","""Georgia""","""13""",333
NA,"""Unknown or Not Stated""","""9""","""2016""","""2016""","""Illinois""","""17""",190
NA,"""Unknown or Not Stated""","""9""","""2016""","""2016""","""Kentucky""","""21""",327
NA,"""Unknown or Not Stated""","""9""","""2016""","""2016""","""Maine""","""23""",77
NA,"""Unknown or Not Stated""","""9""","""2016""","""2016""","""Maryland""","""24""",14
NA,"""Unknown or Not Stated""","""9""","""2016""","""2016""","""Massachusetts""","""25""",108
NA,"""Unknown or Not Stated""","""9""","""2016""","""2016""","""Michigan""","""26""",190
NA,"""Unknown or Not Stated""","""9""","""2016""","""2016""","""Minnesota""","""27""",24
NA,"""Unknown or Not Stated""","""9""","""2016""","""2016""","""Montana""","""30""",17
NA,"""Unknown or Not Stated""","""9""","""2016""","""2016""","""Nebraska""","""31""",23
NA,"""Unknown or Not Stated""","""9""","""2016""","""2016""","""New Hampshire""","""33""",282
NA,"""Unknown or Not Stated""","""9""","""2016""","""2016""","""New York""","""36""",1078
NA,"""Unknown or Not Stated""","""9""","""2016""","""2016""","""North Carolina""","""37""",16
NA,"""Unknown or Not Stated""","""9""","""2016""","""2016""","""Ohio""","""39""",34
NA,"""Unknown or Not Stated""","""9""","""2016""","""2016""","""Oklahoma""","""40""",18
NA,"""Unknown or Not Stated""","""9""","""2016""","""2016""","""Oregon""","""41""",379
NA,"""Unknown or Not Stated""","""9""","""2016""","""2016""","""Pennsylvania""","""42""",27
NA,"""Unknown or Not Stated""","""9""","""2016""","""2016""","""Washington""","""53""",464
NA,"""Unknown or Not Stated""","""9""","""2016""","""2016""","""West Virginia""","""54""",111
NA,"""Unknown or Not Stated""","""9""","""2016""","""2016""","""Wisconsin""","""55""",154
NA,"""Unknown or Not Stated""","""9""","""2017""","""2017""","""Alaska""","""02""",65
NA,"""Unknown or Not Stated""","""9""","""2017""","""2017""","""California""","""06""",43
NA,"""Unknown or Not Stated""","""9""","""2017""","""2017""","""Colorado""","""08""",14
NA,"""Unknown or Not Stated""","""9""","""2017""","""2017""","""Connecticut""","""09""",323
NA,"""Unknown or Not Stated""","""9""","""2017""","""2017""","""Florida""","""12""",209
NA,"""Unknown or Not Stated""","""9""","""2017""","""2017""","""Georgia""","""13""",495
NA,"""Unknown or Not Stated""","""9""","""2017""","""2017""","""Illinois""","""17""",323
NA,"""Unknown or Not Stated""","""9""","""2017""","""2017""","""Kentucky""","""21""",264
NA,"""Unknown or Not Stated""","""9""","""2017""","""2017""","""Maine""","""23""",14
NA,"""Unknown or Not Stated""","""9""","""2017""","""2017""","""Maryland""","""24""",23
NA,"""Unknown or Not Stated""","""9""","""2017""","""2017""","""Massachusetts""","""25""",84
NA,"""Unknown or Not Stated""","""9""","""2017""","""2017""","""Michigan""","""26""",208
NA,"""Unknown or Not Stated""","""9""","""2017""","""2017""","""Minnesota""","""27""",39
NA,"""Unknown or Not Stated""","""9""","""2017""","""2017""","""Mississippi""","""28""",16
NA,"""Unknown or Not Stated""","""9""","""2017""","""2017""","""Montana""","""30""",14
NA,"""Unknown or Not Stated""","""9""","""2017""","""2017""","""New Hampshire""","""33""",67
NA,"""Unknown or Not Stated""","""9""","""2017""","""2017""","""New York""","""36""",839
NA,"""Unknown or Not Stated""","""9""","""2017""","""2017""","""Ohio""","""39""",23
NA,"""Unknown or Not Stated""","""9""","""2017""","""2017""","""Oklahoma""","""40""",17
NA,"""Unknown or Not Stated""","""9""","""2017""","""2017""","""Oregon""","""41""",367
NA,"""Unknown or Not Stated""","""9""","""2017""","""2017""","""Pennsylvania""","""42""",27
NA,"""Unknown or Not Stated""","""9""","""2017""","""2017""","""Tennessee""","""47""",56
NA,"""Unknown or Not Stated""","""9""","""2017""","""2017""","""Washington""","""53""",410
NA,"""Unknown or Not Stated""","""9""","""2017""","""2017""","""West Virginia""","""54""",193
NA,"""Unknown or Not Stated""","""9""","""2017""","""2017""","""Wisconsin""","""55""",64
NA,"""Unknown or Not Stated""","""9""","""2018""","""2018""","""Alaska""","""02""",92
NA,"""Unknown or Not Stated""","""9""","""2018""","""2018""","""California""","""06""",49
NA,"""Unknown or Not Stated""","""9""","""2018""","""2018""","""Colorado""","""08""",10
NA,"""Unknown or Not Stated""","""9""","""2018""","""2018""","""Connecticut""","""09""",153
NA,"""Unknown or Not Stated""","""9""","""2018""","""2018""","""Florida""","""12""",274
NA,"""Unknown or Not Stated""","""9""","""2018""","""2018""","""Georgia""","""13""",238
NA,"""Unknown or Not Stated""","""9""","""2018""","""2018""","""Illinois""","""17""",266
NA,"""Unknown or Not Stated""","""9""","""2018""","""2018""","""Kentucky""","""21""",260
NA,"""Unknown or Not Stated""","""9""","""2018""","""2018""","""Maryland""","""24""",13
NA,"""Unknown or Not Stated""","""9""","""2018""","""2018""","""Massachusetts""","""25""",72
NA,"""Unknown or Not Stated""","""9""","""2018""","""2018""","""Michigan""","""26""",113
NA,"""Unknown or Not Stated""","""9""","""2018""","""2018""","""Minnesota""","""27""",32
NA,"""Unknown or Not Stated""","""9""","""2018""","""2018""","""Mississippi""","""28""",16
NA,"""Unknown or Not Stated""","""9""","""2018""","""2018""","""Nebraska""","""31""",22
NA,"""Unknown or Not Stated""","""9""","""2018""","""2018""","""New Hampshire""","""33""",26
NA,"""Unknown or Not Stated""","""9""","""2018""","""2018""","""New Jersey""","""34""",15
NA,"""Unknown or Not Stated""","""9""","""2018""","""2018""","""New York""","""36""",717
NA,"""Unknown or Not Stated""","""9""","""2018""","""2018""","""North Carolina""","""37""",12
NA,"""Unknown or Not Stated""","""9""","""2018""","""2018""","""Ohio""","""39""",20
NA,"""Unknown or Not Stated""","""9""","""2018""","""2018""","""Oklahoma""","""40""",12
NA,"""Unknown or Not Stated""","""9""","""2018""","""2018""","""Oregon""","""41""",306
NA,"""Unknown or Not Stated""","""9""","""2018""","""2018""","""Pennsylvania""","""42""",34
NA,"""Unknown or Not Stated""","""9""","""2018""","""2018""","""Tennessee""","""47""",38
NA,"""Unknown or Not Stated""","""9""","""2018""","""2018""","""Washington""","""53""",312
NA,"""Unknown or Not Stated""","""9""","""2018""","""2018""","""West Virginia""","""54""",103
NA,"""Unknown or Not Stated""","""9""","""2018""","""2018""","""Wisconsin""","""55""",196
NA,"""Unknown or Not Stated""","""9""","""2019""","""2019""","""Alaska""","""02""",86
NA,"""Unknown or Not Stated""","""9""","""2019""","""2019""","""California""","""06""",675
NA,"""Unknown or Not Stated""","""9""","""2019""","""2019""","""Connecticut""","""09""",33
NA,"""Unknown or Not Stated""","""9""","""2019""","""2019""","""Delaware""","""10""",13
NA,"""Unknown or Not Stated""","""9""","""2019""","""2019""","""Florida""","""12""",314
NA,"""Unknown or Not Stated""","""9""","""2019""","""2019""","""Georgia""","""13""",203
NA,"""Unknown or Not Stated""","""9""","""2019""","""2019""","""Idaho""","""16""",16
NA,"""Unknown or Not Stated""","""9""","""2019""","""2019""","""Illinois""","""17""",93
NA,"""Unknown or Not Stated""","""9""","""2019""","""2019""","""Kentucky""","""21""",235
NA,"""Unknown or Not Stated""","""9""","""2019""","""2019""","""Maryland""","""24""",18
NA,"""Unknown or Not Stated""","""9""","""2019""","""2019""","""Massachusetts""","""25""",140
NA,"""Unknown or Not Stated""","""9""","""2019""","""2019""","""Michigan""","""26""",134
NA,"""Unknown or Not Stated""","""9""","""2019""","""2019""","""Minnesota""","""27""",48
NA,"""Unknown or Not Stated""","""9""","""2019""","""2019""","""Nebraska""","""31""",11
NA,"""Unknown or Not Stated""","""9""","""2019""","""2019""","""New Hampshire""","""33""",40
NA,"""Unknown or Not Stated""","""9""","""2019""","""2019""","""New York""","""36""",709
NA,"""Unknown or Not Stated""","""9""","""2019""","""2019""","""North Carolina""","""37""",11
NA,"""Unknown or Not Stated""","""9""","""2019""","""2019""","""Ohio""","""39""",29
NA,"""Unknown or Not Stated""","""9""","""2019""","""2019""","""Oklahoma""","""40""",10
NA,"""Unknown or Not Stated""","""9""","""2019""","""2019""","""Oregon""","""41""",174
NA,"""Unknown or Not Stated""","""9""","""2019""","""2019""","""Pennsylvania""","""42""",24
NA,"""Unknown or Not Stated""","""9""","""2019""","""2019""","""Texas""","""48""",12
NA,"""Unknown or Not Stated""","""9""","""2019""","""2019""","""Washington""","""53""",476
NA,"""Unknown or Not Stated""","""9""","""2019""","""2019""","""West Virginia""","""54""",144
NA,"""Unknown or Not Stated""","""9""","""2019""","""2019""","""Wisconsin""","""55""",234
NA,"""Unknown or Not Stated""","""9""","""2020""","""2020""","""Alaska""","""02""",47
NA,"""Unknown or Not Stated""","""9""","""2020""","""2020""","""California""","""06""",863
NA,"""Unknown or Not Stated""","""9""","""2020""","""2020""","""Colorado""","""08""",13
NA,"""Unknown or Not Stated""","""9""","""2020""","""2020""","""Connecticut""","""09""",87
NA,"""Unknown or Not Stated""","""9""","""2020""","""2020""","""Delaware""","""10""",40
NA,"""Unknown or Not Stated""","""9""","""2020""","""2020""","""Florida""","""12""",472
NA,"""Unknown or Not Stated""","""9""","""2020""","""2020""","""Georgia""","""13""",149
NA,"""Unknown or Not Stated""","""9""","""2020""","""2020""","""Idaho""","""16""",11
NA,"""Unknown or Not Stated""","""9""","""2020""","""2020""","""Illinois""","""17""",130
NA,"""Unknown or Not Stated""","""9""","""2020""","""2020""","""Indiana""","""18""",41
NA,"""Unknown or Not Stated""","""9""","""2020""","""2020""","""Kentucky""","""21""",542
NA,"""Unknown or Not Stated""","""9""","""2020""","""2020""","""Maine""","""23""",11
NA,"""Unknown or Not Stated""","""9""","""2020""","""2020""","""Maryland""","""24""",35
NA,"""Unknown or Not Stated""","""9""","""2020""","""2020""","""Massachusetts""","""25""",229
NA,"""Unknown or Not Stated""","""9""","""2020""","""2020""","""Michigan""","""26""",217
NA,"""Unknown or Not Stated""","""9""","""2020""","""2020""","""Minnesota""","""27""",44
NA,"""Unknown or Not Stated""","""9""","""2020""","""2020""","""Nebraska""","""31""",14
NA,"""Unknown or Not Stated""","""9""","""2020""","""2020""","""New Hampshire""","""33""",34
NA,"""Unknown or Not Stated""","""9""","""2020""","""2020""","""New York""","""36""",539
NA,"""Unknown or Not Stated""","""9""","""2020""","""2020""","""North Carolina""","""37""",19
NA,"""Unknown or Not Stated""","""9""","""2020""","""2020""","""Ohio""","""39""",35
NA,"""Unknown or Not Stated""","""9""","""2020""","""2020""","""Oklahoma""","""40""",12
NA,"""Unknown or Not Stated""","""9""","""2020""","""2020""","""Oregon""","""41""",144
NA,"""Unknown or Not Stated""","""9""","""2020""","""2020""","""Pennsylvania""","""42""",36
NA,"""Unknown or Not Stated""","""9""","""2020""","""2020""","""Rhode Island""","""44""",11
NA,"""Unknown or Not Stated""","""9""","""2020""","""2020""","""South Dakota""","""46""",13
NA,"""Unknown or Not Stated""","""9""","""2020""","""2020""","""Texas""","""48""",10
NA,"""Unknown or Not Stated""","""9""","""2020""","""2020""","""Washington""","""53""",552
NA,"""Unknown or Not Stated""","""9""","""2020""","""2020""","""West Virginia""","""54""",163
NA,"""Unknown or Not Stated""","""9""","""2020""","""2020""","""Wisconsin""","""55""",74
NA,"""Unknown or Not Stated""","""9""","""2021""","""2021""","""Alaska""","""02""",33
NA,"""Unknown or Not Stated""","""9""","""2021""","""2021""","""California""","""06""",810
NA,"""Unknown or Not Stated""","""9""","""2021""","""2021""","""Colorado""","""08""",10
NA,"""Unknown or Not Stated""","""9""","""2021""","""2021""","""Delaware""","""10""",47
NA,"""Unknown or Not Stated""","""9""","""2021""","""2021""","""Florida""","""12""",803
NA,"""Unknown or Not Stated""","""9""","""2021""","""2021""","""Georgia""","""13""",162
NA,"""Unknown or Not Stated""","""9""","""2021""","""2021""","""Idaho""","""16""",18
NA,"""Unknown or Not Stated""","""9""","""2021""","""2021""","""Illinois""","""17""",115
NA,"""Unknown or Not Stated""","""9""","""2021""","""2021""","""Indiana""","""18""",55
NA,"""Unknown or Not Stated""","""9""","""2021""","""2021""","""Kentucky""","""21""",210
NA,"""Unknown or Not Stated""","""9""","""2021""","""2021""","""Maryland""","""24""",42
NA,"""Unknown or Not Stated""","""9""","""2021""","""2021""","""Massachusetts""","""25""",685
NA,"""Unknown or Not Stated""","""9""","""2021""","""2021""","""Michigan""","""26""",200
NA,"""Unknown or Not Stated""","""9""","""2021""","""2021""","""Minnesota""","""27""",49
NA,"""Unknown or Not Stated""","""9""","""2021""","""2021""","""Nebraska""","""31""",12
NA,"""Unknown or Not Stated""","""9""","""2021""","""2021""","""New Hampshire""","""33""",35
NA,"""Unknown or Not Stated""","""9""","""2021""","""2021""","""New Jersey""","""34""",264
NA,"""Unknown or Not Stated""","""9""","""2021""","""2021""","""New York""","""36""",584
NA,"""Unknown or Not Stated""","""9""","""2021""","""2021""","""North Carolina""","""37""",17
NA,"""Unknown or Not Stated""","""9""","""2021""","""2021""","""Ohio""","""39""",20
NA,"""Unknown or Not Stated""","""9""","""2021""","""2021""","""Oklahoma""","""40""",19
NA,"""Unknown or Not Stated""","""9""","""2021""","""2021""","""Oregon""","""41""",230
NA,"""Unknown or Not Stated""","""9""","""2021""","""2021""","""Pennsylvania""","""42""",791
NA,"""Unknown or Not Stated""","""9""","""2021""","""2021""","""Rhode Island""","""44""",13
NA,"""Unknown or Not Stated""","""9""","""2021""","""2021""","""South Carolina""","""45""",340
NA,"""Unknown or Not Stated""","""9""","""2021""","""2021""","""Virginia""","""51""",10
NA,"""Unknown or Not Stated""","""9""","""2021""","""2021""","""Washington""","""53""",1047
NA,"""Unknown or Not Stated""","""9""","""2021""","""2021""","""West Virginia""","""54""",106
NA,"""Unknown or Not Stated""","""9""","""2021""","""2021""","""Wisconsin""","""55""",64
