OE Gestational Age Recode 10,Year,State of Residence,Births
Under 20 weeks,2016,Alabama,20
Under 20 weeks,2016,Arizona,30
Under 20 weeks,2016,California,73
Under 20 weeks,2016,Colorado,15
Under 20 weeks,2016,Connecticut,28
Under 20 weeks,2016,Delaware,12
Under 20 weeks,2016,Florida,90
Under 20 weeks,2016,Georgia,57
Under 20 weeks,2016,Illinois,92
Under 20 weeks,2016,Indiana,38
Under 20 weeks,2016,Kentucky,21
Under 20 weeks,2016,Louisiana,37
Under 20 weeks,2016,Maryland,45
Under 20 weeks,2016,Massachusetts,18
Under 20 weeks,2016,Michigan,59
Under 20 weeks,2016,Minnesota,28
Under 20 weeks,2016,Mississippi,11
Under 20 weeks,2016,Missouri,33
Under 20 weeks,2016,New Jersey,24
Under 20 weeks,2016,New Mexico,11
Under 20 weeks,2016,New York,50
Under 20 weeks,2016,North Carolina,58
Under 20 weeks,2016,Ohio,78
Under 20 weeks,2016,Oklahoma,20
Under 20 weeks,2016,Oregon,10
Under 20 weeks,2016,Pennsylvania,70
Under 20 weeks,2016,South Carolina,13
Under 20 weeks,2016,Tennessee,25
Under 20 weeks,2016,Texas,117
Under 20 weeks,2016,Utah,17
Under 20 weeks,2016,Virginia,44
Under 20 weeks,2016,Wisconsin,24
Under 20 weeks,2017,Alabama,21
Under 20 weeks,2017,Arizona,25
Under 20 weeks,2017,Arkansas,17
Under 20 weeks,2017,California,90
Under 20 weeks,2017,Colorado,10
Under 20 weeks,2017,Connecticut,12
Under 20 weeks,2017,Florida,69
Under 20 weeks,2017,Georgia,58
Under 20 weeks,2017,Illinois,90
Under 20 weeks,2017,Indiana,35
Under 20 weeks,2017,Kansas,23
Under 20 weeks,2017,Kentucky,13
Under 20 weeks,2017,Louisiana,22
Under 20 weeks,2017,Maryland,50
Under 20 weeks,2017,Michigan,65
Under 20 weeks,2017,Minnesota,23
Under 20 weeks,2017,Mississippi,15
Under 20 weeks,2017,Missouri,24
Under 20 weeks,2017,New Jersey,25
Under 20 weeks,2017,New York,64
Under 20 weeks,2017,North Carolina,66
Under 20 weeks,2017,Ohio,80
Under 20 weeks,2017,Oklahoma,25
Under 20 weeks,2017,Oregon,11
Under 20 weeks,2017,Pennsylvania,73
Under 20 weeks,2017,South Carolina,18
Under 20 weeks,2017,Tennessee,23
Under 20 weeks,2017,Texas,157
Under 20 weeks,2017,Utah,17
Under 20 weeks,2017,Virginia,40
Under 20 weeks,2017,Washington,15
Under 20 weeks,2017,Wisconsin,35
Under 20 weeks,2018,Alabama,20
Under 20 weeks,2018,Arizona,18
Under 20 weeks,2018,Arkansas,10
Under 20 weeks,2018,California,80
Under 20 weeks,2018,Colorado,16
Under 20 weeks,2018,Connecticut,15
Under 20 weeks,2018,Florida,62
Under 20 weeks,2018,Georgia,59
Under 20 weeks,2018,Illinois,90
Under 20 weeks,2018,Indiana,41
Under 20 weeks,2018,Iowa,15
Under 20 weeks,2018,Kansas,23
Under 20 weeks,2018,Kentucky,17
Under 20 weeks,2018,Louisiana,38
Under 20 weeks,2018,Maryland,38
Under 20 weeks,2018,Massachusetts,13
Under 20 weeks,2018,Michigan,63
Under 20 weeks,2018,Minnesota,23
Under 20 weeks,2018,Missouri,27
Under 20 weeks,2018,Nevada,10
Under 20 weeks,2018,New Jersey,12
Under 20 weeks,2018,New York,58
Under 20 weeks,2018,North Carolina,37
Under 20 weeks,2018,Ohio,74
Under 20 weeks,2018,Oklahoma,17
Under 20 weeks,2018,Pennsylvania,65
Under 20 weeks,2018,South Carolina,19
Under 20 weeks,2018,Tennessee,17
Under 20 weeks,2018,Texas,144
Under 20 weeks,2018,Utah,24
Under 20 weeks,2018,Virginia,37
Under 20 weeks,2018,Washington,26
Under 20 weeks,2018,Wisconsin,28
Under 20 weeks,2019,Alabama,21
Under 20 weeks,2019,Arizona,23
Under 20 weeks,2019,Arkansas,18
Under 20 weeks,2019,California,96
Under 20 weeks,2019,Colorado,21
Under 20 weeks,2019,Delaware,10
Under 20 weeks,2019,Florida,90
Under 20 weeks,2019,Georgia,62
Under 20 weeks,2019,Illinois,70
Under 20 weeks,2019,Indiana,35
Under 20 weeks,2019,Kansas,11
Under 20 weeks,2019,Kentucky,17
Under 20 weeks,2019,Louisiana,31
Under 20 weeks,2019,Maryland,33
Under 20 weeks,2019,Massachusetts,18
Under 20 weeks,2019,Michigan,58
Under 20 weeks,2019,Minnesota,13
Under 20 weeks,2019,Missouri,23
Under 20 weeks,2019,New Jersey,18
Under 20 weeks,2019,New York,55
Under 20 weeks,2019,North Carolina,48
Under 20 weeks,2019,Ohio,85
Under 20 weeks,2019,Oklahoma,21
Under 20 weeks,2019,Pennsylvania,77
Under 20 weeks,2019,South Carolina,28
Under 20 weeks,2019,Tennessee,31
Under 20 weeks,2019,Texas,140
Under 20 weeks,2019,Utah,19
Under 20 weeks,2019,Virginia,47
Under 20 weeks,2019,Washington,19
Under 20 weeks,2019,Wisconsin,29
Under 20 weeks,2020,Alabama,19
Under 20 weeks,2020,Arizona,24
Under 20 weeks,2020,Arkansas,15
Under 20 weeks,2020,California,77
Under 20 weeks,2020,Colorado,23
Under 20 weeks,2020,Connecticut,10
Under 20 weeks,2020,Florida,85
Under 20 weeks,2020,Georgia,45
Under 20 weeks,2020,Illinois,67
Under 20 weeks,2020,Indiana,30
Under 20 weeks,2020,Iowa,11
Under 20 weeks,2020,Kansas,15
Under 20 weeks,2020,Kentucky,22
Under 20 weeks,2020,Louisiana,34
Under 20 weeks,2020,Maryland,32
Under 20 weeks,2020,Massachusetts,18
Under 20 weeks,2020,Michigan,61
Under 20 weeks,2020,Minnesota,17
Under 20 weeks,2020,Mississippi,13
Under 20 weeks,2020,Missouri,33
Under 20 weeks,2020,New Jersey,17
Under 20 weeks,2020,New York,36
Under 20 weeks,2020,North Carolina,61
Under 20 weeks,2020,Ohio,70
Under 20 weeks,2020,Oklahoma,16
Under 20 weeks,2020,Oregon,15
Under 20 weeks,2020,Pennsylvania,68
Under 20 weeks,2020,South Carolina,19
Under 20 weeks,2020,Tennessee,22
Under 20 weeks,2020,Texas,174
Under 20 weeks,2020,Utah,11
Under 20 weeks,2020,Virginia,45
Under 20 weeks,2020,Washington,25
Under 20 weeks,2020,Wisconsin,27
Under 20 weeks,2021,Alabama,17
Under 20 weeks,2021,Arizona,32
Under 20 weeks,2021,Arkansas,19
Under 20 weeks,2021,California,70
Under 20 weeks,2021,Colorado,26
Under 20 weeks,2021,Connecticut,12
Under 20 weeks,2021,Florida,80
Under 20 weeks,2021,Georgia,46
Under 20 weeks,2021,Illinois,57
Under 20 weeks,2021,Indiana,28
Under 20 weeks,2021,Iowa,16
Under 20 weeks,2021,Kansas,12
Under 20 weeks,2021,Kentucky,19
Under 20 weeks,2021,Louisiana,23
Under 20 weeks,2021,Maryland,31
Under 20 weeks,2021,Michigan,66
Under 20 weeks,2021,Minnesota,23
Under 20 weeks,2021,Mississippi,11
Under 20 weeks,2021,Missouri,20
Under 20 weeks,2021,Nebraska,12
Under 20 weeks,2021,New Jersey,11
Under 20 weeks,2021,New York,39
Under 20 weeks,2021,North Carolina,36
Under 20 weeks,2021,Ohio,74
Under 20 weeks,2021,Oklahoma,13
Under 20 weeks,2021,Pennsylvania,47
Under 20 weeks,2021,South Carolina,22
Under 20 weeks,2021,Tennessee,18
Under 20 weeks,2021,Texas,139
Under 20 weeks,2021,Utah,11
Under 20 weeks,2021,Virginia,35
Under 20 weeks,2021,Washington,19
Under 20 weeks,2021,Wisconsin,13
20 - 27 weeks,2016,Alabama,581
20 - 27 weeks,2016,Alaska,54
20 - 27 weeks,2016,Arizona,452
20 - 27 weeks,2016,Arkansas,276
20 - 27 weeks,2016,California,2405
20 - 27 weeks,2016,Colorado,315
20 - 27 weeks,2016,Connecticut,192
20 - 27 weeks,2016,Delaware,93
20 - 27 weeks,2016,District of Columbia,83
20 - 27 weeks,2016,Florida,1623
20 - 27 weeks,2016,Georgia,1163
20 - 27 weeks,2016,Hawaii,128
20 - 27 weeks,2016,Idaho,106
20 - 27 weeks,2016,Illinois,1110
20 - 27 weeks,2016,Indiana,572
20 - 27 weeks,2016,Iowa,245
20 - 27 weeks,2016,Kansas,216
20 - 27 weeks,2016,Kentucky,382
20 - 27 weeks,2016,Louisiana,527
20 - 27 weeks,2016,Maine,62
20 - 27 weeks,2016,Maryland,550
20 - 27 weeks,2016,Massachusetts,391
20 - 27 weeks,2016,Michigan,788
20 - 27 weeks,2016,Minnesota,386
20 - 27 weeks,2016,Mississippi,365
20 - 27 weeks,2016,Missouri,488
20 - 27 weeks,2016,Montana,62
20 - 27 weeks,2016,Nebraska,134
20 - 27 weeks,2016,Nevada,218
20 - 27 weeks,2016,New Hampshire,50
20 - 27 weeks,2016,New Jersey,616
20 - 27 weeks,2016,New Mexico,146
20 - 27 weeks,2016,New York,1324
20 - 27 weeks,2016,North Carolina,969
20 - 27 weeks,2016,North Dakota,70
20 - 27 weeks,2016,Ohio,1044
20 - 27 weeks,2016,Oklahoma,330
20 - 27 weeks,2016,Oregon,205
20 - 27 weeks,2016,Pennsylvania,904
20 - 27 weeks,2016,Rhode Island,62
20 - 27 weeks,2016,South Carolina,464
20 - 27 weeks,2016,South Dakota,43
20 - 27 weeks,2016,Tennessee,541
20 - 27 weeks,2016,Texas,2649
20 - 27 weeks,2016,Utah,236
20 - 27 weeks,2016,Vermont,28
20 - 27 weeks,2016,Virginia,675
20 - 27 weeks,2016,Washington,366
20 - 27 weeks,2016,West Virginia,127
20 - 27 weeks,2016,Wisconsin,387
20 - 27 weeks,2016,Wyoming,48
20 - 27 weeks,2017,Alabama,482
20 - 27 weeks,2017,Alaska,49
20 - 27 weeks,2017,Arizona,437
20 - 27 weeks,2017,Arkansas,270
20 - 27 weeks,2017,California,2308
20 - 27 weeks,2017,Colorado,328
20 - 27 weeks,2017,Connecticut,230
20 - 27 weeks,2017,Delaware,74
20 - 27 weeks,2017,District of Columbia,88
20 - 27 weeks,2017,Florida,1566
20 - 27 weeks,2017,Georgia,1112
20 - 27 weeks,2017,Hawaii,105
20 - 27 weeks,2017,Idaho,111
20 - 27 weeks,2017,Illinois,978
20 - 27 weeks,2017,Indiana,504
20 - 27 weeks,2017,Iowa,213
20 - 27 weeks,2017,Kansas,227
20 - 27 weeks,2017,Kentucky,368
20 - 27 weeks,2017,Louisiana,526
20 - 27 weeks,2017,Maine,60
20 - 27 weeks,2017,Maryland,581
20 - 27 weeks,2017,Massachusetts,330
20 - 27 weeks,2017,Michigan,798
20 - 27 weeks,2017,Minnesota,368
20 - 27 weeks,2017,Mississippi,372
20 - 27 weeks,2017,Missouri,486
20 - 27 weeks,2017,Montana,48
20 - 27 weeks,2017,Nebraska,105
20 - 27 weeks,2017,Nevada,252
20 - 27 weeks,2017,New Hampshire,54
20 - 27 weeks,2017,New Jersey,618
20 - 27 weeks,2017,New Mexico,135
20 - 27 weeks,2017,New York,1356
20 - 27 weeks,2017,North Carolina,933
20 - 27 weeks,2017,North Dakota,59
20 - 27 weeks,2017,Ohio,969
20 - 27 weeks,2017,Oklahoma,342
20 - 27 weeks,2017,Oregon,198
20 - 27 weeks,2017,Pennsylvania,911
20 - 27 weeks,2017,Rhode Island,75
20 - 27 weeks,2017,South Carolina,450
20 - 27 weeks,2017,South Dakota,62
20 - 27 weeks,2017,Tennessee,525
20 - 27 weeks,2017,Texas,2591
20 - 27 weeks,2017,Utah,258
20 - 27 weeks,2017,Vermont,29
20 - 27 weeks,2017,Virginia,708
20 - 27 weeks,2017,Washington,361
20 - 27 weeks,2017,West Virginia,126
20 - 27 weeks,2017,Wisconsin,363
20 - 27 weeks,2017,Wyoming,25
20 - 27 weeks,2018,Alabama,486
20 - 27 weeks,2018,Alaska,44
20 - 27 weeks,2018,Arizona,446
20 - 27 weeks,2018,Arkansas,256
20 - 27 weeks,2018,California,2298
20 - 27 weeks,2018,Colorado,315
20 - 27 weeks,2018,Connecticut,188
20 - 27 weeks,2018,Delaware,76
20 - 27 weeks,2018,District of Columbia,78
20 - 27 weeks,2018,Florida,1623
20 - 27 weeks,2018,Georgia,1085
20 - 27 weeks,2018,Hawaii,112
20 - 27 weeks,2018,Idaho,112
20 - 27 weeks,2018,Illinois,985
20 - 27 weeks,2018,Indiana,538
20 - 27 weeks,2018,Iowa,205
20 - 27 weeks,2018,Kansas,211
20 - 27 weeks,2018,Kentucky,321
20 - 27 weeks,2018,Louisiana,518
20 - 27 weeks,2018,Maine,57
20 - 27 weeks,2018,Maryland,549
20 - 27 weeks,2018,Massachusetts,356
20 - 27 weeks,2018,Michigan,671
20 - 27 weeks,2018,Minnesota,359
20 - 27 weeks,2018,Mississippi,360
20 - 27 weeks,2018,Missouri,437
20 - 27 weeks,2018,Montana,41
20 - 27 weeks,2018,Nebraska,123
20 - 27 weeks,2018,Nevada,212
20 - 27 weeks,2018,New Hampshire,61
20 - 27 weeks,2018,New Jersey,580
20 - 27 weeks,2018,New Mexico,115
20 - 27 weeks,2018,New York,1247
20 - 27 weeks,2018,North Carolina,868
20 - 27 weeks,2018,North Dakota,46
20 - 27 weeks,2018,Ohio,881
20 - 27 weeks,2018,Oklahoma,328
20 - 27 weeks,2018,Oregon,149
20 - 27 weeks,2018,Pennsylvania,830
20 - 27 weeks,2018,Rhode Island,58
20 - 27 weeks,2018,South Carolina,447
20 - 27 weeks,2018,South Dakota,44
20 - 27 weeks,2018,Tennessee,562
20 - 27 weeks,2018,Texas,2500
20 - 27 weeks,2018,Utah,221
20 - 27 weeks,2018,Vermont,26
20 - 27 weeks,2018,Virginia,692
20 - 27 weeks,2018,Washington,407
20 - 27 weeks,2018,West Virginia,112
20 - 27 weeks,2018,Wisconsin,366
20 - 27 weeks,2018,Wyoming,29
20 - 27 weeks,2019,Alabama,493
20 - 27 weeks,2019,Alaska,36
20 - 27 weeks,2019,Arizona,394
20 - 27 weeks,2019,Arkansas,270
20 - 27 weeks,2019,California,2225
20 - 27 weeks,2019,Colorado,293
20 - 27 weeks,2019,Connecticut,217
20 - 27 weeks,2019,Delaware,95
20 - 27 weeks,2019,District of Columbia,73
20 - 27 weeks,2019,Florida,1608
20 - 27 weeks,2019,Georgia,1058
20 - 27 weeks,2019,Hawaii,120
20 - 27 weeks,2019,Idaho,90
20 - 27 weeks,2019,Illinois,876
20 - 27 weeks,2019,Indiana,477
20 - 27 weeks,2019,Iowa,188
20 - 27 weeks,2019,Kansas,242
20 - 27 weeks,2019,Kentucky,283
20 - 27 weeks,2019,Louisiana,549
20 - 27 weeks,2019,Maine,56
20 - 27 weeks,2019,Maryland,488
20 - 27 weeks,2019,Massachusetts,346
20 - 27 weeks,2019,Michigan,749
20 - 27 weeks,2019,Minnesota,330
20 - 27 weeks,2019,Mississippi,382
20 - 27 weeks,2019,Missouri,466
20 - 27 weeks,2019,Montana,41
20 - 27 weeks,2019,Nebraska,113
20 - 27 weeks,2019,Nevada,202
20 - 27 weeks,2019,New Hampshire,41
20 - 27 weeks,2019,New Jersey,577
20 - 27 weeks,2019,New Mexico,128
20 - 27 weeks,2019,New York,1249
20 - 27 weeks,2019,North Carolina,938
20 - 27 weeks,2019,North Dakota,56
20 - 27 weeks,2019,Ohio,924
20 - 27 weeks,2019,Oklahoma,307
20 - 27 weeks,2019,Oregon,171
20 - 27 weeks,2019,Pennsylvania,855
20 - 27 weeks,2019,Rhode Island,68
20 - 27 weeks,2019,South Carolina,439
20 - 27 weeks,2019,South Dakota,60
20 - 27 weeks,2019,Tennessee,533
20 - 27 weeks,2019,Texas,2517
20 - 27 weeks,2019,Utah,221
20 - 27 weeks,2019,Vermont,16
20 - 27 weeks,2019,Virginia,661
20 - 27 weeks,2019,Washington,348
20 - 27 weeks,2019,West Virginia,117
20 - 27 weeks,2019,Wisconsin,379
20 - 27 weeks,2019,Wyoming,35
20 - 27 weeks,2020,Alabama,478
20 - 27 weeks,2020,Alaska,51
20 - 27 weeks,2020,Arizona,405
20 - 27 weeks,2020,Arkansas,238
20 - 27 weeks,2020,California,2048
20 - 27 weeks,2020,Colorado,317
20 - 27 weeks,2020,Connecticut,199
20 - 27 weeks,2020,Delaware,77
20 - 27 weeks,2020,District of Columbia,68
20 - 27 weeks,2020,Florida,1497
20 - 27 weeks,2020,Georgia,985
20 - 27 weeks,2020,Hawaii,78
20 - 27 weeks,2020,Idaho,98
20 - 27 weeks,2020,Illinois,810
20 - 27 weeks,2020,Indiana,507
20 - 27 weeks,2020,Iowa,194
20 - 27 weeks,2020,Kansas,208
20 - 27 weeks,2020,Kentucky,284
20 - 27 weeks,2020,Louisiana,504
20 - 27 weeks,2020,Maine,63
20 - 27 weeks,2020,Maryland,507
20 - 27 weeks,2020,Massachusetts,284
20 - 27 weeks,2020,Michigan,674
20 - 27 weeks,2020,Minnesota,314
20 - 27 weeks,2020,Mississippi,325
20 - 27 weeks,2020,Missouri,430
20 - 27 weeks,2020,Montana,47
20 - 27 weeks,2020,Nebraska,118
20 - 27 weeks,2020,Nevada,196
20 - 27 weeks,2020,New Hampshire,60
20 - 27 weeks,2020,New Jersey,516
20 - 27 weeks,2020,New Mexico,135
20 - 27 weeks,2020,New York,1189
20 - 27 weeks,2020,North Carolina,863
20 - 27 weeks,2020,North Dakota,57
20 - 27 weeks,2020,Ohio,807
20 - 27 weeks,2020,Oklahoma,259
20 - 27 weeks,2020,Oregon,160
20 - 27 weeks,2020,Pennsylvania,767
20 - 27 weeks,2020,Rhode Island,47
20 - 27 weeks,2020,South Carolina,427
20 - 27 weeks,2020,South Dakota,50
20 - 27 weeks,2020,Tennessee,503
20 - 27 weeks,2020,Texas,2414
20 - 27 weeks,2020,Utah,215
20 - 27 weeks,2020,Vermont,15
20 - 27 weeks,2020,Virginia,619
20 - 27 weeks,2020,Washington,388
20 - 27 weeks,2020,West Virginia,109
20 - 27 weeks,2020,Wisconsin,335
20 - 27 weeks,2020,Wyoming,32
20 - 27 weeks,2021,Alabama,498
20 - 27 weeks,2021,Alaska,51
20 - 27 weeks,2021,Arizona,438
20 - 27 weeks,2021,Arkansas,263
20 - 27 weeks,2021,California,2146
20 - 27 weeks,2021,Colorado,302
20 - 27 weeks,2021,Connecticut,209
20 - 27 weeks,2021,Delaware,59
20 - 27 weeks,2021,District of Columbia,69
20 - 27 weeks,2021,Florida,1581
20 - 27 weeks,2021,Georgia,1037
20 - 27 weeks,2021,Hawaii,85
20 - 27 weeks,2021,Idaho,98
20 - 27 weeks,2021,Illinois,744
20 - 27 weeks,2021,Indiana,476
20 - 27 weeks,2021,Iowa,197
20 - 27 weeks,2021,Kansas,184
20 - 27 weeks,2021,Kentucky,335
20 - 27 weeks,2021,Louisiana,507
20 - 27 weeks,2021,Maine,56
20 - 27 weeks,2021,Maryland,445
20 - 27 weeks,2021,Massachusetts,322
20 - 27 weeks,2021,Michigan,702
20 - 27 weeks,2021,Minnesota,332
20 - 27 weeks,2021,Mississippi,347
20 - 27 weeks,2021,Missouri,425
20 - 27 weeks,2021,Montana,47
20 - 27 weeks,2021,Nebraska,130
20 - 27 weeks,2021,Nevada,229
20 - 27 weeks,2021,New Hampshire,48
20 - 27 weeks,2021,New Jersey,501
20 - 27 weeks,2021,New Mexico,109
20 - 27 weeks,2021,New York,1181
20 - 27 weeks,2021,North Carolina,857
20 - 27 weeks,2021,North Dakota,46
20 - 27 weeks,2021,Ohio,847
20 - 27 weeks,2021,Oklahoma,327
20 - 27 weeks,2021,Oregon,152
20 - 27 weeks,2021,Pennsylvania,765
20 - 27 weeks,2021,Rhode Island,57
20 - 27 weeks,2021,South Carolina,457
20 - 27 weeks,2021,South Dakota,47
20 - 27 weeks,2021,Tennessee,522
20 - 27 weeks,2021,Texas,2455
20 - 27 weeks,2021,Utah,215
20 - 27 weeks,2021,Vermont,22
20 - 27 weeks,2021,Virginia,621
20 - 27 weeks,2021,Washington,368
20 - 27 weeks,2021,West Virginia,98
20 - 27 weeks,2021,Wisconsin,335
20 - 27 weeks,2021,Wyoming,21
28 - 31 weeks,2016,Alabama,675
28 - 31 weeks,2016,Alaska,69
28 - 31 weeks,2016,Arizona,637
28 - 31 weeks,2016,Arkansas,422
28 - 31 weeks,2016,California,3725
28 - 31 weeks,2016,Colorado,500
28 - 31 weeks,2016,Connecticut,321
28 - 31 weeks,2016,Delaware,111
28 - 31 weeks,2016,District of Columbia,108
28 - 31 weeks,2016,Florida,2174
28 - 31 weeks,2016,Georgia,1439
28 - 31 weeks,2016,Hawaii,163
28 - 31 weeks,2016,Idaho,185
28 - 31 weeks,2016,Illinois,1563
28 - 31 weeks,2016,Indiana,795
28 - 31 weeks,2016,Iowa,300
28 - 31 weeks,2016,Kansas,280
28 - 31 weeks,2016,Kentucky,611
28 - 31 weeks,2016,Louisiana,806
28 - 31 weeks,2016,Maine,98
28 - 31 weeks,2016,Maryland,751
28 - 31 weeks,2016,Massachusetts,513
28 - 31 weeks,2016,Michigan,1092
28 - 31 weeks,2016,Minnesota,526
28 - 31 weeks,2016,Mississippi,513
28 - 31 weeks,2016,Missouri,684
28 - 31 weeks,2016,Montana,94
28 - 31 weeks,2016,Nebraska,239
28 - 31 weeks,2016,Nevada,333
28 - 31 weeks,2016,New Hampshire,90
28 - 31 weeks,2016,New Jersey,955
28 - 31 weeks,2016,New Mexico,270
28 - 31 weeks,2016,New York,2014
28 - 31 weeks,2016,North Carolina,1210
28 - 31 weeks,2016,North Dakota,104
28 - 31 weeks,2016,Ohio,1363
28 - 31 weeks,2016,Oklahoma,446
28 - 31 weeks,2016,Oregon,312
28 - 31 weeks,2016,Pennsylvania,1258
28 - 31 weeks,2016,Rhode Island,105
28 - 31 weeks,2016,South Carolina,659
28 - 31 weeks,2016,South Dakota,101
28 - 31 weeks,2016,Tennessee,924
28 - 31 weeks,2016,Texas,3827
28 - 31 weeks,2016,Utah,431
28 - 31 weeks,2016,Vermont,46
28 - 31 weeks,2016,Virginia,920
28 - 31 weeks,2016,Washington,659
28 - 31 weeks,2016,West Virginia,174
28 - 31 weeks,2016,Wisconsin,580
28 - 31 weeks,2016,Wyoming,64
28 - 31 weeks,2017,Alabama,664
28 - 31 weeks,2017,Alaska,82
28 - 31 weeks,2017,Arizona,628
28 - 31 weeks,2017,Arkansas,386
28 - 31 weeks,2017,California,3601
28 - 31 weeks,2017,Colorado,493
28 - 31 weeks,2017,Connecticut,338
28 - 31 weeks,2017,Delaware,94
28 - 31 weeks,2017,District of Columbia,123
28 - 31 weeks,2017,Florida,2291
28 - 31 weeks,2017,Georgia,1463
28 - 31 weeks,2017,Hawaii,154
28 - 31 weeks,2017,Idaho,160
28 - 31 weeks,2017,Illinois,1408
28 - 31 weeks,2017,Indiana,746
28 - 31 weeks,2017,Iowa,269
28 - 31 weeks,2017,Kansas,333
28 - 31 weeks,2017,Kentucky,560
28 - 31 weeks,2017,Louisiana,732
28 - 31 weeks,2017,Maine,100
28 - 31 weeks,2017,Maryland,767
28 - 31 weeks,2017,Massachusetts,547
28 - 31 weeks,2017,Michigan,1040
28 - 31 weeks,2017,Minnesota,507
28 - 31 weeks,2017,Mississippi,490
28 - 31 weeks,2017,Missouri,703
28 - 31 weeks,2017,Montana,100
28 - 31 weeks,2017,Nebraska,240
28 - 31 weeks,2017,Nevada,346
28 - 31 weeks,2017,New Hampshire,92
28 - 31 weeks,2017,New Jersey,858
28 - 31 weeks,2017,New Mexico,240
28 - 31 weeks,2017,New York,1995
28 - 31 weeks,2017,North Carolina,1339
28 - 31 weeks,2017,North Dakota,91
28 - 31 weeks,2017,Ohio,1400
28 - 31 weeks,2017,Oklahoma,503
28 - 31 weeks,2017,Oregon,302
28 - 31 weeks,2017,Pennsylvania,1315
28 - 31 weeks,2017,Rhode Island,93
28 - 31 weeks,2017,South Carolina,625
28 - 31 weeks,2017,South Dakota,99
28 - 31 weeks,2017,Tennessee,777
28 - 31 weeks,2017,Texas,3647
28 - 31 weeks,2017,Utah,368
28 - 31 weeks,2017,Vermont,40
28 - 31 weeks,2017,Virginia,912
28 - 31 weeks,2017,Washington,606
28 - 31 weeks,2017,West Virginia,213
28 - 31 weeks,2017,Wisconsin,540
28 - 31 weeks,2017,Wyoming,56
28 - 31 weeks,2018,Alabama,688
28 - 31 weeks,2018,Alaska,81
28 - 31 weeks,2018,Arizona,663
28 - 31 weeks,2018,Arkansas,378
28 - 31 weeks,2018,California,3510
28 - 31 weeks,2018,Colorado,556
28 - 31 weeks,2018,Connecticut,314
28 - 31 weeks,2018,Delaware,92
28 - 31 weeks,2018,District of Columbia,98
28 - 31 weeks,2018,Florida,2119
28 - 31 weeks,2018,Georgia,1395
28 - 31 weeks,2018,Hawaii,151
28 - 31 weeks,2018,Idaho,148
28 - 31 weeks,2018,Illinois,1326
28 - 31 weeks,2018,Indiana,728
28 - 31 weeks,2018,Iowa,310
28 - 31 weeks,2018,Kansas,277
28 - 31 weeks,2018,Kentucky,540
28 - 31 weeks,2018,Louisiana,737
28 - 31 weeks,2018,Maine,79
28 - 31 weeks,2018,Maryland,721
28 - 31 weeks,2018,Massachusetts,552
28 - 31 weeks,2018,Michigan,952
28 - 31 weeks,2018,Minnesota,508
28 - 31 weeks,2018,Mississippi,522
28 - 31 weeks,2018,Missouri,720
28 - 31 weeks,2018,Montana,80
28 - 31 weeks,2018,Nebraska,240
28 - 31 weeks,2018,Nevada,310
28 - 31 weeks,2018,New Hampshire,90
28 - 31 weeks,2018,New Jersey,926
28 - 31 weeks,2018,New Mexico,206
28 - 31 weeks,2018,New York,1961
28 - 31 weeks,2018,North Carolina,1190
28 - 31 weeks,2018,North Dakota,78
28 - 31 weeks,2018,Ohio,1307
28 - 31 weeks,2018,Oklahoma,478
28 - 31 weeks,2018,Oregon,280
28 - 31 weeks,2018,Pennsylvania,1229
28 - 31 weeks,2018,Rhode Island,83
28 - 31 weeks,2018,South Carolina,617
28 - 31 weeks,2018,South Dakota,93
28 - 31 weeks,2018,Tennessee,862
28 - 31 weeks,2018,Texas,3538
28 - 31 weeks,2018,Utah,355
28 - 31 weeks,2018,Vermont,40
28 - 31 weeks,2018,Virginia,884
28 - 31 weeks,2018,Washington,587
28 - 31 weeks,2018,West Virginia,195
28 - 31 weeks,2018,Wisconsin,530
28 - 31 weeks,2018,Wyoming,62
28 - 31 weeks,2019,Alabama,678
28 - 31 weeks,2019,Alaska,64
28 - 31 weeks,2019,Arizona,648
28 - 31 weeks,2019,Arkansas,405
28 - 31 weeks,2019,California,3823
28 - 31 weeks,2019,Colorado,528
28 - 31 weeks,2019,Connecticut,293
28 - 31 weeks,2019,Delaware,110
28 - 31 weeks,2019,District of Columbia,89
28 - 31 weeks,2019,Florida,2154
28 - 31 weeks,2019,Georgia,1375
28 - 31 weeks,2019,Hawaii,155
28 - 31 weeks,2019,Idaho,159
28 - 31 weeks,2019,Illinois,1323
28 - 31 weeks,2019,Indiana,709
28 - 31 weeks,2019,Iowa,355
28 - 31 weeks,2019,Kansas,304
28 - 31 weeks,2019,Kentucky,556
28 - 31 weeks,2019,Louisiana,646
28 - 31 weeks,2019,Maine,101
28 - 31 weeks,2019,Maryland,704
28 - 31 weeks,2019,Massachusetts,557
28 - 31 weeks,2019,Michigan,990
28 - 31 weeks,2019,Minnesota,540
28 - 31 weeks,2019,Mississippi,529
28 - 31 weeks,2019,Missouri,700
28 - 31 weeks,2019,Montana,75
28 - 31 weeks,2019,Nebraska,242
28 - 31 weeks,2019,Nevada,324
28 - 31 weeks,2019,New Hampshire,70
28 - 31 weeks,2019,New Jersey,886
28 - 31 weeks,2019,New Mexico,210
28 - 31 weeks,2019,New York,1908
28 - 31 weeks,2019,North Carolina,1229
28 - 31 weeks,2019,North Dakota,86
28 - 31 weeks,2019,Ohio,1404
28 - 31 weeks,2019,Oklahoma,457
28 - 31 weeks,2019,Oregon,307
28 - 31 weeks,2019,Pennsylvania,1233
28 - 31 weeks,2019,Rhode Island,74
28 - 31 weeks,2019,South Carolina,677
28 - 31 weeks,2019,South Dakota,90
28 - 31 weeks,2019,Tennessee,837
28 - 31 weeks,2019,Texas,3550
28 - 31 weeks,2019,Utah,322
28 - 31 weeks,2019,Vermont,42
28 - 31 weeks,2019,Virginia,815
28 - 31 weeks,2019,Washington,572
28 - 31 weeks,2019,West Virginia,212
28 - 31 weeks,2019,Wisconsin,575
28 - 31 weeks,2019,Wyoming,56
28 - 31 weeks,2020,Alabama,689
28 - 31 weeks,2020,Alaska,72
28 - 31 weeks,2020,Arizona,554
28 - 31 weeks,2020,Arkansas,352
28 - 31 weeks,2020,California,3573
28 - 31 weeks,2020,Colorado,484
28 - 31 weeks,2020,Connecticut,256
28 - 31 weeks,2020,Delaware,100
28 - 31 weeks,2020,District of Columbia,92
28 - 31 weeks,2020,Florida,1941
28 - 31 weeks,2020,Georgia,1307
28 - 31 weeks,2020,Hawaii,133
28 - 31 weeks,2020,Idaho,155
28 - 31 weeks,2020,Illinois,1167
28 - 31 weeks,2020,Indiana,755
28 - 31 weeks,2020,Iowa,301
28 - 31 weeks,2020,Kansas,258
28 - 31 weeks,2020,Kentucky,483
28 - 31 weeks,2020,Louisiana,629
28 - 31 weeks,2020,Maine,76
28 - 31 weeks,2020,Maryland,611
28 - 31 weeks,2020,Massachusetts,493
28 - 31 weeks,2020,Michigan,969
28 - 31 weeks,2020,Minnesota,496
28 - 31 weeks,2020,Mississippi,503
28 - 31 weeks,2020,Missouri,598
28 - 31 weeks,2020,Montana,87
28 - 31 weeks,2020,Nebraska,221
28 - 31 weeks,2020,Nevada,308
28 - 31 weeks,2020,New Hampshire,85
28 - 31 weeks,2020,New Jersey,816
28 - 31 weeks,2020,New Mexico,196
28 - 31 weeks,2020,New York,1850
28 - 31 weeks,2020,North Carolina,1204
28 - 31 weeks,2020,North Dakota,63
28 - 31 weeks,2020,Ohio,1187
28 - 31 weeks,2020,Oklahoma,443
28 - 31 weeks,2020,Oregon,287
28 - 31 weeks,2020,Pennsylvania,1056
28 - 31 weeks,2020,Rhode Island,90
28 - 31 weeks,2020,South Carolina,585
28 - 31 weeks,2020,South Dakota,81
28 - 31 weeks,2020,Tennessee,827
28 - 31 weeks,2020,Texas,3490
28 - 31 weeks,2020,Utah,352
28 - 31 weeks,2020,Vermont,35
28 - 31 weeks,2020,Virginia,820
28 - 31 weeks,2020,Washington,627
28 - 31 weeks,2020,West Virginia,155
28 - 31 weeks,2020,Wisconsin,483
28 - 31 weeks,2020,Wyoming,68
28 - 31 weeks,2021,Alabama,678
28 - 31 weeks,2021,Alaska,87
28 - 31 weeks,2021,Arizona,650
28 - 31 weeks,2021,Arkansas,422
28 - 31 weeks,2021,California,3909
28 - 31 weeks,2021,Colorado,512
28 - 31 weeks,2021,Connecticut,319
28 - 31 weeks,2021,Delaware,112
28 - 31 weeks,2021,District of Columbia,83
28 - 31 weeks,2021,Florida,2124
28 - 31 weeks,2021,Georgia,1410
28 - 31 weeks,2021,Hawaii,143
28 - 31 weeks,2021,Idaho,166
28 - 31 weeks,2021,Illinois,1238
28 - 31 weeks,2021,Indiana,702
28 - 31 weeks,2021,Iowa,278
28 - 31 weeks,2021,Kansas,278
28 - 31 weeks,2021,Kentucky,583
28 - 31 weeks,2021,Louisiana,714
28 - 31 weeks,2021,Maine,114
28 - 31 weeks,2021,Maryland,682
28 - 31 weeks,2021,Massachusetts,505
28 - 31 weeks,2021,Michigan,993
28 - 31 weeks,2021,Minnesota,558
28 - 31 weeks,2021,Mississippi,476
28 - 31 weeks,2021,Missouri,625
28 - 31 weeks,2021,Montana,94
28 - 31 weeks,2021,Nebraska,248
28 - 31 weeks,2021,Nevada,321
28 - 31 weeks,2021,New Hampshire,88
28 - 31 weeks,2021,New Jersey,839
28 - 31 weeks,2021,New Mexico,178
28 - 31 weeks,2021,New York,1852
28 - 31 weeks,2021,North Carolina,1289
28 - 31 weeks,2021,North Dakota,82
28 - 31 weeks,2021,Ohio,1327
28 - 31 weeks,2021,Oklahoma,513
28 - 31 weeks,2021,Oregon,305
28 - 31 weeks,2021,Pennsylvania,1151
28 - 31 weeks,2021,Rhode Island,85
28 - 31 weeks,2021,South Carolina,652
28 - 31 weeks,2021,South Dakota,79
28 - 31 weeks,2021,Tennessee,825
28 - 31 weeks,2021,Texas,3733
28 - 31 weeks,2021,Utah,387
28 - 31 weeks,2021,Vermont,27
28 - 31 weeks,2021,Virginia,829
28 - 31 weeks,2021,Washington,676
28 - 31 weeks,2021,West Virginia,195
28 - 31 weeks,2021,Wisconsin,554
28 - 31 weeks,2021,Wyoming,41
32 - 35 weeks,2016,Alabama,3165
32 - 35 weeks,2016,Alaska,449
32 - 35 weeks,2016,Arizona,3331
32 - 35 weeks,2016,Arkansas,1763
32 - 35 weeks,2016,California,19064
32 - 35 weeks,2016,Colorado,2708
32 - 35 weeks,2016,Connecticut,1487
32 - 35 weeks,2016,Delaware,482
32 - 35 weeks,2016,District of Columbia,491
32 - 35 weeks,2016,Florida,10216
32 - 35 weeks,2016,Georgia,6214
32 - 35 weeks,2016,Hawaii,848
32 - 35 weeks,2016,Idaho,847
32 - 35 weeks,2016,Illinois,7105
32 - 35 weeks,2016,Indiana,3592
32 - 35 weeks,2016,Iowa,1609
32 - 35 weeks,2016,Kansas,1604
32 - 35 weeks,2016,Kentucky,2741
32 - 35 weeks,2016,Louisiana,3479
32 - 35 weeks,2016,Maine,509
32 - 35 weeks,2016,Maryland,3167
32 - 35 weeks,2016,Massachusetts,2753
32 - 35 weeks,2016,Michigan,5124
32 - 35 weeks,2016,Minnesota,2750
32 - 35 weeks,2016,Mississippi,2262
32 - 35 weeks,2016,Missouri,3412
32 - 35 weeks,2016,Montana,486
32 - 35 weeks,2016,Nebraska,1095
32 - 35 weeks,2016,Nevada,1637
32 - 35 weeks,2016,New Hampshire,437
32 - 35 weeks,2016,New Jersey,4526
32 - 35 weeks,2016,New Mexico,1046
32 - 35 weeks,2016,New York,9522
32 - 35 weeks,2016,North Carolina,5749
32 - 35 weeks,2016,North Dakota,436
32 - 35 weeks,2016,Ohio,6338
32 - 35 weeks,2016,Oklahoma,2472
32 - 35 weeks,2016,Oregon,1628
32 - 35 weeks,2016,Pennsylvania,5761
32 - 35 weeks,2016,Rhode Island,420
32 - 35 weeks,2016,South Carolina,2891
32 - 35 weeks,2016,South Dakota,495
32 - 35 weeks,2016,Tennessee,4085
32 - 35 weeks,2016,Texas,18428
32 - 35 weeks,2016,Utah,2111
32 - 35 weeks,2016,Vermont,206
32 - 35 weeks,2016,Virginia,4382
32 - 35 weeks,2016,Washington,3360
32 - 35 weeks,2016,West Virginia,1097
32 - 35 weeks,2016,Wisconsin,2893
32 - 35 weeks,2016,Wyoming,316
32 - 35 weeks,2017,Alabama,3239
32 - 35 weeks,2017,Alaska,434
32 - 35 weeks,2017,Arizona,3342
32 - 35 weeks,2017,Arkansas,1886
32 - 35 weeks,2017,California,18172
32 - 35 weeks,2017,Colorado,2634
32 - 35 weeks,2017,Connecticut,1496
32 - 35 weeks,2017,Delaware,487
32 - 35 weeks,2017,District of Columbia,457
32 - 35 weeks,2017,Florida,10127
32 - 35 weeks,2017,Georgia,6387
32 - 35 weeks,2017,Hawaii,838
32 - 35 weeks,2017,Idaho,847
32 - 35 weeks,2017,Illinois,6995
32 - 35 weeks,2017,Indiana,3555
32 - 35 weeks,2017,Iowa,1575
32 - 35 weeks,2017,Kansas,1499
32 - 35 weeks,2017,Kentucky,2651
32 - 35 weeks,2017,Louisiana,3422
32 - 35 weeks,2017,Maine,464
32 - 35 weeks,2017,Maryland,3213
32 - 35 weeks,2017,Massachusetts,2763
32 - 35 weeks,2017,Michigan,5110
32 - 35 weeks,2017,Minnesota,2681
32 - 35 weeks,2017,Mississippi,2197
32 - 35 weeks,2017,Missouri,3424
32 - 35 weeks,2017,Montana,511
32 - 35 weeks,2017,Nebraska,1176
32 - 35 weeks,2017,Nevada,1766
32 - 35 weeks,2017,New Hampshire,446
32 - 35 weeks,2017,New Jersey,4356
32 - 35 weeks,2017,New Mexico,1089
32 - 35 weeks,2017,New York,9467
32 - 35 weeks,2017,North Carolina,5607
32 - 35 weeks,2017,North Dakota,409
32 - 35 weeks,2017,Ohio,6217
32 - 35 weeks,2017,Oklahoma,2417
32 - 35 weeks,2017,Oregon,1630
32 - 35 weeks,2017,Pennsylvania,5759
32 - 35 weeks,2017,Rhode Island,404
32 - 35 weeks,2017,South Carolina,2917
32 - 35 weeks,2017,South Dakota,489
32 - 35 weeks,2017,Tennessee,3994
32 - 35 weeks,2017,Texas,17776
32 - 35 weeks,2017,Utah,1999
32 - 35 weeks,2017,Vermont,203
32 - 35 weeks,2017,Virginia,4256
32 - 35 weeks,2017,Washington,3338
32 - 35 weeks,2017,West Virginia,965
32 - 35 weeks,2017,Wisconsin,2861
32 - 35 weeks,2017,Wyoming,271
32 - 35 weeks,2018,Alabama,3249
32 - 35 weeks,2018,Alaska,416
32 - 35 weeks,2018,Arizona,3394
32 - 35 weeks,2018,Arkansas,1929
32 - 35 weeks,2018,California,18019
32 - 35 weeks,2018,Colorado,2736
32 - 35 weeks,2018,Connecticut,1435
32 - 35 weeks,2018,Delaware,460
32 - 35 weeks,2018,District of Columbia,450
32 - 35 weeks,2018,Florida,10109
32 - 35 weeks,2018,Georgia,6434
32 - 35 weeks,2018,Hawaii,795
32 - 35 weeks,2018,Idaho,883
32 - 35 weeks,2018,Illinois,7001
32 - 35 weeks,2018,Indiana,3701
32 - 35 weeks,2018,Iowa,1648
32 - 35 weeks,2018,Kansas,1517
32 - 35 weeks,2018,Kentucky,2771
32 - 35 weeks,2018,Louisiana,3424
32 - 35 weeks,2018,Maine,507
32 - 35 weeks,2018,Maryland,3194
32 - 35 weeks,2018,Massachusetts,2837
32 - 35 weeks,2018,Michigan,5069
32 - 35 weeks,2018,Minnesota,2652
32 - 35 weeks,2018,Mississippi,2394
32 - 35 weeks,2018,Missouri,3546
32 - 35 weeks,2018,Montana,498
32 - 35 weeks,2018,Nebraska,1169
32 - 35 weeks,2018,Nevada,1645
32 - 35 weeks,2018,New Hampshire,446
32 - 35 weeks,2018,New Jersey,4375
32 - 35 weeks,2018,New Mexico,998
32 - 35 weeks,2018,New York,9185
32 - 35 weeks,2018,North Carolina,5660
32 - 35 weeks,2018,North Dakota,448
32 - 35 weeks,2018,Ohio,6117
32 - 35 weeks,2018,Oklahoma,2537
32 - 35 weeks,2018,Oregon,1542
32 - 35 weeks,2018,Pennsylvania,5678
32 - 35 weeks,2018,Rhode Island,438
32 - 35 weeks,2018,South Carolina,2876
32 - 35 weeks,2018,South Dakota,462
32 - 35 weeks,2018,Tennessee,3941
32 - 35 weeks,2018,Texas,18137
32 - 35 weeks,2018,Utah,1948
32 - 35 weeks,2018,Vermont,218
32 - 35 weeks,2018,Virginia,4044
32 - 35 weeks,2018,Washington,3183
32 - 35 weeks,2018,West Virginia,977
32 - 35 weeks,2018,Wisconsin,2909
32 - 35 weeks,2018,Wyoming,284
32 - 35 weeks,2019,Alabama,3260
32 - 35 weeks,2019,Alaska,453
32 - 35 weeks,2019,Arizona,3279
32 - 35 weeks,2019,Arkansas,1885
32 - 35 weeks,2019,California,17426
32 - 35 weeks,2019,Colorado,2732
32 - 35 weeks,2019,Connecticut,1486
32 - 35 weeks,2019,Delaware,513
32 - 35 weeks,2019,District of Columbia,449
32 - 35 weeks,2019,Florida,10347
32 - 35 weeks,2019,Georgia,6427
32 - 35 weeks,2019,Hawaii,768
32 - 35 weeks,2019,Idaho,881
32 - 35 weeks,2019,Illinois,6629
32 - 35 weeks,2019,Indiana,3783
32 - 35 weeks,2019,Iowa,1514
32 - 35 weeks,2019,Kansas,1558
32 - 35 weeks,2019,Kentucky,2601
32 - 35 weeks,2019,Louisiana,3372
32 - 35 weeks,2019,Maine,460
32 - 35 weeks,2019,Maryland,3193
32 - 35 weeks,2019,Massachusetts,2770
32 - 35 weeks,2019,Michigan,5064
32 - 35 weeks,2019,Minnesota,2743
32 - 35 weeks,2019,Mississippi,2334
32 - 35 weeks,2019,Missouri,3484
32 - 35 weeks,2019,Montana,500
32 - 35 weeks,2019,Nebraska,1118
32 - 35 weeks,2019,Nevada,1688
32 - 35 weeks,2019,New Hampshire,418
32 - 35 weeks,2019,New Jersey,4231
32 - 35 weeks,2019,New Mexico,1103
32 - 35 weeks,2019,New York,9226
32 - 35 weeks,2019,North Carolina,5596
32 - 35 weeks,2019,North Dakota,453
32 - 35 weeks,2019,Ohio,6383
32 - 35 weeks,2019,Oklahoma,2474
32 - 35 weeks,2019,Oregon,1570
32 - 35 weeks,2019,Pennsylvania,5961
32 - 35 weeks,2019,Rhode Island,398
32 - 35 weeks,2019,South Carolina,2969
32 - 35 weeks,2019,South Dakota,470
32 - 35 weeks,2019,Tennessee,3956
32 - 35 weeks,2019,Texas,18384
32 - 35 weeks,2019,Utah,2084
32 - 35 weeks,2019,Vermont,208
32 - 35 weeks,2019,Virginia,4356
32 - 35 weeks,2019,Washington,3181
32 - 35 weeks,2019,West Virginia,994
32 - 35 weeks,2019,Wisconsin,2820
32 - 35 weeks,2019,Wyoming,297
32 - 35 weeks,2020,Alabama,3328
32 - 35 weeks,2020,Alaska,397
32 - 35 weeks,2020,Arizona,3234
32 - 35 weeks,2020,Arkansas,1922
32 - 35 weeks,2020,California,15933
32 - 35 weeks,2020,Colorado,2624
32 - 35 weeks,2020,Connecticut,1440
32 - 35 weeks,2020,Delaware,487
32 - 35 weeks,2020,District of Columbia,405
32 - 35 weeks,2020,Florida,9603
32 - 35 weeks,2020,Georgia,6172
32 - 35 weeks,2020,Hawaii,709
32 - 35 weeks,2020,Idaho,841
32 - 35 weeks,2020,Illinois,6040
32 - 35 weeks,2020,Indiana,3624
32 - 35 weeks,2020,Iowa,1531
32 - 35 weeks,2020,Kansas,1502
32 - 35 weeks,2020,Kentucky,2505
32 - 35 weeks,2020,Louisiana,3297
32 - 35 weeks,2020,Maine,444
32 - 35 weeks,2020,Maryland,3027
32 - 35 weeks,2020,Massachusetts,2666
32 - 35 weeks,2020,Michigan,4805
32 - 35 weeks,2020,Minnesota,2531
32 - 35 weeks,2020,Mississippi,2165
32 - 35 weeks,2020,Missouri,3381
32 - 35 weeks,2020,Montana,509
32 - 35 weeks,2020,Nebraska,1039
32 - 35 weeks,2020,Nevada,1643
32 - 35 weeks,2020,New Hampshire,472
32 - 35 weeks,2020,New Jersey,4126
32 - 35 weeks,2020,New Mexico,909
32 - 35 weeks,2020,New York,8727
32 - 35 weeks,2020,North Carolina,5767
32 - 35 weeks,2020,North Dakota,450
32 - 35 weeks,2020,Ohio,5992
32 - 35 weeks,2020,Oklahoma,2338
32 - 35 weeks,2020,Oregon,1428
32 - 35 weeks,2020,Pennsylvania,5546
32 - 35 weeks,2020,Rhode Island,400
32 - 35 weeks,2020,South Carolina,2936
32 - 35 weeks,2020,South Dakota,436
32 - 35 weeks,2020,Tennessee,3852
32 - 35 weeks,2020,Texas,17440
32 - 35 weeks,2020,Utah,1853
32 - 35 weeks,2020,Vermont,190
32 - 35 weeks,2020,Virginia,4075
32 - 35 weeks,2020,Washington,3182
32 - 35 weeks,2020,West Virginia,927
32 - 35 weeks,2020,Wisconsin,2745
32 - 35 weeks,2020,Wyoming,245
32 - 35 weeks,2021,Alabama,3375
32 - 35 weeks,2021,Alaska,408
32 - 35 weeks,2021,Arizona,3475
32 - 35 weeks,2021,Arkansas,1910
32 - 35 weeks,2021,California,16720
32 - 35 weeks,2021,Colorado,2870
32 - 35 weeks,2021,Connecticut,1565
32 - 35 weeks,2021,Delaware,563
32 - 35 weeks,2021,District of Columbia,402
32 - 35 weeks,2021,Florida,10517
32 - 35 weeks,2021,Georgia,6503
32 - 35 weeks,2021,Hawaii,719
32 - 35 weeks,2021,Idaho,958
32 - 35 weeks,2021,Illinois,6406
32 - 35 weeks,2021,Indiana,4005
32 - 35 weeks,2021,Iowa,1602
32 - 35 weeks,2021,Kansas,1569
32 - 35 weeks,2021,Kentucky,2798
32 - 35 weeks,2021,Louisiana,3385
32 - 35 weeks,2021,Maine,503
32 - 35 weeks,2021,Maryland,3281
32 - 35 weeks,2021,Massachusetts,2879
32 - 35 weeks,2021,Michigan,5126
32 - 35 weeks,2021,Minnesota,2742
32 - 35 weeks,2021,Mississippi,2385
32 - 35 weeks,2021,Missouri,3527
32 - 35 weeks,2021,Montana,487
32 - 35 weeks,2021,Nebraska,1096
32 - 35 weeks,2021,Nevada,1707
32 - 35 weeks,2021,New Hampshire,503
32 - 35 weeks,2021,New Jersey,4241
32 - 35 weeks,2021,New Mexico,1015
32 - 35 weeks,2021,New York,9270
32 - 35 weeks,2021,North Carolina,5809
32 - 35 weeks,2021,North Dakota,473
32 - 35 weeks,2021,Ohio,6191
32 - 35 weeks,2021,Oklahoma,2550
32 - 35 weeks,2021,Oregon,1696
32 - 35 weeks,2021,Pennsylvania,5878
32 - 35 weeks,2021,Rhode Island,459
32 - 35 weeks,2021,South Carolina,3066
32 - 35 weeks,2021,South Dakota,516
32 - 35 weeks,2021,Tennessee,4131
32 - 35 weeks,2021,Texas,19049
32 - 35 weeks,2021,Utah,2076
32 - 35 weeks,2021,Vermont,204
32 - 35 weeks,2021,Virginia,4270
32 - 35 weeks,2021,Washington,3308
32 - 35 weeks,2021,West Virginia,1018
32 - 35 weeks,2021,Wisconsin,2822
32 - 35 weeks,2021,Wyoming,314
36 weeks,2016,Alabama,2642
36 weeks,2016,Alaska,423
36 weeks,2016,Arizona,3204
36 weeks,2016,Arkansas,1687
36 weeks,2016,California,16807
36 weeks,2016,Colorado,2360
36 weeks,2016,Connecticut,1347
36 weeks,2016,Delaware,407
36 weeks,2016,District of Columbia,373
36 weeks,2016,Florida,8719
36 weeks,2016,Georgia,5704
36 weeks,2016,Hawaii,760
36 weeks,2016,Idaho,864
36 weeks,2016,Illinois,6082
36 weeks,2016,Indiana,3290
36 weeks,2016,Iowa,1489
36 weeks,2016,Kansas,1348
36 weeks,2016,Kentucky,2567
36 weeks,2016,Louisiana,3133
36 weeks,2016,Maine,417
36 weeks,2016,Maryland,2895
36 weeks,2016,Massachusetts,2493
36 weeks,2016,Michigan,4427
36 weeks,2016,Minnesota,2431
36 weeks,2016,Mississippi,2023
36 weeks,2016,Missouri,2967
36 weeks,2016,Montana,430
36 weeks,2016,Nebraska,1078
36 weeks,2016,Nevada,1565
36 weeks,2016,New Hampshire,375
36 weeks,2016,New Jersey,4005
36 weeks,2016,New Mexico,991
36 weeks,2016,New York,8046
36 weeks,2016,North Carolina,4556
36 weeks,2016,North Dakota,423
36 weeks,2016,Ohio,5565
36 weeks,2016,Oklahoma,2329
36 weeks,2016,Oregon,1465
36 weeks,2016,Pennsylvania,4969
36 weeks,2016,Rhode Island,414
36 weeks,2016,South Carolina,2368
36 weeks,2016,South Dakota,458
36 weeks,2016,Tennessee,3510
36 weeks,2016,Texas,16367
36 weeks,2016,Utah,2056
36 weeks,2016,Vermont,177
36 weeks,2016,Virginia,3771
36 weeks,2016,Washington,2970
36 weeks,2016,West Virginia,854
36 weeks,2016,Wisconsin,2501
36 weeks,2016,Wyoming,270
36 weeks,2017,Alabama,2684
36 weeks,2017,Alaska,369
36 weeks,2017,Arizona,3146
36 weeks,2017,Arkansas,1709
36 weeks,2017,California,16736
36 weeks,2017,Colorado,2173
36 weeks,2017,Connecticut,1262
36 weeks,2017,Delaware,447
36 weeks,2017,District of Columbia,346
36 weeks,2017,Florida,8798
36 weeks,2017,Georgia,5736
36 weeks,2017,Hawaii,726
36 weeks,2017,Idaho,819
36 weeks,2017,Illinois,6080
36 weeks,2017,Indiana,3247
36 weeks,2017,Iowa,1462
36 weeks,2017,Kansas,1413
36 weeks,2017,Kentucky,2500
36 weeks,2017,Louisiana,3023
36 weeks,2017,Maine,438
36 weeks,2017,Maryland,2880
36 weeks,2017,Massachusetts,2623
36 weeks,2017,Michigan,4393
36 weeks,2017,Minnesota,2532
36 weeks,2017,Mississippi,1987
36 weeks,2017,Missouri,3065
36 weeks,2017,Montana,455
36 weeks,2017,Nebraska,1032
36 weeks,2017,Nevada,1461
36 weeks,2017,New Hampshire,416
36 weeks,2017,New Jersey,3756
36 weeks,2017,New Mexico,969
36 weeks,2017,New York,7725
36 weeks,2017,North Carolina,4646
36 weeks,2017,North Dakota,384
36 weeks,2017,Ohio,5502
36 weeks,2017,Oklahoma,2305
36 weeks,2017,Oregon,1499
36 weeks,2017,Pennsylvania,4911
36 weeks,2017,Rhode Island,303
36 weeks,2017,South Carolina,2386
36 weeks,2017,South Dakota,468
36 weeks,2017,Tennessee,3643
36 weeks,2017,Texas,16232
36 weeks,2017,Utah,1946
36 weeks,2017,Vermont,152
36 weeks,2017,Virginia,3666
36 weeks,2017,Washington,3014
36 weeks,2017,West Virginia,929
36 weeks,2017,Wisconsin,2461
36 weeks,2017,Wyoming,264
36 weeks,2018,Alabama,2761
36 weeks,2018,Alaska,386
36 weeks,2018,Arizona,3152
36 weeks,2018,Arkansas,1726
36 weeks,2018,California,16057
36 weeks,2018,Colorado,2172
36 weeks,2018,Connecticut,1299
36 weeks,2018,Delaware,381
36 weeks,2018,District of Columbia,299
36 weeks,2018,Florida,8788
36 weeks,2018,Georgia,5536
36 weeks,2018,Hawaii,679
36 weeks,2018,Idaho,785
36 weeks,2018,Illinois,6043
36 weeks,2018,Indiana,3343
36 weeks,2018,Iowa,1567
36 weeks,2018,Kansas,1412
36 weeks,2018,Kentucky,2460
36 weeks,2018,Louisiana,3026
36 weeks,2018,Maine,407
36 weeks,2018,Maryland,2729
36 weeks,2018,Massachusetts,2414
36 weeks,2018,Michigan,4284
36 weeks,2018,Minnesota,2462
36 weeks,2018,Mississippi,1987
36 weeks,2018,Missouri,3119
36 weeks,2018,Montana,426
36 weeks,2018,Nebraska,1125
36 weeks,2018,Nevada,1439
36 weeks,2018,New Hampshire,397
36 weeks,2018,New Jersey,3725
36 weeks,2018,New Mexico,929
36 weeks,2018,New York,7830
36 weeks,2018,North Carolina,4585
36 weeks,2018,North Dakota,442
36 weeks,2018,Ohio,5466
36 weeks,2018,Oklahoma,2310
36 weeks,2018,Oregon,1325
36 weeks,2018,Pennsylvania,5113
36 weeks,2018,Rhode Island,362
36 weeks,2018,South Carolina,2467
36 weeks,2018,South Dakota,519
36 weeks,2018,Tennessee,3529
36 weeks,2018,Texas,16480
36 weeks,2018,Utah,1897
36 weeks,2018,Vermont,178
36 weeks,2018,Virginia,3744
36 weeks,2018,Washington,2944
36 weeks,2018,West Virginia,870
36 weeks,2018,Wisconsin,2515
36 weeks,2018,Wyoming,270
36 weeks,2019,Alabama,2859
36 weeks,2019,Alaska,401
36 weeks,2019,Arizona,3091
36 weeks,2019,Arkansas,1784
36 weeks,2019,California,16388
36 weeks,2019,Colorado,2430
36 weeks,2019,Connecticut,1205
36 weeks,2019,Delaware,402
36 weeks,2019,District of Columbia,332
36 weeks,2019,Florida,9162
36 weeks,2019,Georgia,5841
36 weeks,2019,Hawaii,727
36 weeks,2019,Idaho,796
36 weeks,2019,Illinois,6088
36 weeks,2019,Indiana,3203
36 weeks,2019,Iowa,1504
36 weeks,2019,Kansas,1459
36 weeks,2019,Kentucky,2536
36 weeks,2019,Louisiana,3128
36 weeks,2019,Maine,438
36 weeks,2019,Maryland,2793
36 weeks,2019,Massachusetts,2505
36 weeks,2019,Michigan,4209
36 weeks,2019,Minnesota,2481
36 weeks,2019,Mississippi,2088
36 weeks,2019,Missouri,3159
36 weeks,2019,Montana,447
36 weeks,2019,Nebraska,1116
36 weeks,2019,Nevada,1521
36 weeks,2019,New Hampshire,440
36 weeks,2019,New Jersey,3798
36 weeks,2019,New Mexico,882
36 weeks,2019,New York,7874
36 weeks,2019,North Carolina,4835
36 weeks,2019,North Dakota,394
36 weeks,2019,Ohio,5324
36 weeks,2019,Oklahoma,2387
36 weeks,2019,Oregon,1413
36 weeks,2019,Pennsylvania,5193
36 weeks,2019,Rhode Island,426
36 weeks,2019,South Carolina,2426
36 weeks,2019,South Dakota,469
36 weeks,2019,Tennessee,3636
36 weeks,2019,Texas,17043
36 weeks,2019,Utah,1913
36 weeks,2019,Vermont,186
36 weeks,2019,Virginia,3746
36 weeks,2019,Washington,3052
36 weeks,2019,West Virginia,953
36 weeks,2019,Wisconsin,2563
36 weeks,2019,Wyoming,260
36 weeks,2020,Alabama,2928
36 weeks,2020,Alaska,405
36 weeks,2020,Arizona,3072
36 weeks,2020,Arkansas,1615
36 weeks,2020,California,15138
36 weeks,2020,Colorado,2171
36 weeks,2020,Connecticut,1163
36 weeks,2020,Delaware,411
36 weeks,2020,District of Columbia,307
36 weeks,2020,Florida,8812
36 weeks,2020,Georgia,5471
36 weeks,2020,Hawaii,660
36 weeks,2020,Idaho,722
36 weeks,2020,Illinois,5657
36 weeks,2020,Indiana,3287
36 weeks,2020,Iowa,1536
36 weeks,2020,Kansas,1442
36 weeks,2020,Kentucky,2411
36 weeks,2020,Louisiana,2922
36 weeks,2020,Maine,445
36 weeks,2020,Maryland,2764
36 weeks,2020,Massachusetts,2350
36 weeks,2020,Michigan,4130
36 weeks,2020,Minnesota,2415
36 weeks,2020,Mississippi,2026
36 weeks,2020,Missouri,3157
36 weeks,2020,Montana,414
36 weeks,2020,Nebraska,1159
36 weeks,2020,Nevada,1439
36 weeks,2020,New Hampshire,372
36 weeks,2020,New Jersey,3666
36 weeks,2020,New Mexico,860
36 weeks,2020,New York,7477
36 weeks,2020,North Carolina,4706
36 weeks,2020,North Dakota,412
36 weeks,2020,Ohio,5255
36 weeks,2020,Oklahoma,2260
36 weeks,2020,Oregon,1369
36 weeks,2020,Pennsylvania,5049
36 weeks,2020,Rhode Island,378
36 weeks,2020,South Carolina,2609
36 weeks,2020,South Dakota,458
36 weeks,2020,Tennessee,3390
36 weeks,2020,Texas,16193
36 weeks,2020,Utah,1810
36 weeks,2020,Vermont,151
36 weeks,2020,Virginia,3527
36 weeks,2020,Washington,2945
36 weeks,2020,West Virginia,888
36 weeks,2020,Wisconsin,2423
36 weeks,2020,Wyoming,271
36 weeks,2021,Alabama,3041
36 weeks,2021,Alaska,402
36 weeks,2021,Arizona,3200
36 weeks,2021,Arkansas,1714
36 weeks,2021,California,15598
36 weeks,2021,Colorado,2423
36 weeks,2021,Connecticut,1319
36 weeks,2021,Delaware,415
36 weeks,2021,District of Columbia,319
36 weeks,2021,Florida,9212
36 weeks,2021,Georgia,5744
36 weeks,2021,Hawaii,643
36 weeks,2021,Idaho,786
36 weeks,2021,Illinois,5745
36 weeks,2021,Indiana,3468
36 weeks,2021,Iowa,1599
36 weeks,2021,Kansas,1365
36 weeks,2021,Kentucky,2512
36 weeks,2021,Louisiana,3133
36 weeks,2021,Maine,446
36 weeks,2021,Maryland,2857
36 weeks,2021,Massachusetts,2461
36 weeks,2021,Michigan,4233
36 weeks,2021,Minnesota,2540
36 weeks,2021,Mississippi,2038
36 weeks,2021,Missouri,3224
36 weeks,2021,Montana,460
36 weeks,2021,Nebraska,1167
36 weeks,2021,Nevada,1516
36 weeks,2021,New Hampshire,436
36 weeks,2021,New Jersey,3721
36 weeks,2021,New Mexico,836
36 weeks,2021,New York,8048
36 weeks,2021,North Carolina,5041
36 weeks,2021,North Dakota,363
36 weeks,2021,Ohio,5298
36 weeks,2021,Oklahoma,2369
36 weeks,2021,Oregon,1473
36 weeks,2021,Pennsylvania,5165
36 weeks,2021,Rhode Island,405
36 weeks,2021,South Carolina,2706
36 weeks,2021,South Dakota,552
36 weeks,2021,Tennessee,3722
36 weeks,2021,Texas,17142
36 weeks,2021,Utah,1932
36 weeks,2021,Vermont,178
36 weeks,2021,Virginia,3725
36 weeks,2021,Washington,3051
36 weeks,2021,West Virginia,888
36 weeks,2021,Wisconsin,2449
36 weeks,2021,Wyoming,299
37 - 39 weeks,2016,Alabama,41145
37 - 39 weeks,2016,Alaska,6421
37 - 39 weeks,2016,Arizona,54292
37 - 39 weeks,2016,Arkansas,25821
37 - 39 weeks,2016,California,297339
37 - 39 weeks,2016,Colorado,39096
37 - 39 weeks,2016,Connecticut,21282
37 - 39 weeks,2016,Delaware,6514
37 - 39 weeks,2016,District of Columbia,5274
37 - 39 weeks,2016,Florida,146847
37 - 39 weeks,2016,Georgia,85167
37 - 39 weeks,2016,Hawaii,11039
37 - 39 weeks,2016,Idaho,13989
37 - 39 weeks,2016,Illinois,98911
37 - 39 weeks,2016,Indiana,51504
37 - 39 weeks,2016,Iowa,24549
37 - 39 weeks,2016,Kansas,24221
37 - 39 weeks,2016,Kentucky,37169
37 - 39 weeks,2016,Louisiana,44201
37 - 39 weeks,2016,Maine,7174
37 - 39 weeks,2016,Maryland,44322
37 - 39 weeks,2016,Massachusetts,39933
37 - 39 weeks,2016,Michigan,67267
37 - 39 weeks,2016,Minnesota,40026
37 - 39 weeks,2016,Mississippi,27453
37 - 39 weeks,2016,Missouri,47514
37 - 39 weeks,2016,Montana,7457
37 - 39 weeks,2016,Nebraska,17056
37 - 39 weeks,2016,Nevada,23517
37 - 39 weeks,2016,New Hampshire,6563
37 - 39 weeks,2016,New Jersey,62927
37 - 39 weeks,2016,New Mexico,15381
37 - 39 weeks,2016,New York,135834
37 - 39 weeks,2016,North Carolina,71805
37 - 39 weeks,2016,North Dakota,6996
37 - 39 weeks,2016,Ohio,88256
37 - 39 weeks,2016,Oklahoma,36423
37 - 39 weeks,2016,Oregon,25736
37 - 39 weeks,2016,Pennsylvania,82654
37 - 39 weeks,2016,Rhode Island,6529
37 - 39 weeks,2016,South Carolina,37419
37 - 39 weeks,2016,South Dakota,7372
37 - 39 weeks,2016,Tennessee,53366
37 - 39 weeks,2016,Texas,270354
37 - 39 weeks,2016,Utah,34486
37 - 39 weeks,2016,Vermont,2977
37 - 39 weeks,2016,Virginia,62610
37 - 39 weeks,2016,Washington,51316
37 - 39 weeks,2016,West Virginia,12936
37 - 39 weeks,2016,Wisconsin,40712
37 - 39 weeks,2016,Wyoming,4696
37 - 39 weeks,2017,Alabama,41033
37 - 39 weeks,2017,Alaska,6004
37 - 39 weeks,2017,Arizona,52693
37 - 39 weeks,2017,Arkansas,25585
37 - 39 weeks,2017,California,287098
37 - 39 weeks,2017,Colorado,38518
37 - 39 weeks,2017,Connecticut,20975
37 - 39 weeks,2017,Delaware,6579
37 - 39 weeks,2017,District of Columbia,5300
37 - 39 weeks,2017,Florida,145979
37 - 39 weeks,2017,Georgia,84819
37 - 39 weeks,2017,Hawaii,10841
37 - 39 weeks,2017,Idaho,13842
37 - 39 weeks,2017,Illinois,96191
37 - 39 weeks,2017,Indiana,51863
37 - 39 weeks,2017,Iowa,24615
37 - 39 weeks,2017,Kansas,23793
37 - 39 weeks,2017,Kentucky,37581
37 - 39 weeks,2017,Louisiana,43295
37 - 39 weeks,2017,Maine,7023
37 - 39 weeks,2017,Maryland,43661
37 - 39 weeks,2017,Massachusetts,40199
37 - 39 weeks,2017,Michigan,66799
37 - 39 weeks,2017,Minnesota,39642
37 - 39 weeks,2017,Mississippi,27055
37 - 39 weeks,2017,Missouri,46761
37 - 39 weeks,2017,Montana,7137
37 - 39 weeks,2017,Nebraska,16667
37 - 39 weeks,2017,Nevada,22973
37 - 39 weeks,2017,New Hampshire,6605
37 - 39 weeks,2017,New Jersey,62386
37 - 39 weeks,2017,New Mexico,15055
37 - 39 weeks,2017,New York,133305
37 - 39 weeks,2017,North Carolina,72838
37 - 39 weeks,2017,North Dakota,6823
37 - 39 weeks,2017,Ohio,88166
37 - 39 weeks,2017,Oklahoma,35000
37 - 39 weeks,2017,Oregon,24787
37 - 39 weeks,2017,Pennsylvania,82271
37 - 39 weeks,2017,Rhode Island,6424
37 - 39 weeks,2017,South Carolina,37877
37 - 39 weeks,2017,South Dakota,7337
37 - 39 weeks,2017,Tennessee,54157
37 - 39 weeks,2017,Texas,261014
37 - 39 weeks,2017,Utah,33144
37 - 39 weeks,2017,Vermont,3026
37 - 39 weeks,2017,Virginia,62152
37 - 39 weeks,2017,Washington,50882
37 - 39 weeks,2017,West Virginia,12703
37 - 39 weeks,2017,Wisconsin,40066
37 - 39 weeks,2017,Wyoming,4400
37 - 39 weeks,2018,Alabama,40323
37 - 39 weeks,2018,Alaska,5934
37 - 39 weeks,2018,Arizona,52934
37 - 39 weeks,2018,Arkansas,25498
37 - 39 weeks,2018,California,278659
37 - 39 weeks,2018,Colorado,38256
37 - 39 weeks,2018,Connecticut,21068
37 - 39 weeks,2018,Delaware,6691
37 - 39 weeks,2018,District of Columbia,5265
37 - 39 weeks,2018,Florida,146251
37 - 39 weeks,2018,Georgia,83338
37 - 39 weeks,2018,Hawaii,10628
37 - 39 weeks,2018,Idaho,13698
37 - 39 weeks,2018,Illinois,95103
37 - 39 weeks,2018,Indiana,52092
37 - 39 weeks,2018,Iowa,24505
37 - 39 weeks,2018,Kansas,24280
37 - 39 weeks,2018,Kentucky,37235
37 - 39 weeks,2018,Louisiana,42462
37 - 39 weeks,2018,Maine,7213
37 - 39 weeks,2018,Maryland,43627
37 - 39 weeks,2018,Massachusetts,39861
37 - 39 weeks,2018,Michigan,67027
37 - 39 weeks,2018,Minnesota,39629
37 - 39 weeks,2018,Mississippi,26747
37 - 39 weeks,2018,Missouri,48395
37 - 39 weeks,2018,Montana,7293
37 - 39 weeks,2018,Nebraska,16732
37 - 39 weeks,2018,Nevada,23083
37 - 39 weeks,2018,New Hampshire,6678
37 - 39 weeks,2018,New Jersey,62557
37 - 39 weeks,2018,New Mexico,14977
37 - 39 weeks,2018,New York,132054
37 - 39 weeks,2018,North Carolina,73229
37 - 39 weeks,2018,North Dakota,6977
37 - 39 weeks,2018,Ohio,88193
37 - 39 weeks,2018,Oklahoma,35379
37 - 39 weeks,2018,Oregon,24436
37 - 39 weeks,2018,Pennsylvania,82059
37 - 39 weeks,2018,Rhode Island,6408
37 - 39 weeks,2018,South Carolina,38319
37 - 39 weeks,2018,South Dakota,7443
37 - 39 weeks,2018,Tennessee,54418
37 - 39 weeks,2018,Texas,262598
37 - 39 weeks,2018,Utah,32686
37 - 39 weeks,2018,Vermont,2967
37 - 39 weeks,2018,Virginia,62640
37 - 39 weeks,2018,Washington,50702
37 - 39 weeks,2018,West Virginia,12651
37 - 39 weeks,2018,Wisconsin,40206
37 - 39 weeks,2018,Wyoming,4223
37 - 39 weeks,2019,Alabama,42015
37 - 39 weeks,2019,Alaska,5844
37 - 39 weeks,2019,Arizona,52862
37 - 39 weeks,2019,Arkansas,25723
37 - 39 weeks,2019,California,277906
37 - 39 weeks,2019,Colorado,39468
37 - 39 weeks,2019,Connecticut,21421
37 - 39 weeks,2019,Delaware,6573
37 - 39 weeks,2019,District of Columbia,5356
37 - 39 weeks,2019,Florida,146842
37 - 39 weeks,2019,Georgia,84934
37 - 39 weeks,2019,Hawaii,10725
37 - 39 weeks,2019,Idaho,14415
37 - 39 weeks,2019,Illinois,95281
37 - 39 weeks,2019,Indiana,53888
37 - 39 weeks,2019,Iowa,25353
37 - 39 weeks,2019,Kansas,24224
37 - 39 weeks,2019,Kentucky,38033
37 - 39 weeks,2019,Louisiana,42594
37 - 39 weeks,2019,Maine,7236
37 - 39 weeks,2019,Maryland,44232
37 - 39 weeks,2019,Massachusetts,41408
37 - 39 weeks,2019,Michigan,67445
37 - 39 weeks,2019,Minnesota,39836
37 - 39 weeks,2019,Mississippi,26987
37 - 39 weeks,2019,Missouri,48994
37 - 39 weeks,2019,Montana,7274
37 - 39 weeks,2019,Nebraska,16683
37 - 39 weeks,2019,Nevada,23360
37 - 39 weeks,2019,New Hampshire,6798
37 - 39 weeks,2019,New Jersey,62478
37 - 39 weeks,2019,New Mexico,15322
37 - 39 weeks,2019,New York,133051
37 - 39 weeks,2019,North Carolina,75511
37 - 39 weeks,2019,North Dakota,7025
37 - 39 weeks,2019,Ohio,90037
37 - 39 weeks,2019,Oklahoma,35523
37 - 39 weeks,2019,Oregon,24823
37 - 39 weeks,2019,Pennsylvania,83566
37 - 39 weeks,2019,Rhode Island,6401
37 - 39 weeks,2019,South Carolina,39799
37 - 39 weeks,2019,South Dakota,7405
37 - 39 weeks,2019,Tennessee,55056
37 - 39 weeks,2019,Texas,267212
37 - 39 weeks,2019,Utah,33729
37 - 39 weeks,2019,Vermont,2990
37 - 39 weeks,2019,Virginia,62557
37 - 39 weeks,2019,Washington,51301
37 - 39 weeks,2019,West Virginia,12851
37 - 39 weeks,2019,Wisconsin,40704
37 - 39 weeks,2019,Wyoming,4342
37 - 39 weeks,2020,Alabama,41815
37 - 39 weeks,2020,Alaska,5827
37 - 39 weeks,2020,Arizona,50904
37 - 39 weeks,2020,Arkansas,25282
37 - 39 weeks,2020,California,266177
37 - 39 weeks,2020,Colorado,39338
37 - 39 weeks,2020,Connecticut,21191
37 - 39 weeks,2020,Delaware,7036
37 - 39 weeks,2020,District of Columbia,5304
37 - 39 weeks,2020,Florida,141144
37 - 39 weeks,2020,Georgia,82838
37 - 39 weeks,2020,Hawaii,10052
37 - 39 weeks,2020,Idaho,14306
37 - 39 weeks,2020,Illinois,92980
37 - 39 weeks,2020,Indiana,53096
37 - 39 weeks,2020,Iowa,24524
37 - 39 weeks,2020,Kansas,23923
37 - 39 weeks,2020,Kentucky,37228
37 - 39 weeks,2020,Louisiana,41964
37 - 39 weeks,2020,Maine,7235
37 - 39 weeks,2020,Maryland,43470
37 - 39 weeks,2020,Massachusetts,40098
37 - 39 weeks,2020,Michigan,66253
37 - 39 weeks,2020,Minnesota,39424
37 - 39 weeks,2020,Mississippi,26226
37 - 39 weeks,2020,Missouri,48598
37 - 39 weeks,2020,Montana,7226
37 - 39 weeks,2020,Nebraska,16815
37 - 39 weeks,2020,Nevada,23251
37 - 39 weeks,2020,New Hampshire,6800
37 - 39 weeks,2020,New Jersey,61770
37 - 39 weeks,2020,New Mexico,15001
37 - 39 weeks,2020,New York,128494
37 - 39 weeks,2020,North Carolina,75425
37 - 39 weeks,2020,North Dakota,6748
37 - 39 weeks,2020,Ohio,88122
37 - 39 weeks,2020,Oklahoma,34807
37 - 39 weeks,2020,Oregon,24262
37 - 39 weeks,2020,Pennsylvania,83547
37 - 39 weeks,2020,Rhode Island,6388
37 - 39 weeks,2020,South Carolina,39444
37 - 39 weeks,2020,South Dakota,7270
37 - 39 weeks,2020,Tennessee,54104
37 - 39 weeks,2020,Texas,262812
37 - 39 weeks,2020,Utah,33407
37 - 39 weeks,2020,Vermont,3060
37 - 39 weeks,2020,Virginia,61838
37 - 39 weeks,2020,Washington,50741
37 - 39 weeks,2020,West Virginia,12502
37 - 39 weeks,2020,Wisconsin,39784
37 - 39 weeks,2020,Wyoming,4094
37 - 39 weeks,2021,Alabama,42156
37 - 39 weeks,2021,Alaska,5713
37 - 39 weeks,2021,Arizona,51526
37 - 39 weeks,2021,Arkansas,25787
37 - 39 weeks,2021,California,268862
37 - 39 weeks,2021,Colorado,40699
37 - 39 weeks,2021,Connecticut,23109
37 - 39 weeks,2021,Delaware,7016
37 - 39 weeks,2021,District of Columbia,5424
37 - 39 weeks,2021,Florida,146033
37 - 39 weeks,2021,Georgia,84677
37 - 39 weeks,2021,Hawaii,10039
37 - 39 weeks,2021,Idaho,14860
37 - 39 weeks,2021,Illinois,93205
37 - 39 weeks,2021,Indiana,55606
37 - 39 weeks,2021,Iowa,25334
37 - 39 weeks,2021,Kansas,24362
37 - 39 weeks,2021,Kentucky,37480
37 - 39 weeks,2021,Louisiana,41874
37 - 39 weeks,2021,Maine,7721
37 - 39 weeks,2021,Maryland,43801
37 - 39 weeks,2021,Massachusetts,42629
37 - 39 weeks,2021,Michigan,68403
37 - 39 weeks,2021,Minnesota,41362
37 - 39 weeks,2021,Mississippi,25746
37 - 39 weeks,2021,Missouri,49058
37 - 39 weeks,2021,Montana,7599
37 - 39 weeks,2021,Nebraska,17395
37 - 39 weeks,2021,Nevada,23324
37 - 39 weeks,2021,New Hampshire,7392
37 - 39 weeks,2021,New Jersey,65195
37 - 39 weeks,2021,New Mexico,14537
37 - 39 weeks,2021,New York,132177
37 - 39 weeks,2021,North Carolina,79334
37 - 39 weeks,2021,North Dakota,7053
37 - 39 weeks,2021,Ohio,89613
37 - 39 weeks,2021,Oklahoma,35309
37 - 39 weeks,2021,Oregon,25000
37 - 39 weeks,2021,Pennsylvania,85538
37 - 39 weeks,2021,Rhode Island,6612
37 - 39 weeks,2021,South Carolina,40418
37 - 39 weeks,2021,South Dakota,7680
37 - 39 weeks,2021,Tennessee,56351
37 - 39 weeks,2021,Texas,265413
37 - 39 weeks,2021,Utah,33977
37 - 39 weeks,2021,Vermont,3158
37 - 39 weeks,2021,Virginia,62693
37 - 39 weeks,2021,Washington,51926
37 - 39 weeks,2021,West Virginia,12415
37 - 39 weeks,2021,Wisconsin,41204
37 - 39 weeks,2021,Wyoming,4311
40 weeks,2016,Alabama,8992
40 weeks,2016,Alaska,2596
40 weeks,2016,Arizona,17118
40 weeks,2016,Arkansas,6806
40 weeks,2016,California,111602
40 weeks,2016,Colorado,15477
40 weeks,2016,Connecticut,7814
40 weeks,2016,Delaware,2431
40 weeks,2016,District of Columbia,2536
40 weeks,2016,Florida,43586
40 weeks,2016,Georgia,24135
40 weeks,2016,Hawaii,3710
40 weeks,2016,Idaho,4944
40 weeks,2016,Illinois,31036
40 weeks,2016,Indiana,17559
40 weeks,2016,Iowa,8603
40 weeks,2016,Kansas,8205
40 weeks,2016,Kentucky,9556
40 weeks,2016,Louisiana,9281
40 weeks,2016,Maine,2982
40 weeks,2016,Maryland,15889
40 weeks,2016,Massachusetts,17160
40 weeks,2016,Michigan,25028
40 weeks,2016,Minnesota,16175
40 weeks,2016,Mississippi,4581
40 weeks,2016,Missouri,15397
40 weeks,2016,Montana,2734
40 weeks,2016,Nebraska,5570
40 weeks,2016,Nevada,7368
40 weeks,2016,New Hampshire,3026
40 weeks,2016,New Jersey,22414
40 weeks,2016,New Mexico,5258
40 weeks,2016,New York,56139
40 weeks,2016,North Carolina,26160
40 weeks,2016,North Dakota,2556
40 weeks,2016,Ohio,27246
40 weeks,2016,Oklahoma,8626
40 weeks,2016,Oregon,10987
40 weeks,2016,Pennsylvania,31310
40 weeks,2016,Rhode Island,2318
40 weeks,2016,South Carolina,10764
40 weeks,2016,South Dakota,2778
40 weeks,2016,Tennessee,14299
40 weeks,2016,Texas,69228
40 weeks,2016,Utah,8416
40 weeks,2016,Vermont,1473
40 weeks,2016,Virginia,22163
40 weeks,2016,Washington,21464
40 weeks,2016,West Virginia,2995
40 weeks,2016,Wisconsin,14779
40 weeks,2016,Wyoming,1505
40 weeks,2017,Alabama,8925
40 weeks,2017,Alaska,2375
40 weeks,2017,Arizona,16335
40 weeks,2017,Arkansas,6271
40 weeks,2017,California,106574
40 weeks,2017,Colorado,14584
40 weeks,2017,Connecticut,7727
40 weeks,2017,Delaware,2320
40 weeks,2017,District of Columbia,2310
40 weeks,2017,Florida,43019
40 weeks,2017,Georgia,23780
40 weeks,2017,Hawaii,3643
40 weeks,2017,Idaho,4823
40 weeks,2017,Illinois,29496
40 weeks,2017,Indiana,16929
40 weeks,2017,Iowa,8002
40 weeks,2017,Kansas,7516
40 weeks,2017,Kentucky,8891
40 weeks,2017,Louisiana,8514
40 weeks,2017,Maine,2814
40 weeks,2017,Maryland,14924
40 weeks,2017,Massachusetts,16554
40 weeks,2017,Michigan,24226
40 weeks,2017,Minnesota,15651
40 weeks,2017,Mississippi,4542
40 weeks,2017,Missouri,14653
40 weeks,2017,Montana,2655
40 weeks,2017,Nebraska,5214
40 weeks,2017,Nevada,7305
40 weeks,2017,New Hampshire,2828
40 weeks,2017,New Jersey,21987
40 weeks,2017,New Mexico,4908
40 weeks,2017,New York,54802
40 weeks,2017,North Carolina,25015
40 weeks,2017,North Dakota,2272
40 weeks,2017,Ohio,26735
40 weeks,2017,Oklahoma,7883
40 weeks,2017,Oregon,10256
40 weeks,2017,Pennsylvania,30319
40 weeks,2017,Rhode Island,2294
40 weeks,2017,South Carolina,10333
40 weeks,2017,South Dakota,2693
40 weeks,2017,Tennessee,14356
40 weeks,2017,Texas,64967
40 weeks,2017,Utah,8233
40 weeks,2017,Vermont,1426
40 weeks,2017,Virginia,21414
40 weeks,2017,Washington,19792
40 weeks,2017,West Virginia,2900
40 weeks,2017,Wisconsin,14178
40 weeks,2017,Wyoming,1482
40 weeks,2018,Alabama,8524
40 weeks,2018,Alaska,2213
40 weeks,2018,Arizona,15417
40 weeks,2018,Arkansas,5943
40 weeks,2018,California,101541
40 weeks,2018,Colorado,13711
40 weeks,2018,Connecticut,7447
40 weeks,2018,Delaware,2220
40 weeks,2018,District of Columbia,2168
40 weeks,2018,Florida,41014
40 weeks,2018,Georgia,22841
40 weeks,2018,Hawaii,3471
40 weeks,2018,Idaho,4397
40 weeks,2018,Illinois,27391
40 weeks,2018,Indiana,16520
40 weeks,2018,Iowa,7448
40 weeks,2018,Kansas,7078
40 weeks,2018,Kentucky,8607
40 weeks,2018,Louisiana,7979
40 weeks,2018,Maine,2749
40 weeks,2018,Maryland,14888
40 weeks,2018,Massachusetts,16009
40 weeks,2018,Michigan,23295
40 weeks,2018,Minnesota,15077
40 weeks,2018,Mississippi,4326
40 weeks,2018,Missouri,13688
40 weeks,2018,Montana,2402
40 weeks,2018,Nebraska,4970
40 weeks,2018,Nevada,7308
40 weeks,2018,New Hampshire,2721
40 weeks,2018,New Jersey,21847
40 weeks,2018,New Mexico,4512
40 weeks,2018,New York,54291
40 weeks,2018,North Carolina,24630
40 weeks,2018,North Dakota,2059
40 weeks,2018,Ohio,25893
40 weeks,2018,Oklahoma,7327
40 weeks,2018,Oregon,9819
40 weeks,2018,Pennsylvania,29252
40 weeks,2018,Rhode Island,2205
40 weeks,2018,South Carolina,9706
40 weeks,2018,South Dakota,2533
40 weeks,2018,Tennessee,13887
40 weeks,2018,Texas,60681
40 weeks,2018,Utah,7731
40 weeks,2018,Vermont,1279
40 weeks,2018,Virginia,20877
40 weeks,2018,Washington,19368
40 weeks,2018,West Virginia,2693
40 weeks,2018,Wisconsin,13519
40 weeks,2018,Wyoming,1322
40 weeks,2019,Alabama,7923
40 weeks,2019,Alaska,2155
40 weeks,2019,Arizona,14868
40 weeks,2019,Arkansas,5487
40 weeks,2019,California,97216
40 weeks,2019,Colorado,13082
40 weeks,2019,Connecticut,7150
40 weeks,2019,Delaware,2265
40 weeks,2019,District of Columbia,1998
40 weeks,2019,Florida,39571
40 weeks,2019,Georgia,21705
40 weeks,2019,Hawaii,3317
40 weeks,2019,Idaho,4434
40 weeks,2019,Illinois,24505
40 weeks,2019,Indiana,14983
40 weeks,2019,Iowa,6869
40 weeks,2019,Kansas,6403
40 weeks,2019,Kentucky,7524
40 weeks,2019,Louisiana,7389
40 weeks,2019,Maine,2386
40 weeks,2019,Maryland,14044
40 weeks,2019,Massachusetts,15181
40 weeks,2019,Michigan,22092
40 weeks,2019,Minnesota,14048
40 weeks,2019,Mississippi,3753
40 weeks,2019,Missouri,12430
40 weeks,2019,Montana,2144
40 weeks,2019,Nebraska,4628
40 weeks,2019,Nevada,6520
40 weeks,2019,New Hampshire,2655
40 weeks,2019,New Jersey,20755
40 weeks,2019,New Mexico,4247
40 weeks,2019,New York,50924
40 weeks,2019,North Carolina,23277
40 weeks,2019,North Dakota,1951
40 weeks,2019,Ohio,24414
40 weeks,2019,Oklahoma,6736
40 weeks,2019,Oregon,9485
40 weeks,2019,Pennsylvania,27467
40 weeks,2019,Rhode Island,1992
40 weeks,2019,South Carolina,8955
40 weeks,2019,South Dakota,2261
40 weeks,2019,Tennessee,13274
40 weeks,2019,Texas,56123
40 weeks,2019,Utah,6908
40 weeks,2019,Vermont,1285
40 weeks,2019,Virginia,19390
40 weeks,2019,Washington,18407
40 weeks,2019,West Virginia,2407
40 weeks,2019,Wisconsin,12754
40 weeks,2019,Wyoming,1262
40 weeks,2020,Alabama,7214
40 weeks,2020,Alaska,1946
40 weeks,2020,Arizona,14328
40 weeks,2020,Arkansas,4904
40 weeks,2020,California,89460
40 weeks,2020,Colorado,12413
40 weeks,2020,Connecticut,6854
40 weeks,2020,Delaware,1823
40 weeks,2020,District of Columbia,1974
40 weeks,2020,Florida,37016
40 weeks,2020,Georgia,21111
40 weeks,2020,Hawaii,3148
40 weeks,2020,Idaho,4139
40 weeks,2020,Illinois,21887
40 weeks,2020,Indiana,14041
40 weeks,2020,Iowa,6314
40 weeks,2020,Kansas,5888
40 weeks,2020,Kentucky,7336
40 weeks,2020,Louisiana,6977
40 weeks,2020,Maine,2265
40 weeks,2020,Maryland,13616
40 weeks,2020,Massachusetts,14492
40 weeks,2020,Michigan,20739
40 weeks,2020,Minnesota,12818
40 weeks,2020,Mississippi,3657
40 weeks,2020,Missouri,10789
40 weeks,2020,Montana,1966
40 weeks,2020,Nebraska,4120
40 weeks,2020,Nevada,5770
40 weeks,2020,New Hampshire,2607
40 weeks,2020,New Jersey,20525
40 weeks,2020,New Mexico,3840
40 weeks,2020,New York,46543
40 weeks,2020,North Carolina,22221
40 weeks,2020,North Dakota,1864
40 weeks,2020,Ohio,22330
40 weeks,2020,Oklahoma,6245
40 weeks,2020,Oregon,8573
40 weeks,2020,Pennsylvania,26117
40 weeks,2020,Rhode Island,1980
40 weeks,2020,South Carolina,8083
40 weeks,2020,South Dakota,2050
40 weeks,2020,Tennessee,13085
40 weeks,2020,Texas,53985
40 weeks,2020,Utah,6606
40 weeks,2020,Vermont,1124
40 weeks,2020,Virginia,18458
40 weeks,2020,Washington,17425
40 weeks,2020,West Virginia,2151
40 weeks,2020,Wisconsin,11751
40 weeks,2020,Wyoming,1143
40 weeks,2021,Alabama,7040
40 weeks,2021,Alaska,1898
40 weeks,2021,Arizona,14318
40 weeks,2021,Arkansas,4907
40 weeks,2021,California,86176
40 weeks,2021,Colorado,12276
40 weeks,2021,Connecticut,6890
40 weeks,2021,Delaware,1824
40 weeks,2021,District of Columbia,1753
40 weeks,2021,Florida,37103
40 weeks,2021,Georgia,20017
40 weeks,2021,Hawaii,3020
40 weeks,2021,Idaho,4266
40 weeks,2021,Illinois,20567
40 weeks,2021,Indiana,12929
40 weeks,2021,Iowa,6221
40 weeks,2021,Kansas,5883
40 weeks,2021,Kentucky,7123
40 weeks,2021,Louisiana,6730
40 weeks,2021,Maine,2205
40 weeks,2021,Maryland,13139
40 weeks,2021,Massachusetts,14494
40 weeks,2021,Michigan,19682
40 weeks,2021,Minnesota,12088
40 weeks,2021,Mississippi,3622
40 weeks,2021,Missouri,10372
40 weeks,2021,Montana,1988
40 weeks,2021,Nebraska,3825
40 weeks,2021,Nevada,5566
40 weeks,2021,New Hampshire,2701
40 weeks,2021,New Jersey,20860
40 weeks,2021,New Mexico,3740
40 weeks,2021,New York,43955
40 weeks,2021,North Carolina,22000
40 weeks,2021,North Dakota,1661
40 weeks,2021,Ohio,21379
40 weeks,2021,Oklahoma,6185
40 weeks,2021,Oregon,8608
40 weeks,2021,Pennsylvania,25945
40 weeks,2021,Rhode Island,1987
40 weeks,2021,South Carolina,8229
40 weeks,2021,South Dakota,1974
40 weeks,2021,Tennessee,13229
40 weeks,2021,Texas,53645
40 weeks,2021,Utah,6576
40 weeks,2021,Vermont,1178
40 weeks,2021,Virginia,18164
40 weeks,2021,Washington,17139
40 weeks,2021,West Virginia,2059
40 weeks,2021,Wisconsin,11462
40 weeks,2021,Wyoming,1017
41 weeks,2016,Alabama,1813
41 weeks,2016,Alaska,1117
41 weeks,2016,Arizona,5133
41 weeks,2016,Arkansas,1397
41 weeks,2016,California,35499
41 weeks,2016,Colorado,5800
41 weeks,2016,Connecticut,3248
41 weeks,2016,Delaware,912
41 weeks,2016,District of Columbia,947
41 weeks,2016,Florida,11186
41 weeks,2016,Georgia,5778
41 weeks,2016,Hawaii,1327
41 weeks,2016,Idaho,1476
41 weeks,2016,Illinois,8160
41 weeks,2016,Indiana,5196
41 weeks,2016,Iowa,2496
41 weeks,2016,Kansas,2017
41 weeks,2016,Kentucky,2254
41 weeks,2016,Louisiana,1620
41 weeks,2016,Maine,1321
41 weeks,2016,Maryland,5289
41 weeks,2016,Massachusetts,7597
41 weeks,2016,Michigan,9034
41 weeks,2016,Minnesota,6850
41 weeks,2016,Mississippi,641
41 weeks,2016,Missouri,3814
41 weeks,2016,Montana,953
41 weeks,2016,Nebraska,1329
41 weeks,2016,Nevada,1529
41 weeks,2016,New Hampshire,1616
41 weeks,2016,New Jersey,6853
41 weeks,2016,New Mexico,1472
41 weeks,2016,New York,20054
41 weeks,2016,North Carolina,9803
41 weeks,2016,North Dakota,756
41 weeks,2016,Ohio,7689
41 weeks,2016,Oklahoma,1764
41 weeks,2016,Oregon,4802
41 weeks,2016,Pennsylvania,11740
41 weeks,2016,Rhode Island,906
41 weeks,2016,South Carolina,2633
41 weeks,2016,South Dakota,932
41 weeks,2016,Tennessee,3390
41 weeks,2016,Texas,15394
41 weeks,2016,Utah,2583
41 weeks,2016,Vermont,771
41 weeks,2016,Virginia,7447
41 weeks,2016,Washington,9608
41 weeks,2016,West Virginia,844
41 weeks,2016,Wisconsin,4445
41 weeks,2016,Wyoming,432
41 weeks,2017,Alabama,1753
41 weeks,2017,Alaska,1035
41 weeks,2017,Arizona,4930
41 weeks,2017,Arkansas,1315
41 weeks,2017,California,35042
41 weeks,2017,Colorado,5312
41 weeks,2017,Connecticut,3083
41 weeks,2017,Delaware,825
41 weeks,2017,District of Columbia,880
41 weeks,2017,Florida,11206
41 weeks,2017,Georgia,5571
41 weeks,2017,Hawaii,1130
41 weeks,2017,Idaho,1486
41 weeks,2017,Illinois,7796
41 weeks,2017,Indiana,4788
41 weeks,2017,Iowa,2202
41 weeks,2017,Kansas,1606
41 weeks,2017,Kentucky,2028
41 weeks,2017,Louisiana,1417
41 weeks,2017,Maine,1264
41 weeks,2017,Maryland,5335
41 weeks,2017,Massachusetts,7338
41 weeks,2017,Michigan,8529
41 weeks,2017,Minnesota,6654
41 weeks,2017,Mississippi,646
41 weeks,2017,Missouri,3570
41 weeks,2017,Montana,814
41 weeks,2017,Nebraska,1300
41 weeks,2017,Nevada,1557
41 weeks,2017,New Hampshire,1567
41 weeks,2017,New Jersey,6993
41 weeks,2017,New Mexico,1300
41 weeks,2017,New York,19656
41 weeks,2017,North Carolina,9292
41 weeks,2017,North Dakota,668
41 weeks,2017,Ohio,7351
41 weeks,2017,Oklahoma,1610
41 weeks,2017,Oregon,4554
41 weeks,2017,Pennsylvania,11495
41 weeks,2017,Rhode Island,998
41 weeks,2017,South Carolina,2314
41 weeks,2017,South Dakota,903
41 weeks,2017,Tennessee,3170
41 weeks,2017,Texas,14226
41 weeks,2017,Utah,2512
41 weeks,2017,Vermont,711
41 weeks,2017,Virginia,6922
41 weeks,2017,Washington,8886
41 weeks,2017,West Virginia,790
41 weeks,2017,Wisconsin,4173
41 weeks,2017,Wyoming,368
41 weeks,2018,Alabama,1573
41 weeks,2018,Alaska,917
41 weeks,2018,Arizona,4413
41 weeks,2018,Arkansas,1163
41 weeks,2018,California,33103
41 weeks,2018,Colorado,4842
41 weeks,2018,Connecticut,2870
41 weeks,2018,Delaware,678
41 weeks,2018,District of Columbia,801
41 weeks,2018,Florida,11028
41 weeks,2018,Georgia,5196
41 weeks,2018,Hawaii,1072
41 weeks,2018,Idaho,1293
41 weeks,2018,Illinois,6561
41 weeks,2018,Indiana,4271
41 weeks,2018,Iowa,1993
41 weeks,2018,Kansas,1345
41 weeks,2018,Kentucky,1831
41 weeks,2018,Louisiana,1356
41 weeks,2018,Maine,1199
41 weeks,2018,Maryland,5128
41 weeks,2018,Massachusetts,6774
41 weeks,2018,Michigan,8227
41 weeks,2018,Minnesota,6141
41 weeks,2018,Mississippi,591
41 weeks,2018,Missouri,3031
41 weeks,2018,Montana,717
41 weeks,2018,Nebraska,1055
41 weeks,2018,Nevada,1567
41 weeks,2018,New Hampshire,1516
41 weeks,2018,New Jersey,6963
41 weeks,2018,New Mexico,1226
41 weeks,2018,New York,18336
41 weeks,2018,North Carolina,8415
41 weeks,2018,North Dakota,550
41 weeks,2018,Ohio,6780
41 weeks,2018,Oklahoma,1306
41 weeks,2018,Oregon,4256
41 weeks,2018,Pennsylvania,10770
41 weeks,2018,Rhode Island,923
41 weeks,2018,South Carolina,2096
41 weeks,2018,South Dakota,713
41 weeks,2018,Tennessee,3142
41 weeks,2018,Texas,13376
41 weeks,2018,Utah,2243
41 weeks,2018,Vermont,673
41 weeks,2018,Virginia,6619
41 weeks,2018,Washington,8270
41 weeks,2018,West Virginia,707
41 weeks,2018,Wisconsin,3726
41 weeks,2018,Wyoming,347
41 weeks,2019,Alabama,1256
41 weeks,2019,Alaska,798
41 weeks,2019,Arizona,3998
41 weeks,2019,Arkansas,923
41 weeks,2019,California,30007
41 weeks,2019,Colorado,4066
41 weeks,2019,Connecticut,2399
41 weeks,2019,Delaware,570
41 weeks,2019,District of Columbia,737
41 weeks,2019,Florida,9774
41 weeks,2019,Georgia,4702
41 weeks,2019,Hawaii,912
41 weeks,2019,Idaho,1218
41 weeks,2019,Illinois,5107
41 weeks,2019,Indiana,3451
41 weeks,2019,Iowa,1769
41 weeks,2019,Kansas,1106
41 weeks,2019,Kentucky,1392
41 weeks,2019,Louisiana,1152
41 weeks,2019,Maine,1016
41 weeks,2019,Maryland,4483
41 weeks,2019,Massachusetts,5961
41 weeks,2019,Michigan,6904
41 weeks,2019,Minnesota,5616
41 weeks,2019,Mississippi,502
41 weeks,2019,Missouri,2553
41 weeks,2019,Montana,545
41 weeks,2019,Nebraska,796
41 weeks,2019,Nevada,1358
41 weeks,2019,New Hampshire,1366
41 weeks,2019,New Jersey,6473
41 weeks,2019,New Mexico,1016
41 weeks,2019,New York,16149
41 weeks,2019,North Carolina,7049
41 weeks,2019,North Dakota,459
41 weeks,2019,Ohio,5478
41 weeks,2019,Oklahoma,1140
41 weeks,2019,Oregon,3763
41 weeks,2019,Pennsylvania,9278
41 weeks,2019,Rhode Island,791
41 weeks,2019,South Carolina,1655
41 weeks,2019,South Dakota,654
41 weeks,2019,Tennessee,2841
41 weeks,2019,Texas,11835
41 weeks,2019,Utah,1539
41 weeks,2019,Vermont,599
41 weeks,2019,Virginia,5575
41 weeks,2019,Washington,7455
41 weeks,2019,West Virginia,558
41 weeks,2019,Wisconsin,3212
41 weeks,2019,Wyoming,290
41 weeks,2020,Alabama,1079
41 weeks,2020,Alaska,706
41 weeks,2020,Arizona,4171
41 weeks,2020,Arkansas,835
41 weeks,2020,California,26640
41 weeks,2020,Colorado,3892
41 weeks,2020,Connecticut,2286
41 weeks,2020,Delaware,435
41 weeks,2020,District of Columbia,687
41 weeks,2020,Florida,9115
41 weeks,2020,Georgia,4284
41 weeks,2020,Hawaii,942
41 weeks,2020,Idaho,1190
41 weeks,2020,Illinois,4444
41 weeks,2020,Indiana,3035
41 weeks,2020,Iowa,1595
41 weeks,2020,Kansas,1044
41 weeks,2020,Kentucky,1257
41 weeks,2020,Louisiana,929
41 weeks,2020,Maine,929
41 weeks,2020,Maryland,4349
41 weeks,2020,Massachusetts,5614
41 weeks,2020,Michigan,6073
41 weeks,2020,Minnesota,5047
41 weeks,2020,Mississippi,503
41 weeks,2020,Missouri,2016
41 weeks,2020,Montana,508
41 weeks,2020,Nebraska,742
41 weeks,2020,Nevada,965
41 weeks,2020,New Hampshire,1309
41 weeks,2020,New Jersey,6292
41 weeks,2020,New Mexico,909
41 weeks,2020,New York,13970
41 weeks,2020,North Carolina,6213
41 weeks,2020,North Dakota,429
41 weeks,2020,Ohio,5038
41 weeks,2020,Oklahoma,1119
41 weeks,2020,Oregon,3474
41 weeks,2020,Pennsylvania,7976
41 weeks,2020,Rhode Island,791
41 weeks,2020,South Carolina,1502
41 weeks,2020,South Dakota,560
41 weeks,2020,Tennessee,2676
41 weeks,2020,Texas,10788
41 weeks,2020,Utah,1344
41 weeks,2020,Vermont,531
41 weeks,2020,Virginia,5103
41 weeks,2020,Washington,7196
41 weeks,2020,West Virginia,559
41 weeks,2020,Wisconsin,2825
41 weeks,2020,Wyoming,247
41 weeks,2021,Alabama,1165
41 weeks,2021,Alaska,750
41 weeks,2021,Arizona,4066
41 weeks,2021,Arkansas,864
41 weeks,2021,California,25968
41 weeks,2021,Colorado,3579
41 weeks,2021,Connecticut,2172
41 weeks,2021,Delaware,475
41 weeks,2021,District of Columbia,576
41 weeks,2021,Florida,8959
41 weeks,2021,Georgia,4383
41 weeks,2021,Hawaii,875
41 weeks,2021,Idaho,1194
41 weeks,2021,Illinois,4017
41 weeks,2021,Indiana,2525
41 weeks,2021,Iowa,1486
41 weeks,2021,Kansas,958
41 weeks,2021,Kentucky,1235
41 weeks,2021,Louisiana,998
41 weeks,2021,Maine,873
41 weeks,2021,Maryland,3856
41 weeks,2021,Massachusetts,5096
41 weeks,2021,Michigan,5355
41 weeks,2021,Minnesota,4381
41 weeks,2021,Mississippi,474
41 weeks,2021,Missouri,1904
41 weeks,2021,Montana,509
41 weeks,2021,Nebraska,693
41 weeks,2021,Nevada,946
41 weeks,2021,New Hampshire,1373
41 weeks,2021,New Jersey,5901
41 weeks,2021,New Mexico,910
41 weeks,2021,New York,13188
41 weeks,2021,North Carolina,5799
41 weeks,2021,North Dakota,400
41 weeks,2021,Ohio,4627
41 weeks,2021,Oklahoma,1021
41 weeks,2021,Oregon,3437
41 weeks,2021,Pennsylvania,7589
41 weeks,2021,Rhode Island,826
41 weeks,2021,South Carolina,1515
41 weeks,2021,South Dakota,480
41 weeks,2021,Tennessee,2672
41 weeks,2021,Texas,11103
41 weeks,2021,Utah,1435
41 weeks,2021,Vermont,575
41 weeks,2021,Virginia,5190
41 weeks,2021,Washington,6848
41 weeks,2021,West Virginia,492
41 weeks,2021,Wisconsin,2692
41 weeks,2021,Wyoming,216
42 weeks or more,2016,Alabama,87
42 weeks or more,2016,Alaska,71
42 weeks or more,2016,Arizona,231
42 weeks or more,2016,Arkansas,70
42 weeks or more,2016,California,1881
42 weeks or more,2016,Colorado,319
42 weeks or more,2016,Connecticut,100
42 weeks or more,2016,Delaware,20
42 weeks or more,2016,District of Columbia,36
42 weeks or more,2016,Florida,480
42 weeks or more,2016,Georgia,316
42 weeks or more,2016,Hawaii,73
42 weeks or more,2016,Idaho,60
42 weeks or more,2016,Illinois,298
42 weeks or more,2016,Indiana,525
42 weeks or more,2016,Iowa,93
42 weeks or more,2016,Kansas,142
42 weeks or more,2016,Kentucky,129
42 weeks or more,2016,Louisiana,69
42 weeks or more,2016,Maine,135
42 weeks or more,2016,Maryland,180
42 weeks or more,2016,Massachusetts,342
42 weeks or more,2016,Michigan,457
42 weeks or more,2016,Minnesota,544
42 weeks or more,2016,Mississippi,62
42 weeks or more,2016,Missouri,277
42 weeks or more,2016,Montana,53
42 weeks or more,2016,Nebraska,65
42 weeks or more,2016,Nevada,74
42 weeks or more,2016,New Hampshire,93
42 weeks or more,2016,New Jersey,287
42 weeks or more,2016,New Mexico,101
42 weeks or more,2016,New York,1008
42 weeks or more,2016,North Carolina,419
42 weeks or more,2016,North Dakota,31
42 weeks or more,2016,Ohio,388
42 weeks or more,2016,Oklahoma,145
42 weeks or more,2016,Oregon,375
42 weeks or more,2016,Pennsylvania,509
42 weeks or more,2016,Rhode Island,28
42 weeks or more,2016,South Carolina,116
42 weeks or more,2016,South Dakota,88
42 weeks or more,2016,Tennessee,200
42 weeks or more,2016,Texas,1308
42 weeks or more,2016,Utah,128
42 weeks or more,2016,Vermont,68
42 weeks or more,2016,Virginia,410
42 weeks or more,2016,Washington,678
42 weeks or more,2016,West Virginia,37
42 weeks or more,2016,Wisconsin,255
42 weeks or more,2016,Wyoming,52
42 weeks or more,2017,Alabama,108
42 weeks or more,2017,Alaska,89
42 weeks or more,2017,Arizona,213
42 weeks or more,2017,Arkansas,65
42 weeks or more,2017,California,1716
42 weeks or more,2017,Colorado,303
42 weeks or more,2017,Connecticut,72
42 weeks or more,2017,Delaware,14
42 weeks or more,2017,District of Columbia,52
42 weeks or more,2017,Florida,456
42 weeks or more,2017,Georgia,258
42 weeks or more,2017,Hawaii,65
42 weeks or more,2017,Idaho,79
42 weeks or more,2017,Illinois,278
42 weeks or more,2017,Indiana,483
42 weeks or more,2017,Iowa,78
42 weeks or more,2017,Kansas,94
42 weeks or more,2017,Kentucky,141
42 weeks or more,2017,Louisiana,49
42 weeks or more,2017,Maine,125
42 weeks or more,2017,Maryland,181
42 weeks or more,2017,Massachusetts,283
42 weeks or more,2017,Michigan,426
42 weeks or more,2017,Minnesota,491
42 weeks or more,2017,Mississippi,43
42 weeks or more,2017,Missouri,262
42 weeks or more,2017,Montana,70
42 weeks or more,2017,Nebraska,69
42 weeks or more,2017,Nevada,73
42 weeks or more,2017,New Hampshire,86
42 weeks or more,2017,New Jersey,251
42 weeks or more,2017,New Mexico,58
42 weeks or more,2017,New York,1012
42 weeks or more,2017,North Carolina,334
42 weeks or more,2017,North Dakota,21
42 weeks or more,2017,Ohio,324
42 weeks or more,2017,Oklahoma,102
42 weeks or more,2017,Oregon,381
42 weeks or more,2017,Pennsylvania,473
42 weeks or more,2017,Rhode Island,33
42 weeks or more,2017,South Carolina,83
42 weeks or more,2017,South Dakota,63
42 weeks or more,2017,Tennessee,202
42 weeks or more,2017,Texas,1193
42 weeks or more,2017,Utah,106
42 weeks or more,2017,Vermont,61
42 weeks or more,2017,Virginia,273
42 weeks or more,2017,Washington,560
42 weeks or more,2017,West Virginia,31
42 weeks or more,2017,Wisconsin,240
42 weeks or more,2017,Wyoming,37
42 weeks or more,2018,Alabama,103
42 weeks or more,2018,Alaska,83
42 weeks or more,2018,Arizona,190
42 weeks or more,2018,Arkansas,89
42 weeks or more,2018,California,1404
42 weeks or more,2018,Colorado,256
42 weeks or more,2018,Connecticut,80
42 weeks or more,2018,Delaware,17
42 weeks or more,2018,District of Columbia,42
42 weeks or more,2018,Florida,443
42 weeks or more,2018,Georgia,251
42 weeks or more,2018,Hawaii,45
42 weeks or more,2018,Idaho,75
42 weeks or more,2018,Illinois,236
42 weeks or more,2018,Indiana,389
42 weeks or more,2018,Iowa,83
42 weeks or more,2018,Kansas,98
42 weeks or more,2018,Kentucky,119
42 weeks or more,2018,Louisiana,47
42 weeks or more,2018,Maine,92
42 weeks or more,2018,Maryland,160
42 weeks or more,2018,Massachusetts,233
42 weeks or more,2018,Michigan,395
42 weeks or more,2018,Minnesota,452
42 weeks or more,2018,Mississippi,50
42 weeks or more,2018,Missouri,235
42 weeks or more,2018,Montana,48
42 weeks or more,2018,Nebraska,62
42 weeks or more,2018,Nevada,94
42 weeks or more,2018,New Hampshire,72
42 weeks or more,2018,New Jersey,215
42 weeks or more,2018,New Mexico,52
42 weeks or more,2018,New York,942
42 weeks or more,2018,North Carolina,274
42 weeks or more,2018,North Dakota,29
42 weeks or more,2018,Ohio,337
42 weeks or more,2018,Oklahoma,92
42 weeks or more,2018,Oregon,355
42 weeks or more,2018,Pennsylvania,446
42 weeks or more,2018,Rhode Island,25
42 weeks or more,2018,South Carolina,100
42 weeks or more,2018,South Dakota,71
42 weeks or more,2018,Tennessee,183
42 weeks or more,2018,Texas,1075
42 weeks or more,2018,Utah,101
42 weeks or more,2018,Vermont,46
42 weeks or more,2018,Virginia,260
42 weeks or more,2018,Washington,472
42 weeks or more,2018,West Virginia,31
42 weeks or more,2018,Wisconsin,246
42 weeks or more,2018,Wyoming,23
42 weeks or more,2019,Alabama,81
42 weeks or more,2019,Alaska,62
42 weeks or more,2019,Arizona,160
42 weeks or more,2019,Arkansas,62
42 weeks or more,2019,California,1187
42 weeks or more,2019,Colorado,223
42 weeks or more,2019,Connecticut,66
42 weeks or more,2019,Delaware,22
42 weeks or more,2019,District of Columbia,41
42 weeks or more,2019,Florida,368
42 weeks or more,2019,Georgia,231
42 weeks or more,2019,Hawaii,56
42 weeks or more,2019,Idaho,58
42 weeks or more,2019,Illinois,197
42 weeks or more,2019,Indiana,307
42 weeks or more,2019,Iowa,73
42 weeks or more,2019,Kansas,77
42 weeks or more,2019,Kentucky,107
42 weeks or more,2019,Louisiana,48
42 weeks or more,2019,Maine,71
42 weeks or more,2019,Maryland,160
42 weeks or more,2019,Massachusetts,218
42 weeks or more,2019,Michigan,326
42 weeks or more,2019,Minnesota,375
42 weeks or more,2019,Mississippi,39
42 weeks or more,2019,Missouri,223
42 weeks or more,2019,Montana,48
42 weeks or more,2019,Nebraska,43
42 weeks or more,2019,Nevada,81
42 weeks or more,2019,New Hampshire,42
42 weeks or more,2019,New Jersey,231
42 weeks or more,2019,New Mexico,40
42 weeks or more,2019,New York,775
42 weeks or more,2019,North Carolina,205
42 weeks or more,2019,North Dakota,22
42 weeks or more,2019,Ohio,309
42 weeks or more,2019,Oklahoma,76
42 weeks or more,2019,Oregon,301
42 weeks or more,2019,Pennsylvania,389
42 weeks or more,2019,Rhode Island,19
42 weeks or more,2019,South Carolina,73
42 weeks or more,2019,South Dakota,31
42 weeks or more,2019,Tennessee,176
42 weeks or more,2019,Texas,750
42 weeks or more,2019,Utah,88
42 weeks or more,2019,Vermont,31
42 weeks or more,2019,Virginia,241
42 weeks or more,2019,Washington,384
42 weeks or more,2019,West Virginia,30
42 weeks or more,2019,Wisconsin,190
42 weeks or more,2019,Wyoming,22
42 weeks or more,2020,Alabama,71
42 weeks or more,2020,Alaska,54
42 weeks or more,2020,Arizona,159
42 weeks or more,2020,Arkansas,62
42 weeks or more,2020,California,1038
42 weeks or more,2020,Colorado,193
42 weeks or more,2020,Connecticut,47
42 weeks or more,2020,Delaware,15
42 weeks or more,2020,District of Columbia,32
42 weeks or more,2020,Florida,361
42 weeks or more,2020,Georgia,215
42 weeks or more,2020,Hawaii,51
42 weeks or more,2020,Idaho,72
42 weeks or more,2020,Illinois,176
42 weeks or more,2020,Indiana,228
42 weeks or more,2020,Iowa,80
42 weeks or more,2020,Kansas,74
42 weeks or more,2020,Kentucky,117
42 weeks or more,2020,Louisiana,39
42 weeks or more,2020,Maine,64
42 weeks or more,2020,Maryland,148
42 weeks or more,2020,Massachusetts,160
42 weeks or more,2020,Michigan,329
42 weeks or more,2020,Minnesota,334
42 weeks or more,2020,Mississippi,45
42 weeks or more,2020,Missouri,205
42 weeks or more,2020,Montana,29
42 weeks or more,2020,Nebraska,53
42 weeks or more,2020,Nevada,57
42 weeks or more,2020,New Hampshire,72
42 weeks or more,2020,New Jersey,198
42 weeks or more,2020,New Mexico,40
42 weeks or more,2020,New York,711
42 weeks or more,2020,North Carolina,231
42 weeks or more,2020,North Dakota,24
42 weeks or more,2020,Ohio,296
42 weeks or more,2020,Oklahoma,101
42 weeks or more,2020,Oregon,231
42 weeks or more,2020,Pennsylvania,331
42 weeks or more,2020,Rhode Island,19
42 weeks or more,2020,South Carolina,81
42 weeks or more,2020,South Dakota,35
42 weeks or more,2020,Tennessee,183
42 weeks or more,2020,Texas,809
42 weeks or more,2020,Utah,101
42 weeks or more,2020,Vermont,24
42 weeks or more,2020,Virginia,232
42 weeks or more,2020,Washington,417
42 weeks or more,2020,West Virginia,21
42 weeks or more,2020,Wisconsin,172
42 weeks or more,2020,Wyoming,26
42 weeks or more,2021,Alabama,63
42 weeks or more,2021,Alaska,44
42 weeks or more,2021,Arizona,153
42 weeks or more,2021,Arkansas,54
42 weeks or more,2021,California,977
42 weeks or more,2021,Colorado,226
42 weeks or more,2021,Connecticut,66
42 weeks or more,2021,Delaware,14
42 weeks or more,2021,District of Columbia,28
42 weeks or more,2021,Florida,410
42 weeks or more,2021,Georgia,203
42 weeks or more,2021,Hawaii,79
42 weeks or more,2021,Idaho,84
42 weeks or more,2021,Illinois,154
42 weeks or more,2021,Indiana,190
42 weeks or more,2021,Iowa,80
42 weeks or more,2021,Kansas,73
42 weeks or more,2021,Kentucky,108
42 weeks or more,2021,Louisiana,40
42 weeks or more,2021,Maine,75
42 weeks or more,2021,Maryland,150
42 weeks or more,2021,Massachusetts,223
42 weeks or more,2021,Michigan,337
42 weeks or more,2021,Minnesota,342
42 weeks or more,2021,Mississippi,41
42 weeks or more,2021,Missouri,207
42 weeks or more,2021,Montana,33
42 weeks or more,2021,Nebraska,32
42 weeks or more,2021,Nevada,61
42 weeks or more,2021,New Hampshire,61
42 weeks or more,2021,New Jersey,201
42 weeks or more,2021,New Mexico,48
42 weeks or more,2021,New York,686
42 weeks or more,2021,North Carolina,253
42 weeks or more,2021,North Dakota,22
42 weeks or more,2021,Ohio,334
42 weeks or more,2021,Oklahoma,72
42 weeks or more,2021,Oregon,216
42 weeks or more,2021,Pennsylvania,341
42 weeks or more,2021,Rhode Island,25
42 weeks or more,2021,South Carolina,96
42 weeks or more,2021,South Dakota,34
42 weeks or more,2021,Tennessee,188
42 weeks or more,2021,Texas,813
42 weeks or more,2021,Utah,102
42 weeks or more,2021,Vermont,37
42 weeks or more,2021,Virginia,267
42 weeks or more,2021,Washington,403
42 weeks or more,2021,West Virginia,23
42 weeks or more,2021,Wisconsin,196
42 weeks or more,2021,Wyoming,14
Unknown or Not Stated,2016,Alabama,31
Unknown or Not Stated,2016,Arizona,92
Unknown or Not Stated,2016,Arkansas,23
Unknown or Not Stated,2016,California,432
Unknown or Not Stated,2016,Colorado,23
Unknown or Not Stated,2016,Connecticut,196
Unknown or Not Stated,2016,Delaware,10
Unknown or Not Stated,2016,Florida,101
Unknown or Not Stated,2016,Georgia,69
Unknown or Not Stated,2016,Illinois,88
Unknown or Not Stated,2016,Indiana,20
Unknown or Not Stated,2016,Iowa,10
Unknown or Not Stated,2016,Kansas,11
Unknown or Not Stated,2016,Kentucky,19
Unknown or Not Stated,2016,Louisiana,25
Unknown or Not Stated,2016,Maryland,48
Unknown or Not Stated,2016,Massachusetts,117
Unknown or Not Stated,2016,Michigan,39
Unknown or Not Stated,2016,Minnesota,33
Unknown or Not Stated,2016,Mississippi,17
Unknown or Not Stated,2016,Missouri,119
Unknown or Not Stated,2016,Montana,11
Unknown or Not Stated,2016,Nebraska,15
Unknown or Not Stated,2016,Nevada,14
Unknown or Not Stated,2016,New Hampshire,15
Unknown or Not Stated,2016,New Jersey,40
Unknown or Not Stated,2016,New Mexico,16
Unknown or Not Stated,2016,New York,292
Unknown or Not Stated,2016,North Carolina,50
Unknown or Not Stated,2016,Ohio,118
Unknown or Not Stated,2016,Oklahoma,37
Unknown or Not Stated,2016,Oregon,15
Unknown or Not Stated,2016,Pennsylvania,234
Unknown or Not Stated,2016,South Carolina,15
Unknown or Not Stated,2016,Tennessee,467
Unknown or Not Stated,2016,Texas,375
Unknown or Not Stated,2016,Vermont,10
Unknown or Not Stated,2016,Virginia,38
Unknown or Not Stated,2016,Washington,75
Unknown or Not Stated,2016,Wisconsin,39
Unknown or Not Stated,2017,Alabama,32
Unknown or Not Stated,2017,Arizona,123
Unknown or Not Stated,2017,Arkansas,16
Unknown or Not Stated,2017,California,321
Unknown or Not Stated,2017,Colorado,27
Unknown or Not Stated,2017,Connecticut,26
Unknown or Not Stated,2017,Florida,119
Unknown or Not Stated,2017,Georgia,59
Unknown or Not Stated,2017,Idaho,10
Unknown or Not Stated,2017,Illinois,78
Unknown or Not Stated,2017,Indiana,20
Unknown or Not Stated,2017,Kansas,15
Unknown or Not Stated,2017,Kentucky,19
Unknown or Not Stated,2017,Louisiana,18
Unknown or Not Stated,2017,Maryland,49
Unknown or Not Stated,2017,Massachusetts,56
Unknown or Not Stated,2017,Michigan,40
Unknown or Not Stated,2017,Minnesota,46
Unknown or Not Stated,2017,Mississippi,10
Unknown or Not Stated,2017,Missouri,86
Unknown or Not Stated,2017,Nebraska,15
Unknown or Not Stated,2017,Nevada,15
Unknown or Not Stated,2017,New Hampshire,20
Unknown or Not Stated,2017,New Jersey,20
Unknown or Not Stated,2017,New Mexico,11
Unknown or Not Stated,2017,New York,355
Unknown or Not Stated,2017,North Carolina,55
Unknown or Not Stated,2017,Ohio,88
Unknown or Not Stated,2017,Oklahoma,27
Unknown or Not Stated,2017,Oregon,13
Unknown or Not Stated,2017,Pennsylvania,218
Unknown or Not Stated,2017,South Carolina,26
Unknown or Not Stated,2017,South Dakota,13
Unknown or Not Stated,2017,Tennessee,169
Unknown or Not Stated,2017,Texas,247
Unknown or Not Stated,2017,Virginia,48
Unknown or Not Stated,2017,Washington,108
Unknown or Not Stated,2017,West Virginia,14
Unknown or Not Stated,2017,Wisconsin,58
Unknown or Not Stated,2018,Alabama,34
Unknown or Not Stated,2018,Arizona,96
Unknown or Not Stated,2018,Arkansas,26
Unknown or Not Stated,2018,California,249
Unknown or Not Stated,2018,Colorado,25
Unknown or Not Stated,2018,Florida,105
Unknown or Not Stated,2018,Georgia,37
Unknown or Not Stated,2018,Hawaii,12
Unknown or Not Stated,2018,Illinois,79
Unknown or Not Stated,2018,Indiana,23
Unknown or Not Stated,2018,Iowa,11
Unknown or Not Stated,2018,Kansas,20
Unknown or Not Stated,2018,Kentucky,21
Unknown or Not Stated,2018,Louisiana,28
Unknown or Not Stated,2018,Maryland,46
Unknown or Not Stated,2018,Massachusetts,60
Unknown or Not Stated,2018,Michigan,49
Unknown or Not Stated,2018,Minnesota,41
Unknown or Not Stated,2018,Mississippi,17
Unknown or Not Stated,2018,Missouri,71
Unknown or Not Stated,2018,Nevada,14
Unknown or Not Stated,2018,New Hampshire,13
Unknown or Not Stated,2018,New Jersey,23
Unknown or Not Stated,2018,New Mexico,18
Unknown or Not Stated,2018,New York,334
Unknown or Not Stated,2018,North Carolina,66
Unknown or Not Stated,2018,Ohio,86
Unknown or Not Stated,2018,Oklahoma,26
Unknown or Not Stated,2018,Oregon,18
Unknown or Not Stated,2018,Pennsylvania,231
Unknown or Not Stated,2018,South Carolina,22
Unknown or Not Stated,2018,South Dakota,11
Unknown or Not Stated,2018,Tennessee,210
Unknown or Not Stated,2018,Texas,95
Unknown or Not Stated,2018,Virginia,46
Unknown or Not Stated,2018,Washington,126
Unknown or Not Stated,2018,Wisconsin,53
Unknown or Not Stated,2019,Alabama,29
Unknown or Not Stated,2019,Arizona,52
Unknown or Not Stated,2019,California,205
Unknown or Not Stated,2019,Colorado,26
Unknown or Not Stated,2019,Connecticut,14
Unknown or Not Stated,2019,Florida,86
Unknown or Not Stated,2019,Georgia,36
Unknown or Not Stated,2019,Hawaii,12
Unknown or Not Stated,2019,Illinois,52
Unknown or Not Stated,2019,Indiana,23
Unknown or Not Stated,2019,Iowa,16
Unknown or Not Stated,2019,Kansas,11
Unknown or Not Stated,2019,Kentucky,20
Unknown or Not Stated,2019,Louisiana,32
Unknown or Not Stated,2019,Maryland,48
Unknown or Not Stated,2019,Massachusetts,153
Unknown or Not Stated,2019,Michigan,49
Unknown or Not Stated,2019,Minnesota,45
Unknown or Not Stated,2019,Mississippi,15
Unknown or Not Stated,2019,Missouri,95
Unknown or Not Stated,2019,Nevada,11
Unknown or Not Stated,2019,New Jersey,138
Unknown or Not Stated,2019,New York,328
Unknown or Not Stated,2019,North Carolina,37
Unknown or Not Stated,2019,Ohio,103
Unknown or Not Stated,2019,Oklahoma,22
Unknown or Not Stated,2019,Oregon,16
Unknown or Not Stated,2019,Pennsylvania,211
Unknown or Not Stated,2019,South Carolina,17
Unknown or Not Stated,2019,Tennessee,110
Unknown or Not Stated,2019,Texas,45
Unknown or Not Stated,2019,Virginia,41
Unknown or Not Stated,2019,Washington,176
Unknown or Not Stated,2019,Wisconsin,44
Unknown or Not Stated,2020,Alabama,26
Unknown or Not Stated,2020,Alaska,10
Unknown or Not Stated,2020,Arizona,96
Unknown or Not Stated,2020,Arkansas,26
Unknown or Not Stated,2020,California,175
Unknown or Not Stated,2020,Colorado,39
Unknown or Not Stated,2020,Connecticut,14
Unknown or Not Stated,2020,Florida,97
Unknown or Not Stated,2020,Georgia,45
Unknown or Not Stated,2020,Hawaii,10
Unknown or Not Stated,2020,Illinois,70
Unknown or Not Stated,2020,Indiana,13
Unknown or Not Stated,2020,Iowa,28
Unknown or Not Stated,2020,Kansas,22
Unknown or Not Stated,2020,Kentucky,25
Unknown or Not Stated,2020,Louisiana,33
Unknown or Not Stated,2020,Maine,10
Unknown or Not Stated,2020,Maryland,30
Unknown or Not Stated,2020,Massachusetts,253
Unknown or Not Stated,2020,Michigan,41
Unknown or Not Stated,2020,Minnesota,47
Unknown or Not Stated,2020,Mississippi,10
Unknown or Not Stated,2020,Missouri,78
Unknown or Not Stated,2020,Nebraska,15
Unknown or Not Stated,2020,Nevada,16
Unknown or Not Stated,2020,New Hampshire,12
Unknown or Not Stated,2020,New Jersey,28
Unknown or Not Stated,2020,New Mexico,11
Unknown or Not Stated,2020,New York,341
Unknown or Not Stated,2020,North Carolina,39
Unknown or Not Stated,2020,Ohio,94
Unknown or Not Stated,2020,Oklahoma,35
Unknown or Not Stated,2020,Oregon,21
Unknown or Not Stated,2020,Pennsylvania,236
Unknown or Not Stated,2020,South Carolina,18
Unknown or Not Stated,2020,South Dakota,15
Unknown or Not Stated,2020,Tennessee,47
Unknown or Not Stated,2020,Texas,85
Unknown or Not Stated,2020,Virginia,32
Unknown or Not Stated,2020,Washington,140
Unknown or Not Stated,2020,Wisconsin,49
Unknown or Not Stated,2021,Alabama,21
Unknown or Not Stated,2021,Alaska,13
Unknown or Not Stated,2021,Arizona,58
Unknown or Not Stated,2021,Arkansas,25
Unknown or Not Stated,2021,California,182
Unknown or Not Stated,2021,Colorado,36
Unknown or Not Stated,2021,Florida,241
Unknown or Not Stated,2021,Georgia,53
Unknown or Not Stated,2021,Hawaii,11
Unknown or Not Stated,2021,Illinois,56
Unknown or Not Stated,2021,Indiana,17
Unknown or Not Stated,2021,Iowa,22
Unknown or Not Stated,2021,Kansas,21
Unknown or Not Stated,2021,Kentucky,21
Unknown or Not Stated,2021,Louisiana,33
Unknown or Not Stated,2021,Maryland,43
Unknown or Not Stated,2021,Massachusetts,519
Unknown or Not Stated,2021,Michigan,83
Unknown or Not Stated,2021,Minnesota,57
Unknown or Not Stated,2021,Mississippi,16
Unknown or Not Stated,2021,Missouri,91
Unknown or Not Stated,2021,Montana,12
Unknown or Not Stated,2021,Nebraska,11
Unknown or Not Stated,2021,Nevada,10
Unknown or Not Stated,2021,New Hampshire,21
Unknown or Not Stated,2021,New Jersey,27
Unknown or Not Stated,2021,New Mexico,14
Unknown or Not Stated,2021,New York,346
Unknown or Not Stated,2021,North Carolina,48
Unknown or Not Stated,2021,North Dakota,10
Unknown or Not Stated,2021,Ohio,101
Unknown or Not Stated,2021,Oklahoma,51
Unknown or Not Stated,2021,Oregon,20
Unknown or Not Stated,2021,Pennsylvania,203
Unknown or Not Stated,2021,South Carolina,24
Unknown or Not Stated,2021,Tennessee,59
Unknown or Not Stated,2021,Texas,102
Unknown or Not Stated,2021,Virginia,31
Unknown or Not Stated,2021,Washington,173
Unknown or Not Stated,2021,Wisconsin,54
