"""Notes""","""State of Residence""","""State of Residence Code""","""Year""","""Year Code""","""Assistive Reproductive Technology""","""Assistive Reproductive Technology Code""","Births"
NA,"""Alabama""","""01""","""2016""","""2016""","""Yes""","""1""",101
NA,"""Alabama""","""01""","""2016""","""2016""","""No""","""2""",121
NA,"""Alabama""","""01""","""2016""","""2016""","""Unknown or Not Stated""","""9""",224
NA,"""Alabama""","""01""","""2016""","""2016""","""Not Applicable""","""3""",58705
NA,"""Alabama""","""01""","""2017""","""2017""","""Yes""","""1""",152
NA,"""Alabama""","""01""","""2017""","""2017""","""No""","""2""",90
NA,"""Alabama""","""01""","""2017""","""2017""","""Unknown or Not Stated""","""9""",148
NA,"""Alabama""","""01""","""2017""","""2017""","""Not Applicable""","""3""",58551
NA,"""Alabama""","""01""","""2018""","""2018""","""Yes""","""1""",180
NA,"""Alabama""","""01""","""2018""","""2018""","""No""","""2""",117
NA,"""Alabama""","""01""","""2018""","""2018""","""Unknown or Not Stated""","""9""",154
NA,"""Alabama""","""01""","""2018""","""2018""","""Not Applicable""","""3""",57310
NA,"""Alabama""","""01""","""2019""","""2019""","""Yes""","""1""",232
NA,"""Alabama""","""01""","""2019""","""2019""","""No""","""2""",75
NA,"""Alabama""","""01""","""2019""","""2019""","""Unknown or Not Stated""","""9""",72
NA,"""Alabama""","""01""","""2019""","""2019""","""Not Applicable""","""3""",58236
NA,"""Alabama""","""01""","""2020""","""2020""","""Yes""","""1""",204
NA,"""Alabama""","""01""","""2020""","""2020""","""No""","""2""",103
NA,"""Alabama""","""01""","""2020""","""2020""","""Unknown or Not Stated""","""9""",56
NA,"""Alabama""","""01""","""2020""","""2020""","""Not Applicable""","""3""",57284
NA,"""Alabama""","""01""","""2021""","""2021""","""Yes""","""1""",227
NA,"""Alabama""","""01""","""2021""","""2021""","""No""","""2""",165
NA,"""Alabama""","""01""","""2021""","""2021""","""Unknown or Not Stated""","""9""",50
NA,"""Alabama""","""01""","""2021""","""2021""","""Not Applicable""","""3""",57612
NA,"""Alaska""","""02""","""2016""","""2016""","""Yes""","""1""",70
NA,"""Alaska""","""02""","""2016""","""2016""","""No""","""2""",56
NA,"""Alaska""","""02""","""2016""","""2016""","""Unknown or Not Stated""","""9""",75
NA,"""Alaska""","""02""","""2016""","""2016""","""Not Applicable""","""3""",11008
NA,"""Alaska""","""02""","""2017""","""2017""","""Yes""","""1""",43
NA,"""Alaska""","""02""","""2017""","""2017""","""No""","""2""",44
NA,"""Alaska""","""02""","""2017""","""2017""","""Unknown or Not Stated""","""9""",104
NA,"""Alaska""","""02""","""2017""","""2017""","""Not Applicable""","""3""",10254
NA,"""Alaska""","""02""","""2018""","""2018""","""Yes""","""1""",81
NA,"""Alaska""","""02""","""2018""","""2018""","""No""","""2""",50
NA,"""Alaska""","""02""","""2018""","""2018""","""Unknown or Not Stated""","""9""",119
NA,"""Alaska""","""02""","""2018""","""2018""","""Not Applicable""","""3""",9836
NA,"""Alaska""","""02""","""2019""","""2019""","""Yes""","""1""",73
NA,"""Alaska""","""02""","""2019""","""2019""","""No""","""2""",51
NA,"""Alaska""","""02""","""2019""","""2019""","""Unknown or Not Stated""","""9""",82
NA,"""Alaska""","""02""","""2019""","""2019""","""Not Applicable""","""3""",9616
NA,"""Alaska""","""02""","""2020""","""2020""","""Yes""","""1""",78
NA,"""Alaska""","""02""","""2020""","""2020""","""No""","""2""",35
NA,"""Alaska""","""02""","""2020""","""2020""","""Unknown or Not Stated""","""9""",79
NA,"""Alaska""","""02""","""2020""","""2020""","""Not Applicable""","""3""",9277
NA,"""Alaska""","""02""","""2021""","""2021""","""Yes""","""1""",71
NA,"""Alaska""","""02""","""2021""","""2021""","""No""","""2""",69
NA,"""Alaska""","""02""","""2021""","""2021""","""Unknown or Not Stated""","""9""",57
NA,"""Alaska""","""02""","""2021""","""2021""","""Not Applicable""","""3""",9170
NA,"""Arizona""","""04""","""2016""","""2016""","""Yes""","""1""",968
NA,"""Arizona""","""04""","""2016""","""2016""","""No""","""2""",484
NA,"""Arizona""","""04""","""2016""","""2016""","""Not Applicable""","""3""",83067
NA,"""Arizona""","""04""","""2017""","""2017""","""Yes""","""1""",936
NA,"""Arizona""","""04""","""2017""","""2017""","""No""","""2""",420
NA,"""Arizona""","""04""","""2017""","""2017""","""Not Applicable""","""3""",80513
NA,"""Arizona""","""04""","""2018""","""2018""","""Yes""","""1""",993
NA,"""Arizona""","""04""","""2018""","""2018""","""No""","""2""",389
NA,"""Arizona""","""04""","""2018""","""2018""","""Not Applicable""","""3""",79340
NA,"""Arizona""","""04""","""2019""","""2019""","""Yes""","""1""",1022
NA,"""Arizona""","""04""","""2019""","""2019""","""No""","""2""",347
NA,"""Arizona""","""04""","""2019""","""2019""","""Not Applicable""","""3""",78002
NA,"""Arizona""","""04""","""2020""","""2020""","""Yes""","""1""",925
NA,"""Arizona""","""04""","""2020""","""2020""","""No""","""2""",333
NA,"""Arizona""","""04""","""2020""","""2020""","""Not Applicable""","""3""",75685
NA,"""Arizona""","""04""","""2021""","""2021""","""Yes""","""1""",1002
NA,"""Arizona""","""04""","""2021""","""2021""","""No""","""2""",365
NA,"""Arizona""","""04""","""2021""","""2021""","""Not Applicable""","""3""",76548
NA,"""Arkansas""","""05""","""2016""","""2016""","""Yes""","""1""",101
NA,"""Arkansas""","""05""","""2016""","""2016""","""No""","""2""",123
NA,"""Arkansas""","""05""","""2016""","""2016""","""Not Applicable""","""3""",38049
NA,"""Arkansas""","""05""","""2017""","""2017""","""Yes""","""1""",124
NA,"""Arkansas""","""05""","""2017""","""2017""","""No""","""2""",155
NA,"""Arkansas""","""05""","""2017""","""2017""","""Not Applicable""","""3""",37236
NA,"""Arkansas""","""05""","""2018""","""2018""","""Yes""","""1""",146
NA,"""Arkansas""","""05""","""2018""","""2018""","""No""","""2""",153
NA,"""Arkansas""","""05""","""2018""","""2018""","""Not Applicable""","""3""",36714
NA,"""Arkansas""","""05""","""2019""","""2019""","""Yes""","""1""",108
NA,"""Arkansas""","""05""","""2019""","""2019""","""No""","""2""",122
NA,"""Arkansas""","""05""","""2019""","""2019""","""Not Applicable""","""3""",36329
NA,"""Arkansas""","""05""","""2020""","""2020""","""Yes""","""1""",103
NA,"""Arkansas""","""05""","""2020""","""2020""","""No""","""2""",136
NA,"""Arkansas""","""05""","""2020""","""2020""","""Not Applicable""","""3""",35012
NA,"""Arkansas""","""05""","""2021""","""2021""","""Yes""","""1""",130
NA,"""Arkansas""","""05""","""2021""","""2021""","""No""","""2""",169
NA,"""Arkansas""","""05""","""2021""","""2021""","""Not Applicable""","""3""",35665
NA,"""California""","""06""","""2016""","""2016""","""Yes""","""1""",5316
NA,"""California""","""06""","""2016""","""2016""","""No""","""2""",1341
NA,"""California""","""06""","""2016""","""2016""","""Not Applicable""","""3""",482164
NA,"""California""","""06""","""2017""","""2017""","""Yes""","""1""",5947
NA,"""California""","""06""","""2017""","""2017""","""No""","""2""",1442
NA,"""California""","""06""","""2017""","""2017""","""Not Applicable""","""3""",464265
NA,"""California""","""06""","""2018""","""2018""","""Yes""","""1""",6513
NA,"""California""","""06""","""2018""","""2018""","""No""","""2""",1365
NA,"""California""","""06""","""2018""","""2018""","""Unknown or Not Stated""","""9""",10
NA,"""California""","""06""","""2018""","""2018""","""Not Applicable""","""3""",447032
NA,"""California""","""06""","""2019""","""2019""","""Yes""","""1""",7385
NA,"""California""","""06""","""2019""","""2019""","""No""","""2""",1344
NA,"""California""","""06""","""2019""","""2019""","""Unknown or Not Stated""","""9""",348
NA,"""California""","""06""","""2019""","""2019""","""Not Applicable""","""3""",437402
NA,"""California""","""06""","""2020""","""2020""","""Yes""","""1""",7455
NA,"""California""","""06""","""2020""","""2020""","""No""","""2""",1285
NA,"""California""","""06""","""2020""","""2020""","""Unknown or Not Stated""","""9""",221
NA,"""California""","""06""","""2020""","""2020""","""Not Applicable""","""3""",411298
NA,"""California""","""06""","""2021""","""2021""","""Yes""","""1""",8275
NA,"""California""","""06""","""2021""","""2021""","""No""","""2""",1267
NA,"""California""","""06""","""2021""","""2021""","""Unknown or Not Stated""","""9""",241
NA,"""California""","""06""","""2021""","""2021""","""Not Applicable""","""3""",410825
NA,"""Colorado""","""08""","""2016""","""2016""","""Yes""","""1""",797
NA,"""Colorado""","""08""","""2016""","""2016""","""No""","""2""",727
NA,"""Colorado""","""08""","""2016""","""2016""","""Unknown or Not Stated""","""9""",12
NA,"""Colorado""","""08""","""2016""","""2016""","""Not Applicable""","""3""",65077
NA,"""Colorado""","""08""","""2017""","""2017""","""Yes""","""1""",922
NA,"""Colorado""","""08""","""2017""","""2017""","""No""","""2""",650
NA,"""Colorado""","""08""","""2017""","""2017""","""Not Applicable""","""3""",62801
NA,"""Colorado""","""08""","""2018""","""2018""","""Yes""","""1""",959
NA,"""Colorado""","""08""","""2018""","""2018""","""No""","""2""",689
NA,"""Colorado""","""08""","""2018""","""2018""","""Unknown or Not Stated""","""9""",10
NA,"""Colorado""","""08""","""2018""","""2018""","""Not Applicable""","""3""",61227
NA,"""Colorado""","""08""","""2019""","""2019""","""Yes""","""1""",982
NA,"""Colorado""","""08""","""2019""","""2019""","""No""","""2""",730
NA,"""Colorado""","""08""","""2019""","""2019""","""Unknown or Not Stated""","""9""",10
NA,"""Colorado""","""08""","""2019""","""2019""","""Not Applicable""","""3""",61147
NA,"""Colorado""","""08""","""2020""","""2020""","""Yes""","""1""",973
NA,"""Colorado""","""08""","""2020""","""2020""","""No""","""2""",655
NA,"""Colorado""","""08""","""2020""","""2020""","""Unknown or Not Stated""","""9""",15
NA,"""Colorado""","""08""","""2020""","""2020""","""Not Applicable""","""3""",59851
NA,"""Colorado""","""08""","""2021""","""2021""","""Yes""","""1""",1158
NA,"""Colorado""","""08""","""2021""","""2021""","""No""","""2""",719
NA,"""Colorado""","""08""","""2021""","""2021""","""Not Applicable""","""3""",61063
NA,"""Connecticut""","""09""","""2016""","""2016""","""Yes""","""1""",950
NA,"""Connecticut""","""09""","""2016""","""2016""","""No""","""2""",235
NA,"""Connecticut""","""09""","""2016""","""2016""","""Unknown or Not Stated""","""9""",802
NA,"""Connecticut""","""09""","""2016""","""2016""","""Not Applicable""","""3""",34028
NA,"""Connecticut""","""09""","""2017""","""2017""","""Yes""","""1""",979
NA,"""Connecticut""","""09""","""2017""","""2017""","""No""","""2""",273
NA,"""Connecticut""","""09""","""2017""","""2017""","""Unknown or Not Stated""","""9""",396
NA,"""Connecticut""","""09""","""2017""","""2017""","""Not Applicable""","""3""",33573
NA,"""Connecticut""","""09""","""2018""","""2018""","""Yes""","""1""",1010
NA,"""Connecticut""","""09""","""2018""","""2018""","""No""","""2""",282
NA,"""Connecticut""","""09""","""2018""","""2018""","""Unknown or Not Stated""","""9""",199
NA,"""Connecticut""","""09""","""2018""","""2018""","""Not Applicable""","""3""",33234
NA,"""Connecticut""","""09""","""2019""","""2019""","""Yes""","""1""",1058
NA,"""Connecticut""","""09""","""2019""","""2019""","""No""","""2""",256
NA,"""Connecticut""","""09""","""2019""","""2019""","""Unknown or Not Stated""","""9""",172
NA,"""Connecticut""","""09""","""2019""","""2019""","""Not Applicable""","""3""",32772
NA,"""Connecticut""","""09""","""2020""","""2020""","""Yes""","""1""",1034
NA,"""Connecticut""","""09""","""2020""","""2020""","""No""","""2""",214
NA,"""Connecticut""","""09""","""2020""","""2020""","""Unknown or Not Stated""","""9""",190
NA,"""Connecticut""","""09""","""2020""","""2020""","""Not Applicable""","""3""",32022
NA,"""Connecticut""","""09""","""2021""","""2021""","""Yes""","""1""",1257
NA,"""Connecticut""","""09""","""2021""","""2021""","""No""","""2""",221
NA,"""Connecticut""","""09""","""2021""","""2021""","""Unknown or Not Stated""","""9""",78
NA,"""Connecticut""","""09""","""2021""","""2021""","""Not Applicable""","""3""",34114
NA,"""Delaware""","""10""","""2016""","""2016""","""Yes""","""1""",243
NA,"""Delaware""","""10""","""2016""","""2016""","""No""","""2""",74
NA,"""Delaware""","""10""","""2016""","""2016""","""Unknown or Not Stated""","""9""",85
NA,"""Delaware""","""10""","""2016""","""2016""","""Not Applicable""","""3""",10590
NA,"""Delaware""","""10""","""2017""","""2017""","""Yes""","""1""",210
NA,"""Delaware""","""10""","""2017""","""2017""","""No""","""2""",79
NA,"""Delaware""","""10""","""2017""","""2017""","""Unknown or Not Stated""","""9""",71
NA,"""Delaware""","""10""","""2017""","""2017""","""Not Applicable""","""3""",10495
NA,"""Delaware""","""10""","""2018""","""2018""","""Yes""","""1""",184
NA,"""Delaware""","""10""","""2018""","""2018""","""No""","""2""",67
NA,"""Delaware""","""10""","""2018""","""2018""","""Unknown or Not Stated""","""9""",62
NA,"""Delaware""","""10""","""2018""","""2018""","""Not Applicable""","""3""",10308
NA,"""Delaware""","""10""","""2019""","""2019""","""Yes""","""1""",239
NA,"""Delaware""","""10""","""2019""","""2019""","""No""","""2""",44
NA,"""Delaware""","""10""","""2019""","""2019""","""Unknown or Not Stated""","""9""",24
NA,"""Delaware""","""10""","""2019""","""2019""","""Not Applicable""","""3""",10255
NA,"""Delaware""","""10""","""2020""","""2020""","""Yes""","""1""",228
NA,"""Delaware""","""10""","""2020""","""2020""","""No""","""2""",39
NA,"""Delaware""","""10""","""2020""","""2020""","""Unknown or Not Stated""","""9""",34
NA,"""Delaware""","""10""","""2020""","""2020""","""Not Applicable""","""3""",10091
NA,"""Delaware""","""10""","""2021""","""2021""","""Yes""","""1""",225
NA,"""Delaware""","""10""","""2021""","""2021""","""No""","""2""",25
NA,"""Delaware""","""10""","""2021""","""2021""","""Unknown or Not Stated""","""9""",29
NA,"""Delaware""","""10""","""2021""","""2021""","""Not Applicable""","""3""",10203
NA,"""District of Columbia""","""11""","""2016""","""2016""","""Yes""","""1""",167
NA,"""District of Columbia""","""11""","""2016""","""2016""","""No""","""2""",40
NA,"""District of Columbia""","""11""","""2016""","""2016""","""Unknown or Not Stated""","""9""",20
NA,"""District of Columbia""","""11""","""2016""","""2016""","""Not Applicable""","""3""",9631
NA,"""District of Columbia""","""11""","""2017""","""2017""","""Yes""","""1""",247
NA,"""District of Columbia""","""11""","""2017""","""2017""","""No""","""2""",83
NA,"""District of Columbia""","""11""","""2017""","""2017""","""Unknown or Not Stated""","""9""",21
NA,"""District of Columbia""","""11""","""2017""","""2017""","""Not Applicable""","""3""",9209
NA,"""District of Columbia""","""11""","""2018""","""2018""","""Yes""","""1""",274
NA,"""District of Columbia""","""11""","""2018""","""2018""","""No""","""2""",92
NA,"""District of Columbia""","""11""","""2018""","""2018""","""Not Applicable""","""3""",8842
NA,"""District of Columbia""","""11""","""2019""","""2019""","""Yes""","""1""",330
NA,"""District of Columbia""","""11""","""2019""","""2019""","""No""","""2""",96
NA,"""District of Columbia""","""11""","""2019""","""2019""","""Unknown or Not Stated""","""9""",11
NA,"""District of Columbia""","""11""","""2019""","""2019""","""Not Applicable""","""3""",8642
NA,"""District of Columbia""","""11""","""2020""","""2020""","""Yes""","""1""",390
NA,"""District of Columbia""","""11""","""2020""","""2020""","""No""","""2""",125
NA,"""District of Columbia""","""11""","""2020""","""2020""","""Not Applicable""","""3""",8355
NA,"""District of Columbia""","""11""","""2021""","""2021""","""Yes""","""1""",372
NA,"""District of Columbia""","""11""","""2021""","""2021""","""No""","""2""",71
NA,"""District of Columbia""","""11""","""2021""","""2021""","""Not Applicable""","""3""",8209
NA,"""Florida""","""12""","""2016""","""2016""","""Yes""","""1""",331
NA,"""Florida""","""12""","""2016""","""2016""","""No""","""2""",840
NA,"""Florida""","""12""","""2016""","""2016""","""Unknown or Not Stated""","""9""",686
NA,"""Florida""","""12""","""2016""","""2016""","""Not Applicable""","""3""",223165
NA,"""Florida""","""12""","""2017""","""2017""","""Yes""","""1""",388
NA,"""Florida""","""12""","""2017""","""2017""","""No""","""2""",803
NA,"""Florida""","""12""","""2017""","""2017""","""Unknown or Not Stated""","""9""",819
NA,"""Florida""","""12""","""2017""","""2017""","""Not Applicable""","""3""",221620
NA,"""Florida""","""12""","""2018""","""2018""","""Yes""","""1""",366
NA,"""Florida""","""12""","""2018""","""2018""","""No""","""2""",852
NA,"""Florida""","""12""","""2018""","""2018""","""Unknown or Not Stated""","""9""",728
NA,"""Florida""","""12""","""2018""","""2018""","""Not Applicable""","""3""",219596
NA,"""Florida""","""12""","""2019""","""2019""","""Yes""","""1""",370
NA,"""Florida""","""12""","""2019""","""2019""","""No""","""2""",830
NA,"""Florida""","""12""","""2019""","""2019""","""Unknown or Not Stated""","""9""",572
NA,"""Florida""","""12""","""2019""","""2019""","""Not Applicable""","""3""",218230
NA,"""Florida""","""12""","""2020""","""2020""","""Yes""","""1""",352
NA,"""Florida""","""12""","""2020""","""2020""","""No""","""2""",930
NA,"""Florida""","""12""","""2020""","""2020""","""Unknown or Not Stated""","""9""",520
NA,"""Florida""","""12""","""2020""","""2020""","""Not Applicable""","""3""",207869
NA,"""Florida""","""12""","""2021""","""2021""","""Yes""","""1""",420
NA,"""Florida""","""12""","""2021""","""2021""","""No""","""2""",1046
NA,"""Florida""","""12""","""2021""","""2021""","""Unknown or Not Stated""","""9""",938
NA,"""Florida""","""12""","""2021""","""2021""","""Not Applicable""","""3""",213856
NA,"""Georgia""","""13""","""2016""","""2016""","""Yes""","""1""",829
NA,"""Georgia""","""13""","""2016""","""2016""","""No""","""2""",462
NA,"""Georgia""","""13""","""2016""","""2016""","""Unknown or Not Stated""","""9""",457
NA,"""Georgia""","""13""","""2016""","""2016""","""Not Applicable""","""3""",128294
NA,"""Georgia""","""13""","""2017""","""2017""","""Yes""","""1""",899
NA,"""Georgia""","""13""","""2017""","""2017""","""No""","""2""",402
NA,"""Georgia""","""13""","""2017""","""2017""","""Unknown or Not Stated""","""9""",480
NA,"""Georgia""","""13""","""2017""","""2017""","""Not Applicable""","""3""",127462
NA,"""Georgia""","""13""","""2018""","""2018""","""Yes""","""1""",931
NA,"""Georgia""","""13""","""2018""","""2018""","""No""","""2""",490
NA,"""Georgia""","""13""","""2018""","""2018""","""Unknown or Not Stated""","""9""",470
NA,"""Georgia""","""13""","""2018""","""2018""","""Not Applicable""","""3""",124281
NA,"""Georgia""","""13""","""2019""","""2019""","""Yes""","""1""",1071
NA,"""Georgia""","""13""","""2019""","""2019""","""No""","""2""",465
NA,"""Georgia""","""13""","""2019""","""2019""","""Unknown or Not Stated""","""9""",285
NA,"""Georgia""","""13""","""2019""","""2019""","""Not Applicable""","""3""",124550
NA,"""Georgia""","""13""","""2020""","""2020""","""Yes""","""1""",916
NA,"""Georgia""","""13""","""2020""","""2020""","""No""","""2""",412
NA,"""Georgia""","""13""","""2020""","""2020""","""Unknown or Not Stated""","""9""",228
NA,"""Georgia""","""13""","""2020""","""2020""","""Not Applicable""","""3""",120917
NA,"""Georgia""","""13""","""2021""","""2021""","""Yes""","""1""",1309
NA,"""Georgia""","""13""","""2021""","""2021""","""No""","""2""",519
NA,"""Georgia""","""13""","""2021""","""2021""","""Unknown or Not Stated""","""9""",280
NA,"""Georgia""","""13""","""2021""","""2021""","""Not Applicable""","""3""",121965
NA,"""Hawaii""","""15""","""2016""","""2016""","""Yes""","""1""",262
NA,"""Hawaii""","""15""","""2016""","""2016""","""No""","""2""",32
NA,"""Hawaii""","""15""","""2016""","""2016""","""Unknown or Not Stated""","""9""",12
NA,"""Hawaii""","""15""","""2016""","""2016""","""Not Applicable""","""3""",17753
NA,"""Hawaii""","""15""","""2017""","""2017""","""Yes""","""1""",243
NA,"""Hawaii""","""15""","""2017""","""2017""","""No""","""2""",28
NA,"""Hawaii""","""15""","""2017""","""2017""","""Not Applicable""","""3""",17238
NA,"""Hawaii""","""15""","""2018""","""2018""","""Yes""","""1""",228
NA,"""Hawaii""","""15""","""2018""","""2018""","""No""","""2""",27
NA,"""Hawaii""","""15""","""2018""","""2018""","""Not Applicable""","""3""",16711
NA,"""Hawaii""","""15""","""2019""","""2019""","""Yes""","""1""",212
NA,"""Hawaii""","""15""","""2019""","""2019""","""No""","""2""",39
NA,"""Hawaii""","""15""","""2019""","""2019""","""Not Applicable""","""3""",16538
NA,"""Hawaii""","""15""","""2020""","""2020""","""Yes""","""1""",236
NA,"""Hawaii""","""15""","""2020""","""2020""","""No""","""2""",47
NA,"""Hawaii""","""15""","""2020""","""2020""","""Not Applicable""","""3""",15495
NA,"""Hawaii""","""15""","""2021""","""2021""","""Yes""","""1""",206
NA,"""Hawaii""","""15""","""2021""","""2021""","""No""","""2""",45
NA,"""Hawaii""","""15""","""2021""","""2021""","""Not Applicable""","""3""",15368
NA,"""Idaho""","""16""","""2016""","""2016""","""Yes""","""1""",264
NA,"""Idaho""","""16""","""2016""","""2016""","""No""","""2""",161
NA,"""Idaho""","""16""","""2016""","""2016""","""Unknown or Not Stated""","""9""",28
NA,"""Idaho""","""16""","""2016""","""2016""","""Not Applicable""","""3""",22029
NA,"""Idaho""","""16""","""2017""","""2017""","""Yes""","""1""",234
NA,"""Idaho""","""16""","""2017""","""2017""","""No""","""2""",153
NA,"""Idaho""","""16""","""2017""","""2017""","""Unknown or Not Stated""","""9""",20
NA,"""Idaho""","""16""","""2017""","""2017""","""Not Applicable""","""3""",21774
NA,"""Idaho""","""16""","""2018""","""2018""","""Yes""","""1""",277
NA,"""Idaho""","""16""","""2018""","""2018""","""No""","""2""",131
NA,"""Idaho""","""16""","""2018""","""2018""","""Unknown or Not Stated""","""9""",26
NA,"""Idaho""","""16""","""2018""","""2018""","""Not Applicable""","""3""",20969
NA,"""Idaho""","""16""","""2019""","""2019""","""Yes""","""1""",294
NA,"""Idaho""","""16""","""2019""","""2019""","""No""","""2""",143
NA,"""Idaho""","""16""","""2019""","""2019""","""Unknown or Not Stated""","""9""",20
NA,"""Idaho""","""16""","""2019""","""2019""","""Not Applicable""","""3""",21606
NA,"""Idaho""","""16""","""2020""","""2020""","""Yes""","""1""",273
NA,"""Idaho""","""16""","""2020""","""2020""","""No""","""2""",145
NA,"""Idaho""","""16""","""2020""","""2020""","""Unknown or Not Stated""","""9""",19
NA,"""Idaho""","""16""","""2020""","""2020""","""Not Applicable""","""3""",21096
NA,"""Idaho""","""16""","""2021""","""2021""","""Yes""","""1""",356
NA,"""Idaho""","""16""","""2021""","""2021""","""No""","""2""",158
NA,"""Idaho""","""16""","""2021""","""2021""","""Unknown or Not Stated""","""9""",21
NA,"""Idaho""","""16""","""2021""","""2021""","""Not Applicable""","""3""",21892
NA,"""Illinois""","""17""","""2016""","""2016""","""Yes""","""1""",3622
NA,"""Illinois""","""17""","""2016""","""2016""","""No""","""2""",1287
NA,"""Illinois""","""17""","""2016""","""2016""","""Unknown or Not Stated""","""9""",242
NA,"""Illinois""","""17""","""2016""","""2016""","""Not Applicable""","""3""",149294
NA,"""Illinois""","""17""","""2017""","""2017""","""Yes""","""1""",3750
NA,"""Illinois""","""17""","""2017""","""2017""","""No""","""2""",1257
NA,"""Illinois""","""17""","""2017""","""2017""","""Unknown or Not Stated""","""9""",379
NA,"""Illinois""","""17""","""2017""","""2017""","""Not Applicable""","""3""",144004
NA,"""Illinois""","""17""","""2018""","""2018""","""Yes""","""1""",3524
NA,"""Illinois""","""17""","""2018""","""2018""","""No""","""2""",1095
NA,"""Illinois""","""17""","""2018""","""2018""","""Unknown or Not Stated""","""9""",265
NA,"""Illinois""","""17""","""2018""","""2018""","""Not Applicable""","""3""",139931
NA,"""Illinois""","""17""","""2019""","""2019""","""Yes""","""1""",3409
NA,"""Illinois""","""17""","""2019""","""2019""","""No""","""2""",1052
NA,"""Illinois""","""17""","""2019""","""2019""","""Unknown or Not Stated""","""9""",126
NA,"""Illinois""","""17""","""2019""","""2019""","""Not Applicable""","""3""",135541
NA,"""Illinois""","""17""","""2020""","""2020""","""Yes""","""1""",3104
NA,"""Illinois""","""17""","""2020""","""2020""","""No""","""2""",891
NA,"""Illinois""","""17""","""2020""","""2020""","""Unknown or Not Stated""","""9""",179
NA,"""Illinois""","""17""","""2020""","""2020""","""Not Applicable""","""3""",129124
NA,"""Illinois""","""17""","""2021""","""2021""","""Yes""","""1""",3434
NA,"""Illinois""","""17""","""2021""","""2021""","""No""","""2""",862
NA,"""Illinois""","""17""","""2021""","""2021""","""Unknown or Not Stated""","""9""",127
NA,"""Illinois""","""17""","""2021""","""2021""","""Not Applicable""","""3""",127766
NA,"""Indiana""","""18""","""2016""","""2016""","""Yes""","""1""",230
NA,"""Indiana""","""18""","""2016""","""2016""","""No""","""2""",657
NA,"""Indiana""","""18""","""2016""","""2016""","""Unknown or Not Stated""","""9""",38
NA,"""Indiana""","""18""","""2016""","""2016""","""Not Applicable""","""3""",82166
NA,"""Indiana""","""18""","""2017""","""2017""","""Yes""","""1""",278
NA,"""Indiana""","""18""","""2017""","""2017""","""No""","""2""",798
NA,"""Indiana""","""18""","""2017""","""2017""","""Unknown or Not Stated""","""9""",46
NA,"""Indiana""","""18""","""2017""","""2017""","""Not Applicable""","""3""",81048
NA,"""Indiana""","""18""","""2018""","""2018""","""Yes""","""1""",217
NA,"""Indiana""","""18""","""2018""","""2018""","""No""","""2""",755
NA,"""Indiana""","""18""","""2018""","""2018""","""Unknown or Not Stated""","""9""",38
NA,"""Indiana""","""18""","""2018""","""2018""","""Not Applicable""","""3""",80636
NA,"""Indiana""","""18""","""2019""","""2019""","""Yes""","""1""",287
NA,"""Indiana""","""18""","""2019""","""2019""","""No""","""2""",742
NA,"""Indiana""","""18""","""2019""","""2019""","""Unknown or Not Stated""","""9""",44
NA,"""Indiana""","""18""","""2019""","""2019""","""Not Applicable""","""3""",79786
NA,"""Indiana""","""18""","""2020""","""2020""","""Yes""","""1""",308
NA,"""Indiana""","""18""","""2020""","""2020""","""No""","""2""",742
NA,"""Indiana""","""18""","""2020""","""2020""","""Unknown or Not Stated""","""9""",70
NA,"""Indiana""","""18""","""2020""","""2020""","""Not Applicable""","""3""",77496
NA,"""Indiana""","""18""","""2021""","""2021""","""Yes""","""1""",560
NA,"""Indiana""","""18""","""2021""","""2021""","""No""","""2""",516
NA,"""Indiana""","""18""","""2021""","""2021""","""Unknown or Not Stated""","""9""",464
NA,"""Indiana""","""18""","""2021""","""2021""","""Not Applicable""","""3""",78406
NA,"""Iowa""","""19""","""2016""","""2016""","""Yes""","""1""",614
NA,"""Iowa""","""19""","""2016""","""2016""","""No""","""2""",535
NA,"""Iowa""","""19""","""2016""","""2016""","""Not Applicable""","""3""",38253
NA,"""Iowa""","""19""","""2017""","""2017""","""Yes""","""1""",553
NA,"""Iowa""","""19""","""2017""","""2017""","""No""","""2""",524
NA,"""Iowa""","""19""","""2017""","""2017""","""Not Applicable""","""3""",37350
NA,"""Iowa""","""19""","""2018""","""2018""","""Yes""","""1""",630
NA,"""Iowa""","""19""","""2018""","""2018""","""No""","""2""",509
NA,"""Iowa""","""19""","""2018""","""2018""","""Not Applicable""","""3""",36646
NA,"""Iowa""","""19""","""2019""","""2019""","""Yes""","""1""",666
NA,"""Iowa""","""19""","""2019""","""2019""","""No""","""2""",546
NA,"""Iowa""","""19""","""2019""","""2019""","""Not Applicable""","""3""",36433
NA,"""Iowa""","""19""","""2020""","""2020""","""Yes""","""1""",578
NA,"""Iowa""","""19""","""2020""","""2020""","""No""","""2""",531
NA,"""Iowa""","""19""","""2020""","""2020""","""Not Applicable""","""3""",35002
NA,"""Iowa""","""19""","""2021""","""2021""","""Yes""","""1""",711
NA,"""Iowa""","""19""","""2021""","""2021""","""No""","""2""",510
NA,"""Iowa""","""19""","""2021""","""2021""","""Not Applicable""","""3""",35605
NA,"""Kansas""","""20""","""2016""","""2016""","""Yes""","""1""",259
NA,"""Kansas""","""20""","""2016""","""2016""","""No""","""2""",305
NA,"""Kansas""","""20""","""2016""","""2016""","""Unknown or Not Stated""","""9""",17
NA,"""Kansas""","""20""","""2016""","""2016""","""Not Applicable""","""3""",37472
NA,"""Kansas""","""20""","""2017""","""2017""","""Yes""","""1""",260
NA,"""Kansas""","""20""","""2017""","""2017""","""No""","""2""",303
NA,"""Kansas""","""20""","""2017""","""2017""","""Unknown or Not Stated""","""9""",15
NA,"""Kansas""","""20""","""2017""","""2017""","""Not Applicable""","""3""",35941
NA,"""Kansas""","""20""","""2018""","""2018""","""Yes""","""1""",256
NA,"""Kansas""","""20""","""2018""","""2018""","""No""","""2""",293
NA,"""Kansas""","""20""","""2018""","""2018""","""Unknown or Not Stated""","""9""",17
NA,"""Kansas""","""20""","""2018""","""2018""","""Not Applicable""","""3""",35695
NA,"""Kansas""","""20""","""2019""","""2019""","""Yes""","""1""",295
NA,"""Kansas""","""20""","""2019""","""2019""","""No""","""2""",290
NA,"""Kansas""","""20""","""2019""","""2019""","""Unknown or Not Stated""","""9""",14
NA,"""Kansas""","""20""","""2019""","""2019""","""Not Applicable""","""3""",34796
NA,"""Kansas""","""20""","""2020""","""2020""","""Yes""","""1""",301
NA,"""Kansas""","""20""","""2020""","""2020""","""No""","""2""",303
NA,"""Kansas""","""20""","""2020""","""2020""","""Unknown or Not Stated""","""9""",12
NA,"""Kansas""","""20""","""2020""","""2020""","""Not Applicable""","""3""",33760
NA,"""Kansas""","""20""","""2021""","""2021""","""Yes""","""1""",362
NA,"""Kansas""","""20""","""2021""","""2021""","""No""","""2""",308
NA,"""Kansas""","""20""","""2021""","""2021""","""Unknown or Not Stated""","""9""",15
NA,"""Kansas""","""20""","""2021""","""2021""","""Not Applicable""","""3""",34020
NA,"""Kentucky""","""21""","""2016""","""2016""","""Yes""","""1""",276
NA,"""Kentucky""","""21""","""2016""","""2016""","""No""","""2""",253
NA,"""Kentucky""","""21""","""2016""","""2016""","""Unknown or Not Stated""","""9""",339
NA,"""Kentucky""","""21""","""2016""","""2016""","""Not Applicable""","""3""",54581
NA,"""Kentucky""","""21""","""2017""","""2017""","""Yes""","""1""",277
NA,"""Kentucky""","""21""","""2017""","""2017""","""No""","""2""",355
NA,"""Kentucky""","""21""","""2017""","""2017""","""Unknown or Not Stated""","""9""",245
NA,"""Kentucky""","""21""","""2017""","""2017""","""Not Applicable""","""3""",53875
NA,"""Kentucky""","""21""","""2018""","""2018""","""Yes""","""1""",288
NA,"""Kentucky""","""21""","""2018""","""2018""","""No""","""2""",352
NA,"""Kentucky""","""21""","""2018""","""2018""","""Unknown or Not Stated""","""9""",184
NA,"""Kentucky""","""21""","""2018""","""2018""","""Not Applicable""","""3""",53098
NA,"""Kentucky""","""21""","""2019""","""2019""","""Yes""","""1""",310
NA,"""Kentucky""","""21""","""2019""","""2019""","""No""","""2""",290
NA,"""Kentucky""","""21""","""2019""","""2019""","""Unknown or Not Stated""","""9""",194
NA,"""Kentucky""","""21""","""2019""","""2019""","""Not Applicable""","""3""",52275
NA,"""Kentucky""","""21""","""2020""","""2020""","""Yes""","""1""",246
NA,"""Kentucky""","""21""","""2020""","""2020""","""No""","""2""",275
NA,"""Kentucky""","""21""","""2020""","""2020""","""Unknown or Not Stated""","""9""",589
NA,"""Kentucky""","""21""","""2020""","""2020""","""Not Applicable""","""3""",50558
NA,"""Kentucky""","""21""","""2021""","""2021""","""Yes""","""1""",404
NA,"""Kentucky""","""21""","""2021""","""2021""","""No""","""2""",344
NA,"""Kentucky""","""21""","""2021""","""2021""","""Unknown or Not Stated""","""9""",277
NA,"""Kentucky""","""21""","""2021""","""2021""","""Not Applicable""","""3""",51189
NA,"""Louisiana""","""22""","""2016""","""2016""","""Yes""","""1""",277
NA,"""Louisiana""","""22""","""2016""","""2016""","""No""","""2""",143
NA,"""Louisiana""","""22""","""2016""","""2016""","""Not Applicable""","""3""",62757
NA,"""Louisiana""","""22""","""2017""","""2017""","""Yes""","""1""",311
NA,"""Louisiana""","""22""","""2017""","""2017""","""No""","""2""",148
NA,"""Louisiana""","""22""","""2017""","""2017""","""Not Applicable""","""3""",60559
NA,"""Louisiana""","""22""","""2018""","""2018""","""Yes""","""1""",348
NA,"""Louisiana""","""22""","""2018""","""2018""","""No""","""2""",117
NA,"""Louisiana""","""22""","""2018""","""2018""","""Not Applicable""","""3""",59150
NA,"""Louisiana""","""22""","""2019""","""2019""","""Yes""","""1""",367
NA,"""Louisiana""","""22""","""2019""","""2019""","""No""","""2""",96
NA,"""Louisiana""","""22""","""2019""","""2019""","""Not Applicable""","""3""",58477
NA,"""Louisiana""","""22""","""2020""","""2020""","""Yes""","""1""",358
NA,"""Louisiana""","""22""","""2020""","""2020""","""No""","""2""",125
NA,"""Louisiana""","""22""","""2020""","""2020""","""Not Applicable""","""3""",56843
NA,"""Louisiana""","""22""","""2021""","""2021""","""Yes""","""1""",428
NA,"""Louisiana""","""22""","""2021""","""2021""","""No""","""2""",124
NA,"""Louisiana""","""22""","""2021""","""2021""","""Not Applicable""","""3""",56883
NA,"""Maine""","""23""","""2016""","""2016""","""Yes""","""1""",137
NA,"""Maine""","""23""","""2016""","""2016""","""No""","""2""",66
NA,"""Maine""","""23""","""2016""","""2016""","""Unknown or Not Stated""","""9""",18
NA,"""Maine""","""23""","""2016""","""2016""","""Not Applicable""","""3""",12484
NA,"""Maine""","""23""","""2017""","""2017""","""Yes""","""1""",150
NA,"""Maine""","""23""","""2017""","""2017""","""No""","""2""",86
NA,"""Maine""","""23""","""2017""","""2017""","""Not Applicable""","""3""",12059
NA,"""Maine""","""23""","""2018""","""2018""","""Yes""","""1""",132
NA,"""Maine""","""23""","""2018""","""2018""","""No""","""2""",63
NA,"""Maine""","""23""","""2018""","""2018""","""Not Applicable""","""3""",12115
NA,"""Maine""","""23""","""2019""","""2019""","""Yes""","""1""",153
NA,"""Maine""","""23""","""2019""","""2019""","""No""","""2""",71
NA,"""Maine""","""23""","""2019""","""2019""","""Not Applicable""","""3""",11550
NA,"""Maine""","""23""","""2020""","""2020""","""Yes""","""1""",197
NA,"""Maine""","""23""","""2020""","""2020""","""No""","""2""",68
NA,"""Maine""","""23""","""2020""","""2020""","""Not Applicable""","""3""",11270
NA,"""Maine""","""23""","""2021""","""2021""","""Yes""","""1""",240
NA,"""Maine""","""23""","""2021""","""2021""","""No""","""2""",110
NA,"""Maine""","""23""","""2021""","""2021""","""Not Applicable""","""3""",11655
NA,"""Maryland""","""24""","""2016""","""2016""","""Yes""","""1""",1824
NA,"""Maryland""","""24""","""2016""","""2016""","""No""","""2""",1109
NA,"""Maryland""","""24""","""2016""","""2016""","""Unknown or Not Stated""","""9""",206
NA,"""Maryland""","""24""","""2016""","""2016""","""Not Applicable""","""3""",69997
NA,"""Maryland""","""24""","""2017""","""2017""","""Yes""","""1""",1967
NA,"""Maryland""","""24""","""2017""","""2017""","""No""","""2""",1083
NA,"""Maryland""","""24""","""2017""","""2017""","""Unknown or Not Stated""","""9""",269
NA,"""Maryland""","""24""","""2017""","""2017""","""Not Applicable""","""3""",68322
NA,"""Maryland""","""24""","""2018""","""2018""","""Yes""","""1""",2018
NA,"""Maryland""","""24""","""2018""","""2018""","""No""","""2""",1108
NA,"""Maryland""","""24""","""2018""","""2018""","""Unknown or Not Stated""","""9""",279
NA,"""Maryland""","""24""","""2018""","""2018""","""Not Applicable""","""3""",67675
NA,"""Maryland""","""24""","""2019""","""2019""","""Yes""","""1""",1770
NA,"""Maryland""","""24""","""2019""","""2019""","""No""","""2""",1040
NA,"""Maryland""","""24""","""2019""","""2019""","""Unknown or Not Stated""","""9""",177
NA,"""Maryland""","""24""","""2019""","""2019""","""Not Applicable""","""3""",67191
NA,"""Maryland""","""24""","""2020""","""2020""","""Yes""","""1""",1569
NA,"""Maryland""","""24""","""2020""","""2020""","""No""","""2""",1100
NA,"""Maryland""","""24""","""2020""","""2020""","""Unknown or Not Stated""","""9""",120
NA,"""Maryland""","""24""","""2020""","""2020""","""Not Applicable""","""3""",65765
NA,"""Maryland""","""24""","""2021""","""2021""","""Yes""","""1""",1744
NA,"""Maryland""","""24""","""2021""","""2021""","""No""","""2""",1210
NA,"""Maryland""","""24""","""2021""","""2021""","""Unknown or Not Stated""","""9""",95
NA,"""Maryland""","""24""","""2021""","""2021""","""Not Applicable""","""3""",65236
NA,"""Massachusetts""","""25""","""2016""","""2016""","""Yes""","""1""",2638
NA,"""Massachusetts""","""25""","""2016""","""2016""","""No""","""2""",977
NA,"""Massachusetts""","""25""","""2016""","""2016""","""Unknown or Not Stated""","""9""",390
NA,"""Massachusetts""","""25""","""2016""","""2016""","""Not Applicable""","""3""",67312
NA,"""Massachusetts""","""25""","""2017""","""2017""","""Yes""","""1""",2636
NA,"""Massachusetts""","""25""","""2017""","""2017""","""No""","""2""",850
NA,"""Massachusetts""","""25""","""2017""","""2017""","""Unknown or Not Stated""","""9""",395
NA,"""Massachusetts""","""25""","""2017""","""2017""","""Not Applicable""","""3""",66821
NA,"""Massachusetts""","""25""","""2018""","""2018""","""Yes""","""1""",2831
NA,"""Massachusetts""","""25""","""2018""","""2018""","""No""","""2""",811
NA,"""Massachusetts""","""25""","""2018""","""2018""","""Unknown or Not Stated""","""9""",360
NA,"""Massachusetts""","""25""","""2018""","""2018""","""Not Applicable""","""3""",65107
NA,"""Massachusetts""","""25""","""2019""","""2019""","""Yes""","""1""",2994
NA,"""Massachusetts""","""25""","""2019""","""2019""","""No""","""2""",893
NA,"""Massachusetts""","""25""","""2019""","""2019""","""Unknown or Not Stated""","""9""",376
NA,"""Massachusetts""","""25""","""2019""","""2019""","""Not Applicable""","""3""",64854
NA,"""Massachusetts""","""25""","""2020""","""2020""","""Yes""","""1""",2945
NA,"""Massachusetts""","""25""","""2020""","""2020""","""No""","""2""",837
NA,"""Massachusetts""","""25""","""2020""","""2020""","""Unknown or Not Stated""","""9""",562
NA,"""Massachusetts""","""25""","""2020""","""2020""","""Not Applicable""","""3""",62084
NA,"""Massachusetts""","""25""","""2021""","""2021""","""Yes""","""1""",3045
NA,"""Massachusetts""","""25""","""2021""","""2021""","""No""","""2""",906
NA,"""Massachusetts""","""25""","""2021""","""2021""","""Unknown or Not Stated""","""9""",601
NA,"""Massachusetts""","""25""","""2021""","""2021""","""Not Applicable""","""3""",64585
NA,"""Michigan""","""26""","""2016""","""2016""","""Yes""","""1""",879
NA,"""Michigan""","""26""","""2016""","""2016""","""No""","""2""",424
NA,"""Michigan""","""26""","""2016""","""2016""","""Unknown or Not Stated""","""9""",372
NA,"""Michigan""","""26""","""2016""","""2016""","""Not Applicable""","""3""",111640
NA,"""Michigan""","""26""","""2017""","""2017""","""Yes""","""1""",935
NA,"""Michigan""","""26""","""2017""","""2017""","""No""","""2""",402
NA,"""Michigan""","""26""","""2017""","""2017""","""Unknown or Not Stated""","""9""",401
NA,"""Michigan""","""26""","""2017""","""2017""","""Not Applicable""","""3""",109688
NA,"""Michigan""","""26""","""2018""","""2018""","""Yes""","""1""",905
NA,"""Michigan""","""26""","""2018""","""2018""","""No""","""2""",328
NA,"""Michigan""","""26""","""2018""","""2018""","""Unknown or Not Stated""","""9""",348
NA,"""Michigan""","""26""","""2018""","""2018""","""Not Applicable""","""3""",108451
NA,"""Michigan""","""26""","""2019""","""2019""","""Yes""","""1""",1110
NA,"""Michigan""","""26""","""2019""","""2019""","""No""","""2""",364
NA,"""Michigan""","""26""","""2019""","""2019""","""Unknown or Not Stated""","""9""",267
NA,"""Michigan""","""26""","""2019""","""2019""","""Not Applicable""","""3""",106145
NA,"""Michigan""","""26""","""2020""","""2020""","""Yes""","""1""",769
NA,"""Michigan""","""26""","""2020""","""2020""","""No""","""2""",277
NA,"""Michigan""","""26""","""2020""","""2020""","""Unknown or Not Stated""","""9""",191
NA,"""Michigan""","""26""","""2020""","""2020""","""Not Applicable""","""3""",102837
NA,"""Michigan""","""26""","""2021""","""2021""","""Yes""","""1""",780
NA,"""Michigan""","""26""","""2021""","""2021""","""No""","""2""",226
NA,"""Michigan""","""26""","""2021""","""2021""","""Unknown or Not Stated""","""9""",145
NA,"""Michigan""","""26""","""2021""","""2021""","""Not Applicable""","""3""",103829
NA,"""Minnesota""","""27""","""2016""","""2016""","""Yes""","""1""",807
NA,"""Minnesota""","""27""","""2016""","""2016""","""No""","""2""",615
NA,"""Minnesota""","""27""","""2016""","""2016""","""Unknown or Not Stated""","""9""",90
NA,"""Minnesota""","""27""","""2016""","""2016""","""Not Applicable""","""3""",68237
NA,"""Minnesota""","""27""","""2017""","""2017""","""Yes""","""1""",929
NA,"""Minnesota""","""27""","""2017""","""2017""","""No""","""2""",637
NA,"""Minnesota""","""27""","""2017""","""2017""","""Unknown or Not Stated""","""9""",136
NA,"""Minnesota""","""27""","""2017""","""2017""","""Not Applicable""","""3""",66893
NA,"""Minnesota""","""27""","""2018""","""2018""","""Yes""","""1""",1061
NA,"""Minnesota""","""27""","""2018""","""2018""","""No""","""2""",567
NA,"""Minnesota""","""27""","""2018""","""2018""","""Unknown or Not Stated""","""9""",65
NA,"""Minnesota""","""27""","""2018""","""2018""","""Not Applicable""","""3""",65651
NA,"""Minnesota""","""27""","""2019""","""2019""","""Yes""","""1""",1207
NA,"""Minnesota""","""27""","""2019""","""2019""","""No""","""2""",595
NA,"""Minnesota""","""27""","""2019""","""2019""","""Unknown or Not Stated""","""9""",101
NA,"""Minnesota""","""27""","""2019""","""2019""","""Not Applicable""","""3""",64124
NA,"""Minnesota""","""27""","""2020""","""2020""","""Yes""","""1""",1169
NA,"""Minnesota""","""27""","""2020""","""2020""","""No""","""2""",611
NA,"""Minnesota""","""27""","""2020""","""2020""","""Unknown or Not Stated""","""9""",73
NA,"""Minnesota""","""27""","""2020""","""2020""","""Not Applicable""","""3""",61590
NA,"""Minnesota""","""27""","""2021""","""2021""","""Yes""","""1""",1445
NA,"""Minnesota""","""27""","""2021""","""2021""","""No""","""2""",513
NA,"""Minnesota""","""27""","""2021""","""2021""","""Unknown or Not Stated""","""9""",64
NA,"""Minnesota""","""27""","""2021""","""2021""","""Not Applicable""","""3""",62403
NA,"""Mississippi""","""28""","""2016""","""2016""","""Yes""","""1""",91
NA,"""Mississippi""","""28""","""2016""","""2016""","""No""","""2""",117
NA,"""Mississippi""","""28""","""2016""","""2016""","""Unknown or Not Stated""","""9""",28
NA,"""Mississippi""","""28""","""2016""","""2016""","""Not Applicable""","""3""",37692
NA,"""Mississippi""","""28""","""2017""","""2017""","""Yes""","""1""",90
NA,"""Mississippi""","""28""","""2017""","""2017""","""No""","""2""",120
NA,"""Mississippi""","""28""","""2017""","""2017""","""Unknown or Not Stated""","""9""",34
NA,"""Mississippi""","""28""","""2017""","""2017""","""Not Applicable""","""3""",37113
NA,"""Mississippi""","""28""","""2018""","""2018""","""Yes""","""1""",99
NA,"""Mississippi""","""28""","""2018""","""2018""","""No""","""2""",115
NA,"""Mississippi""","""28""","""2018""","""2018""","""Unknown or Not Stated""","""9""",40
NA,"""Mississippi""","""28""","""2018""","""2018""","""Not Applicable""","""3""",36746
NA,"""Mississippi""","""28""","""2019""","""2019""","""Yes""","""1""",131
NA,"""Mississippi""","""28""","""2019""","""2019""","""No""","""2""",107
NA,"""Mississippi""","""28""","""2019""","""2019""","""Unknown or Not Stated""","""9""",18
NA,"""Mississippi""","""28""","""2019""","""2019""","""Not Applicable""","""3""",36380
NA,"""Mississippi""","""28""","""2020""","""2020""","""Yes""","""1""",142
NA,"""Mississippi""","""28""","""2020""","""2020""","""No""","""2""",93
NA,"""Mississippi""","""28""","""2020""","""2020""","""Unknown or Not Stated""","""9""",12
NA,"""Mississippi""","""28""","""2020""","""2020""","""Not Applicable""","""3""",35226
NA,"""Mississippi""","""28""","""2021""","""2021""","""Yes""","""1""",150
NA,"""Mississippi""","""28""","""2021""","""2021""","""No""","""2""",115
NA,"""Mississippi""","""28""","""2021""","""2021""","""Unknown or Not Stated""","""9""",16
NA,"""Mississippi""","""28""","""2021""","""2021""","""Not Applicable""","""3""",34875
NA,"""Missouri""","""29""","""2016""","""2016""","""Yes""","""1""",338
NA,"""Missouri""","""29""","""2016""","""2016""","""No""","""2""",642
NA,"""Missouri""","""29""","""2016""","""2016""","""Unknown or Not Stated""","""9""",85
NA,"""Missouri""","""29""","""2016""","""2016""","""Not Applicable""","""3""",73640
NA,"""Missouri""","""29""","""2017""","""2017""","""Yes""","""1""",379
NA,"""Missouri""","""29""","""2017""","""2017""","""No""","""2""",673
NA,"""Missouri""","""29""","""2017""","""2017""","""Unknown or Not Stated""","""9""",116
NA,"""Missouri""","""29""","""2017""","""2017""","""Not Applicable""","""3""",71866
NA,"""Missouri""","""29""","""2018""","""2018""","""Yes""","""1""",456
NA,"""Missouri""","""29""","""2018""","""2018""","""No""","""2""",707
NA,"""Missouri""","""29""","""2018""","""2018""","""Unknown or Not Stated""","""9""",99
NA,"""Missouri""","""29""","""2018""","""2018""","""Not Applicable""","""3""",72007
NA,"""Missouri""","""29""","""2019""","""2019""","""Yes""","""1""",518
NA,"""Missouri""","""29""","""2019""","""2019""","""No""","""2""",684
NA,"""Missouri""","""29""","""2019""","""2019""","""Unknown or Not Stated""","""9""",86
NA,"""Missouri""","""29""","""2019""","""2019""","""Not Applicable""","""3""",70839
NA,"""Missouri""","""29""","""2020""","""2020""","""Yes""","""1""",481
NA,"""Missouri""","""29""","""2020""","""2020""","""No""","""2""",630
NA,"""Missouri""","""29""","""2020""","""2020""","""Unknown or Not Stated""","""9""",67
NA,"""Missouri""","""29""","""2020""","""2020""","""Not Applicable""","""3""",68107
NA,"""Missouri""","""29""","""2021""","""2021""","""Yes""","""1""",625
NA,"""Missouri""","""29""","""2021""","""2021""","""No""","""2""",685
NA,"""Missouri""","""29""","""2021""","""2021""","""Unknown or Not Stated""","""9""",81
NA,"""Missouri""","""29""","""2021""","""2021""","""Not Applicable""","""3""",68062
NA,"""Montana""","""30""","""2016""","""2016""","""Yes""","""1""",120
NA,"""Montana""","""30""","""2016""","""2016""","""No""","""2""",67
NA,"""Montana""","""30""","""2016""","""2016""","""Unknown or Not Stated""","""9""",15
NA,"""Montana""","""30""","""2016""","""2016""","""Not Applicable""","""3""",12080
NA,"""Montana""","""30""","""2017""","""2017""","""Yes""","""1""",126
NA,"""Montana""","""30""","""2017""","""2017""","""No""","""2""",67
NA,"""Montana""","""30""","""2017""","""2017""","""Unknown or Not Stated""","""9""",11
NA,"""Montana""","""30""","""2017""","""2017""","""Not Applicable""","""3""",11595
NA,"""Montana""","""30""","""2018""","""2018""","""Yes""","""1""",124
NA,"""Montana""","""30""","""2018""","""2018""","""No""","""2""",66
NA,"""Montana""","""30""","""2018""","""2018""","""Not Applicable""","""3""",11314
NA,"""Montana""","""30""","""2019""","""2019""","""Yes""","""1""",121
NA,"""Montana""","""30""","""2019""","""2019""","""No""","""2""",98
NA,"""Montana""","""30""","""2019""","""2019""","""Not Applicable""","""3""",10856
NA,"""Montana""","""30""","""2020""","""2020""","""Yes""","""1""",113
NA,"""Montana""","""30""","""2020""","""2020""","""No""","""2""",75
NA,"""Montana""","""30""","""2020""","""2020""","""Not Applicable""","""3""",10596
NA,"""Montana""","""30""","""2021""","""2021""","""Yes""","""1""",146
NA,"""Montana""","""30""","""2021""","""2021""","""No""","""2""",84
NA,"""Montana""","""30""","""2021""","""2021""","""Not Applicable""","""3""",11000
NA,"""Nebraska""","""31""","""2016""","""2016""","""Yes""","""1""",352
NA,"""Nebraska""","""31""","""2016""","""2016""","""No""","""2""",206
NA,"""Nebraska""","""31""","""2016""","""2016""","""Unknown or Not Stated""","""9""",39
NA,"""Nebraska""","""31""","""2016""","""2016""","""Not Applicable""","""3""",25992
NA,"""Nebraska""","""31""","""2017""","""2017""","""Yes""","""1""",377
NA,"""Nebraska""","""31""","""2017""","""2017""","""No""","""2""",168
NA,"""Nebraska""","""31""","""2017""","""2017""","""Unknown or Not Stated""","""9""",32
NA,"""Nebraska""","""31""","""2017""","""2017""","""Not Applicable""","""3""",25244
NA,"""Nebraska""","""31""","""2018""","""2018""","""Yes""","""1""",383
NA,"""Nebraska""","""31""","""2018""","""2018""","""No""","""2""",170
NA,"""Nebraska""","""31""","""2018""","""2018""","""Unknown or Not Stated""","""9""",30
NA,"""Nebraska""","""31""","""2018""","""2018""","""Not Applicable""","""3""",24905
NA,"""Nebraska""","""31""","""2019""","""2019""","""Yes""","""1""",409
NA,"""Nebraska""","""31""","""2019""","""2019""","""No""","""2""",246
NA,"""Nebraska""","""31""","""2019""","""2019""","""Unknown or Not Stated""","""9""",40
NA,"""Nebraska""","""31""","""2019""","""2019""","""Not Applicable""","""3""",24060
NA,"""Nebraska""","""31""","""2020""","""2020""","""Yes""","""1""",317
NA,"""Nebraska""","""31""","""2020""","""2020""","""No""","""2""",210
NA,"""Nebraska""","""31""","""2020""","""2020""","""Unknown or Not Stated""","""9""",107
NA,"""Nebraska""","""31""","""2020""","""2020""","""Not Applicable""","""3""",23657
NA,"""Nebraska""","""31""","""2021""","""2021""","""Yes""","""1""",395
NA,"""Nebraska""","""31""","""2021""","""2021""","""No""","""2""",224
NA,"""Nebraska""","""31""","""2021""","""2021""","""Unknown or Not Stated""","""9""",87
NA,"""Nebraska""","""31""","""2021""","""2021""","""Not Applicable""","""3""",23903
NA,"""Nevada""","""32""","""2016""","""2016""","""Yes""","""1""",405
NA,"""Nevada""","""32""","""2016""","""2016""","""No""","""2""",179
NA,"""Nevada""","""32""","""2016""","""2016""","""Not Applicable""","""3""",35673
NA,"""Nevada""","""32""","""2017""","""2017""","""Yes""","""1""",355
NA,"""Nevada""","""32""","""2017""","""2017""","""No""","""2""",177
NA,"""Nevada""","""32""","""2017""","""2017""","""Not Applicable""","""3""",35219
NA,"""Nevada""","""32""","""2018""","""2018""","""Yes""","""1""",372
NA,"""Nevada""","""32""","""2018""","""2018""","""No""","""2""",193
NA,"""Nevada""","""32""","""2018""","""2018""","""Not Applicable""","""3""",35113
NA,"""Nevada""","""32""","""2019""","""2019""","""Yes""","""1""",461
NA,"""Nevada""","""32""","""2019""","""2019""","""No""","""2""",156
NA,"""Nevada""","""32""","""2019""","""2019""","""Not Applicable""","""3""",34449
NA,"""Nevada""","""32""","""2020""","""2020""","""Yes""","""1""",499
NA,"""Nevada""","""32""","""2020""","""2020""","""No""","""2""",152
NA,"""Nevada""","""32""","""2020""","""2020""","""Not Applicable""","""3""",32998
NA,"""Nevada""","""32""","""2021""","""2021""","""Yes""","""1""",575
NA,"""Nevada""","""32""","""2021""","""2021""","""No""","""2""",196
NA,"""Nevada""","""32""","""2021""","""2021""","""Not Applicable""","""3""",32911
NA,"""New Hampshire""","""33""","""2016""","""2016""","""Not Reported""","""10""",12267
NA,"""New Hampshire""","""33""","""2017""","""2017""","""Yes""","""1""",246
NA,"""New Hampshire""","""33""","""2017""","""2017""","""No""","""2""",86
NA,"""New Hampshire""","""33""","""2017""","""2017""","""Unknown or Not Stated""","""9""",56
NA,"""New Hampshire""","""33""","""2017""","""2017""","""Not Applicable""","""3""",11728
NA,"""New Hampshire""","""33""","""2018""","""2018""","""Yes""","""1""",329
NA,"""New Hampshire""","""33""","""2018""","""2018""","""No""","""2""",78
NA,"""New Hampshire""","""33""","""2018""","""2018""","""Unknown or Not Stated""","""9""",50
NA,"""New Hampshire""","""33""","""2018""","""2018""","""Not Applicable""","""3""",11538
NA,"""New Hampshire""","""33""","""2019""","""2019""","""Yes""","""1""",289
NA,"""New Hampshire""","""33""","""2019""","""2019""","""No""","""2""",64
NA,"""New Hampshire""","""33""","""2019""","""2019""","""Unknown or Not Stated""","""9""",48
NA,"""New Hampshire""","""33""","""2019""","""2019""","""Not Applicable""","""3""",11438
NA,"""New Hampshire""","""33""","""2020""","""2020""","""Yes""","""1""",339
NA,"""New Hampshire""","""33""","""2020""","""2020""","""No""","""2""",104
NA,"""New Hampshire""","""33""","""2020""","""2020""","""Unknown or Not Stated""","""9""",45
NA,"""New Hampshire""","""33""","""2020""","""2020""","""Not Applicable""","""3""",11303
NA,"""New Hampshire""","""33""","""2021""","""2021""","""Yes""","""1""",382
NA,"""New Hampshire""","""33""","""2021""","""2021""","""No""","""2""",100
NA,"""New Hampshire""","""33""","""2021""","""2021""","""Unknown or Not Stated""","""9""",46
NA,"""New Hampshire""","""33""","""2021""","""2021""","""Not Applicable""","""3""",12097
NA,"""New Jersey""","""34""","""2016""","""2016""","""Yes""","""1""",2754
NA,"""New Jersey""","""34""","""2016""","""2016""","""No""","""2""",764
NA,"""New Jersey""","""34""","""2016""","""2016""","""Unknown or Not Stated""","""9""",340
NA,"""New Jersey""","""34""","""2016""","""2016""","""Not Applicable""","""3""",98789
NA,"""New Jersey""","""34""","""2017""","""2017""","""Yes""","""1""",3076
NA,"""New Jersey""","""34""","""2017""","""2017""","""No""","""2""",1093
NA,"""New Jersey""","""34""","""2017""","""2017""","""Unknown or Not Stated""","""9""",16
NA,"""New Jersey""","""34""","""2017""","""2017""","""Not Applicable""","""3""",97065
NA,"""New Jersey""","""34""","""2018""","""2018""","""Yes""","""1""",3200
NA,"""New Jersey""","""34""","""2018""","""2018""","""No""","""2""",1062
NA,"""New Jersey""","""34""","""2018""","""2018""","""Unknown or Not Stated""","""9""",14
NA,"""New Jersey""","""34""","""2018""","""2018""","""Not Applicable""","""3""",96947
NA,"""New Jersey""","""34""","""2019""","""2019""","""Yes""","""1""",3431
NA,"""New Jersey""","""34""","""2019""","""2019""","""No""","""2""",1050
NA,"""New Jersey""","""34""","""2019""","""2019""","""Unknown or Not Stated""","""9""",17
NA,"""New Jersey""","""34""","""2019""","""2019""","""Not Applicable""","""3""",95087
NA,"""New Jersey""","""34""","""2020""","""2020""","""Yes""","""1""",3359
NA,"""New Jersey""","""34""","""2020""","""2020""","""No""","""2""",974
NA,"""New Jersey""","""34""","""2020""","""2020""","""Unknown or Not Stated""","""9""",13
NA,"""New Jersey""","""34""","""2020""","""2020""","""Not Applicable""","""3""",93608
NA,"""New Jersey""","""34""","""2021""","""2021""","""Yes""","""1""",3926
NA,"""New Jersey""","""34""","""2021""","""2021""","""No""","""2""",750
NA,"""New Jersey""","""34""","""2021""","""2021""","""Unknown or Not Stated""","""9""",107
NA,"""New Jersey""","""34""","""2021""","""2021""","""Not Applicable""","""3""",96714
NA,"""New Mexico""","""35""","""2016""","""2016""","""Yes""","""1""",71
NA,"""New Mexico""","""35""","""2016""","""2016""","""No""","""2""",32
NA,"""New Mexico""","""35""","""2016""","""2016""","""Not Applicable""","""3""",24588
NA,"""New Mexico""","""35""","""2017""","""2017""","""Yes""","""1""",84
NA,"""New Mexico""","""35""","""2017""","""2017""","""No""","""2""",48
NA,"""New Mexico""","""35""","""2017""","""2017""","""Not Applicable""","""3""",23635
NA,"""New Mexico""","""35""","""2018""","""2018""","""Yes""","""1""",105
NA,"""New Mexico""","""35""","""2018""","""2018""","""No""","""2""",39
NA,"""New Mexico""","""35""","""2018""","""2018""","""Not Applicable""","""3""",22895
NA,"""New Mexico""","""35""","""2019""","""2019""","""Yes""","""1""",90
NA,"""New Mexico""","""35""","""2019""","""2019""","""No""","""2""",34
NA,"""New Mexico""","""35""","""2019""","""2019""","""Not Applicable""","""3""",22831
NA,"""New Mexico""","""35""","""2020""","""2020""","""Yes""","""1""",86
NA,"""New Mexico""","""35""","""2020""","""2020""","""No""","""2""",31
NA,"""New Mexico""","""35""","""2020""","""2020""","""Not Applicable""","""3""",21784
NA,"""New Mexico""","""35""","""2021""","""2021""","""Yes""","""1""",110
NA,"""New Mexico""","""35""","""2021""","""2021""","""No""","""2""",32
NA,"""New Mexico""","""35""","""2021""","""2021""","""Not Applicable""","""3""",21247
NA,"""New York""","""36""","""2016""","""2016""","""Yes""","""1""",3635
NA,"""New York""","""36""","""2016""","""2016""","""No""","""2""",1834
NA,"""New York""","""36""","""2016""","""2016""","""Unknown or Not Stated""","""9""",539
NA,"""New York""","""36""","""2016""","""2016""","""Not Applicable""","""3""",228275
NA,"""New York""","""36""","""2017""","""2017""","""Yes""","""1""",4232
NA,"""New York""","""36""","""2017""","""2017""","""No""","""2""",1838
NA,"""New York""","""36""","""2017""","""2017""","""Unknown or Not Stated""","""9""",611
NA,"""New York""","""36""","""2017""","""2017""","""Not Applicable""","""3""",223056
NA,"""New York""","""36""","""2018""","""2018""","""Yes""","""1""",4384
NA,"""New York""","""36""","""2018""","""2018""","""No""","""2""",1986
NA,"""New York""","""36""","""2018""","""2018""","""Unknown or Not Stated""","""9""",714
NA,"""New York""","""36""","""2018""","""2018""","""Not Applicable""","""3""",219154
NA,"""New York""","""36""","""2019""","""2019""","""Yes""","""1""",4486
NA,"""New York""","""36""","""2019""","""2019""","""No""","""2""",1822
NA,"""New York""","""36""","""2019""","""2019""","""Unknown or Not Stated""","""9""",677
NA,"""New York""","""36""","""2019""","""2019""","""Not Applicable""","""3""",214554
NA,"""New York""","""36""","""2020""","""2020""","""Yes""","""1""",4382
NA,"""New York""","""36""","""2020""","""2020""","""No""","""2""",1662
NA,"""New York""","""36""","""2020""","""2020""","""Unknown or Not Stated""","""9""",572
NA,"""New York""","""36""","""2020""","""2020""","""Not Applicable""","""3""",202722
NA,"""New York""","""36""","""2021""","""2021""","""Yes""","""1""",5035
NA,"""New York""","""36""","""2021""","""2021""","""No""","""2""",1563
NA,"""New York""","""36""","""2021""","""2021""","""Unknown or Not Stated""","""9""",640
NA,"""New York""","""36""","""2021""","""2021""","""Not Applicable""","""3""",203504
NA,"""North Carolina""","""37""","""2016""","""2016""","""Yes""","""1""",659
NA,"""North Carolina""","""37""","""2016""","""2016""","""No""","""2""",417
NA,"""North Carolina""","""37""","""2016""","""2016""","""Unknown or Not Stated""","""9""",17
NA,"""North Carolina""","""37""","""2016""","""2016""","""Not Applicable""","""3""",119686
NA,"""North Carolina""","""37""","""2017""","""2017""","""Yes""","""1""",754
NA,"""North Carolina""","""37""","""2017""","""2017""","""No""","""2""",571
NA,"""North Carolina""","""37""","""2017""","""2017""","""Unknown or Not Stated""","""9""",15
NA,"""North Carolina""","""37""","""2017""","""2017""","""Not Applicable""","""3""",118785
NA,"""North Carolina""","""37""","""2018""","""2018""","""Yes""","""1""",679
NA,"""North Carolina""","""37""","""2018""","""2018""","""No""","""2""",544
NA,"""North Carolina""","""37""","""2018""","""2018""","""Unknown or Not Stated""","""9""",32
NA,"""North Carolina""","""37""","""2018""","""2018""","""Not Applicable""","""3""",117699
NA,"""North Carolina""","""37""","""2019""","""2019""","""Yes""","""1""",699
NA,"""North Carolina""","""37""","""2019""","""2019""","""No""","""2""",476
NA,"""North Carolina""","""37""","""2019""","""2019""","""Unknown or Not Stated""","""9""",11
NA,"""North Carolina""","""37""","""2019""","""2019""","""Not Applicable""","""3""",117539
NA,"""North Carolina""","""37""","""2020""","""2020""","""Yes""","""1""",820
NA,"""North Carolina""","""37""","""2020""","""2020""","""No""","""2""",448
NA,"""North Carolina""","""37""","""2020""","""2020""","""Unknown or Not Stated""","""9""",14
NA,"""North Carolina""","""37""","""2020""","""2020""","""Not Applicable""","""3""",115448
NA,"""North Carolina""","""37""","""2021""","""2021""","""Yes""","""1""",933
NA,"""North Carolina""","""37""","""2021""","""2021""","""No""","""2""",412
NA,"""North Carolina""","""37""","""2021""","""2021""","""Unknown or Not Stated""","""9""",29
NA,"""North Carolina""","""37""","""2021""","""2021""","""Not Applicable""","""3""",119092
NA,"""North Dakota""","""38""","""2016""","""2016""","""Yes""","""1""",65
NA,"""North Dakota""","""38""","""2016""","""2016""","""No""","""2""",82
NA,"""North Dakota""","""38""","""2016""","""2016""","""Not Applicable""","""3""",11236
NA,"""North Dakota""","""38""","""2017""","""2017""","""Yes""","""1""",85
NA,"""North Dakota""","""38""","""2017""","""2017""","""No""","""2""",84
NA,"""North Dakota""","""38""","""2017""","""2017""","""Not Applicable""","""3""",10565
NA,"""North Dakota""","""38""","""2018""","""2018""","""Yes""","""1""",82
NA,"""North Dakota""","""38""","""2018""","""2018""","""No""","""2""",65
NA,"""North Dakota""","""38""","""2018""","""2018""","""Not Applicable""","""3""",10487
NA,"""North Dakota""","""38""","""2019""","""2019""","""Yes""","""1""",104
NA,"""North Dakota""","""38""","""2019""","""2019""","""No""","""2""",91
NA,"""North Dakota""","""38""","""2019""","""2019""","""Not Applicable""","""3""",10259
NA,"""North Dakota""","""38""","""2020""","""2020""","""Yes""","""1""",95
NA,"""North Dakota""","""38""","""2020""","""2020""","""No""","""2""",80
NA,"""North Dakota""","""38""","""2020""","""2020""","""Not Applicable""","""3""",9884
NA,"""North Dakota""","""38""","""2021""","""2021""","""Yes""","""1""",118
NA,"""North Dakota""","""38""","""2021""","""2021""","""No""","""2""",89
NA,"""North Dakota""","""38""","""2021""","""2021""","""Not Applicable""","""3""",9905
NA,"""Ohio""","""39""","""2016""","""2016""","""Yes""","""1""",1238
NA,"""Ohio""","""39""","""2016""","""2016""","""No""","""2""",1678
NA,"""Ohio""","""39""","""2016""","""2016""","""Unknown or Not Stated""","""9""",36
NA,"""Ohio""","""39""","""2016""","""2016""","""Not Applicable""","""3""",135133
NA,"""Ohio""","""39""","""2017""","""2017""","""Yes""","""1""",1350
NA,"""Ohio""","""39""","""2017""","""2017""","""No""","""2""",1638
NA,"""Ohio""","""39""","""2017""","""2017""","""Unknown or Not Stated""","""9""",22
NA,"""Ohio""","""39""","""2017""","""2017""","""Not Applicable""","""3""",133822
NA,"""Ohio""","""39""","""2018""","""2018""","""Yes""","""1""",1321
NA,"""Ohio""","""39""","""2018""","""2018""","""No""","""2""",1544
NA,"""Ohio""","""39""","""2018""","""2018""","""Unknown or Not Stated""","""9""",20
NA,"""Ohio""","""39""","""2018""","""2018""","""Not Applicable""","""3""",132249
NA,"""Ohio""","""39""","""2019""","""2019""","""Yes""","""1""",1359
NA,"""Ohio""","""39""","""2019""","""2019""","""No""","""2""",1495
NA,"""Ohio""","""39""","""2019""","""2019""","""Unknown or Not Stated""","""9""",24
NA,"""Ohio""","""39""","""2019""","""2019""","""Not Applicable""","""3""",131583
NA,"""Ohio""","""39""","""2020""","""2020""","""Yes""","""1""",1303
NA,"""Ohio""","""39""","""2020""","""2020""","""No""","""2""",1350
NA,"""Ohio""","""39""","""2020""","""2020""","""Unknown or Not Stated""","""9""",23
NA,"""Ohio""","""39""","""2020""","""2020""","""Not Applicable""","""3""",126515
NA,"""Ohio""","""39""","""2021""","""2021""","""Yes""","""1""",1513
NA,"""Ohio""","""39""","""2021""","""2021""","""No""","""2""",1311
NA,"""Ohio""","""39""","""2021""","""2021""","""Unknown or Not Stated""","""9""",25
NA,"""Ohio""","""39""","""2021""","""2021""","""Not Applicable""","""3""",126942
NA,"""Oklahoma""","""40""","""2016""","""2016""","""Yes""","""1""",183
NA,"""Oklahoma""","""40""","""2016""","""2016""","""No""","""2""",176
NA,"""Oklahoma""","""40""","""2016""","""2016""","""Unknown or Not Stated""","""9""",32
NA,"""Oklahoma""","""40""","""2016""","""2016""","""Not Applicable""","""3""",52201
NA,"""Oklahoma""","""40""","""2017""","""2017""","""Yes""","""1""",203
NA,"""Oklahoma""","""40""","""2017""","""2017""","""No""","""2""",200
NA,"""Oklahoma""","""40""","""2017""","""2017""","""Unknown or Not Stated""","""9""",50
NA,"""Oklahoma""","""40""","""2017""","""2017""","""Not Applicable""","""3""",49761
NA,"""Oklahoma""","""40""","""2018""","""2018""","""Yes""","""1""",251
NA,"""Oklahoma""","""40""","""2018""","""2018""","""No""","""2""",235
NA,"""Oklahoma""","""40""","""2018""","""2018""","""Unknown or Not Stated""","""9""",16
NA,"""Oklahoma""","""40""","""2018""","""2018""","""Not Applicable""","""3""",49298
NA,"""Oklahoma""","""40""","""2019""","""2019""","""Yes""","""1""",267
NA,"""Oklahoma""","""40""","""2019""","""2019""","""No""","""2""",277
NA,"""Oklahoma""","""40""","""2019""","""2019""","""Unknown or Not Stated""","""9""",23
NA,"""Oklahoma""","""40""","""2019""","""2019""","""Not Applicable""","""3""",48576
NA,"""Oklahoma""","""40""","""2020""","""2020""","""Yes""","""1""",289
NA,"""Oklahoma""","""40""","""2020""","""2020""","""No""","""2""",303
NA,"""Oklahoma""","""40""","""2020""","""2020""","""Unknown or Not Stated""","""9""",17
NA,"""Oklahoma""","""40""","""2020""","""2020""","""Not Applicable""","""3""",47014
NA,"""Oklahoma""","""40""","""2021""","""2021""","""Yes""","""1""",328
NA,"""Oklahoma""","""40""","""2021""","""2021""","""No""","""2""",282
NA,"""Oklahoma""","""40""","""2021""","""2021""","""Unknown or Not Stated""","""9""",31
NA,"""Oklahoma""","""40""","""2021""","""2021""","""Not Applicable""","""3""",47769
NA,"""Oregon""","""41""","""2016""","""2016""","""Yes""","""1""",865
NA,"""Oregon""","""41""","""2016""","""2016""","""No""","""2""",196
NA,"""Oregon""","""41""","""2016""","""2016""","""Not Applicable""","""3""",44469
NA,"""Oregon""","""41""","""2017""","""2017""","""Yes""","""1""",998
NA,"""Oregon""","""41""","""2017""","""2017""","""No""","""2""",202
NA,"""Oregon""","""41""","""2017""","""2017""","""Not Applicable""","""3""",42431
NA,"""Oregon""","""41""","""2018""","""2018""","""Yes""","""1""",1071
NA,"""Oregon""","""41""","""2018""","""2018""","""No""","""2""",203
NA,"""Oregon""","""41""","""2018""","""2018""","""Not Applicable""","""3""",40914
NA,"""Oregon""","""41""","""2019""","""2019""","""Yes""","""1""",1072
NA,"""Oregon""","""41""","""2019""","""2019""","""No""","""2""",211
NA,"""Oregon""","""41""","""2019""","""2019""","""Not Applicable""","""3""",40571
NA,"""Oregon""","""41""","""2020""","""2020""","""Yes""","""1""",932
NA,"""Oregon""","""41""","""2020""","""2020""","""No""","""2""",204
NA,"""Oregon""","""41""","""2020""","""2020""","""Not Applicable""","""3""",38682
NA,"""Oregon""","""41""","""2021""","""2021""","""Yes""","""1""",1121
NA,"""Oregon""","""41""","""2021""","""2021""","""No""","""2""",173
NA,"""Oregon""","""41""","""2021""","""2021""","""Not Applicable""","""3""",39620
NA,"""Pennsylvania""","""42""","""2016""","""2016""","""Yes""","""1""",1340
NA,"""Pennsylvania""","""42""","""2016""","""2016""","""No""","""2""",755
NA,"""Pennsylvania""","""42""","""2016""","""2016""","""Unknown or Not Stated""","""9""",520
NA,"""Pennsylvania""","""42""","""2016""","""2016""","""Not Applicable""","""3""",136794
NA,"""Pennsylvania""","""42""","""2017""","""2017""","""Yes""","""1""",1374
NA,"""Pennsylvania""","""42""","""2017""","""2017""","""No""","""2""",742
NA,"""Pennsylvania""","""42""","""2017""","""2017""","""Unknown or Not Stated""","""9""",555
NA,"""Pennsylvania""","""42""","""2017""","""2017""","""Not Applicable""","""3""",135074
NA,"""Pennsylvania""","""42""","""2018""","""2018""","""Yes""","""1""",1439
NA,"""Pennsylvania""","""42""","""2018""","""2018""","""No""","""2""",715
NA,"""Pennsylvania""","""42""","""2018""","""2018""","""Unknown or Not Stated""","""9""",491
NA,"""Pennsylvania""","""42""","""2018""","""2018""","""Not Applicable""","""3""",133028
NA,"""Pennsylvania""","""42""","""2019""","""2019""","""Yes""","""1""",1487
NA,"""Pennsylvania""","""42""","""2019""","""2019""","""No""","""2""",640
NA,"""Pennsylvania""","""42""","""2019""","""2019""","""Unknown or Not Stated""","""9""",501
NA,"""Pennsylvania""","""42""","""2019""","""2019""","""Not Applicable""","""3""",131602
NA,"""Pennsylvania""","""42""","""2020""","""2020""","""Yes""","""1""",1593
NA,"""Pennsylvania""","""42""","""2020""","""2020""","""No""","""2""",630
NA,"""Pennsylvania""","""42""","""2020""","""2020""","""Unknown or Not Stated""","""9""",515
NA,"""Pennsylvania""","""42""","""2020""","""2020""","""Not Applicable""","""3""",127955
NA,"""Pennsylvania""","""42""","""2021""","""2021""","""Yes""","""1""",1974
NA,"""Pennsylvania""","""42""","""2021""","""2021""","""No""","""2""",893
NA,"""Pennsylvania""","""42""","""2021""","""2021""","""Unknown or Not Stated""","""9""",589
NA,"""Pennsylvania""","""42""","""2021""","""2021""","""Not Applicable""","""3""",129166
NA,"""Rhode Island""","""44""","""2016""","""2016""","""Yes""","""1""",126
NA,"""Rhode Island""","""44""","""2016""","""2016""","""No""","""2""",76
NA,"""Rhode Island""","""44""","""2016""","""2016""","""Not Applicable""","""3""",10587
NA,"""Rhode Island""","""44""","""2017""","""2017""","""Yes""","""1""",157
NA,"""Rhode Island""","""44""","""2017""","""2017""","""No""","""2""",67
NA,"""Rhode Island""","""44""","""2017""","""2017""","""Not Applicable""","""3""",10409
NA,"""Rhode Island""","""44""","""2018""","""2018""","""Yes""","""1""",161
NA,"""Rhode Island""","""44""","""2018""","""2018""","""No""","""2""",61
NA,"""Rhode Island""","""44""","""2018""","""2018""","""Not Applicable""","""3""",10276
NA,"""Rhode Island""","""44""","""2019""","""2019""","""Yes""","""1""",155
NA,"""Rhode Island""","""44""","""2019""","""2019""","""No""","""2""",59
NA,"""Rhode Island""","""44""","""2019""","""2019""","""Unknown or Not Stated""","""9""",18
NA,"""Rhode Island""","""44""","""2019""","""2019""","""Not Applicable""","""3""",9943
NA,"""Rhode Island""","""44""","""2020""","""2020""","""Yes""","""1""",134
NA,"""Rhode Island""","""44""","""2020""","""2020""","""No""","""2""",65
NA,"""Rhode Island""","""44""","""2020""","""2020""","""Unknown or Not Stated""","""9""",19
NA,"""Rhode Island""","""44""","""2020""","""2020""","""Not Applicable""","""3""",9883
NA,"""Rhode Island""","""44""","""2021""","""2021""","""Yes""","""1""",131
NA,"""Rhode Island""","""44""","""2021""","""2021""","""No""","""2""",73
NA,"""Rhode Island""","""44""","""2021""","""2021""","""Unknown or Not Stated""","""9""",16
NA,"""Rhode Island""","""44""","""2021""","""2021""","""Not Applicable""","""3""",10244
NA,"""South Carolina""","""45""","""2016""","""2016""","""Not Reported""","""10""",57342
NA,"""South Carolina""","""45""","""2017""","""2017""","""Not Reported""","""10""",57029
NA,"""South Carolina""","""45""","""2018""","""2018""","""Not Reported""","""10""",56669
NA,"""South Carolina""","""45""","""2019""","""2019""","""Not Reported""","""10""",57038
NA,"""South Carolina""","""45""","""2020""","""2020""","""Not Reported""","""10""",55704
NA,"""South Carolina""","""45""","""2021""","""2021""","""Not Reported""","""10""",57185
NA,"""South Dakota""","""46""","""2016""","""2016""","""Yes""","""1""",70
NA,"""South Dakota""","""46""","""2016""","""2016""","""No""","""2""",170
NA,"""South Dakota""","""46""","""2016""","""2016""","""Not Applicable""","""3""",12034
NA,"""South Dakota""","""46""","""2017""","""2017""","""Yes""","""1""",72
NA,"""South Dakota""","""46""","""2017""","""2017""","""No""","""2""",171
NA,"""South Dakota""","""46""","""2017""","""2017""","""Not Applicable""","""3""",11887
NA,"""South Dakota""","""46""","""2018""","""2018""","""Yes""","""1""",67
NA,"""South Dakota""","""46""","""2018""","""2018""","""No""","""2""",150
NA,"""South Dakota""","""46""","""2018""","""2018""","""Unknown or Not Stated""","""9""",12
NA,"""South Dakota""","""46""","""2018""","""2018""","""Not Applicable""","""3""",11664
NA,"""South Dakota""","""46""","""2019""","""2019""","""Yes""","""1""",78
NA,"""South Dakota""","""46""","""2019""","""2019""","""No""","""2""",170
NA,"""South Dakota""","""46""","""2019""","""2019""","""Not Applicable""","""3""",11198
NA,"""South Dakota""","""46""","""2020""","""2020""","""Yes""","""1""",61
NA,"""South Dakota""","""46""","""2020""","""2020""","""No""","""2""",147
NA,"""South Dakota""","""46""","""2020""","""2020""","""Not Applicable""","""3""",10743
NA,"""South Dakota""","""46""","""2021""","""2021""","""Yes""","""1""",68
NA,"""South Dakota""","""46""","""2021""","""2021""","""No""","""2""",157
NA,"""South Dakota""","""46""","""2021""","""2021""","""Not Applicable""","""3""",11139
NA,"""Tennessee""","""47""","""2016""","""2016""","""Not Reported""","""10""",80807
NA,"""Tennessee""","""47""","""2017""","""2017""","""Not Reported""","""10""",81016
NA,"""Tennessee""","""47""","""2018""","""2018""","""Not Reported""","""10""",80751
NA,"""Tennessee""","""47""","""2019""","""2019""","""Not Reported""","""10""",80450
NA,"""Tennessee""","""47""","""2020""","""2020""","""Yes""","""1""",461
NA,"""Tennessee""","""47""","""2020""","""2020""","""No""","""2""",444
NA,"""Tennessee""","""47""","""2020""","""2020""","""Not Applicable""","""3""",77777
NA,"""Tennessee""","""47""","""2021""","""2021""","""Yes""","""1""",621
NA,"""Tennessee""","""47""","""2021""","""2021""","""No""","""2""",436
NA,"""Tennessee""","""47""","""2021""","""2021""","""Not Applicable""","""3""",80655
NA,"""Texas""","""48""","""2016""","""2016""","""Yes""","""1""",1054
NA,"""Texas""","""48""","""2016""","""2016""","""No""","""2""",2324
NA,"""Texas""","""48""","""2016""","""2016""","""Unknown or Not Stated""","""9""",21
NA,"""Texas""","""48""","""2016""","""2016""","""Not Applicable""","""3""",394648
NA,"""Texas""","""48""","""2017""","""2017""","""Yes""","""1""",1199
NA,"""Texas""","""48""","""2017""","""2017""","""No""","""2""",2229
NA,"""Texas""","""48""","""2017""","""2017""","""Unknown or Not Stated""","""9""",24
NA,"""Texas""","""48""","""2017""","""2017""","""Not Applicable""","""3""",378598
NA,"""Texas""","""48""","""2018""","""2018""","""Yes""","""1""",1304
NA,"""Texas""","""48""","""2018""","""2018""","""No""","""2""",2182
NA,"""Texas""","""48""","""2018""","""2018""","""Unknown or Not Stated""","""9""",50
NA,"""Texas""","""48""","""2018""","""2018""","""Not Applicable""","""3""",375088
NA,"""Texas""","""48""","""2019""","""2019""","""Yes""","""1""",2537
NA,"""Texas""","""48""","""2019""","""2019""","""No""","""2""",1060
NA,"""Texas""","""48""","""2019""","""2019""","""Unknown or Not Stated""","""9""",660
NA,"""Texas""","""48""","""2019""","""2019""","""Not Applicable""","""3""",373342
NA,"""Texas""","""48""","""2020""","""2020""","""Yes""","""1""",2688
NA,"""Texas""","""48""","""2020""","""2020""","""No""","""2""",1010
NA,"""Texas""","""48""","""2020""","""2020""","""Unknown or Not Stated""","""9""",602
NA,"""Texas""","""48""","""2020""","""2020""","""Not Applicable""","""3""",363890
NA,"""Texas""","""48""","""2021""","""2021""","""Yes""","""1""",3072
NA,"""Texas""","""48""","""2021""","""2021""","""No""","""2""",969
NA,"""Texas""","""48""","""2021""","""2021""","""Unknown or Not Stated""","""9""",692
NA,"""Texas""","""48""","""2021""","""2021""","""Not Applicable""","""3""",368861
NA,"""Utah""","""49""","""2016""","""2016""","""Yes""","""1""",930
NA,"""Utah""","""49""","""2016""","""2016""","""No""","""2""",1671
NA,"""Utah""","""49""","""2016""","""2016""","""Unknown or Not Stated""","""9""",392
NA,"""Utah""","""49""","""2016""","""2016""","""Not Applicable""","""3""",47471
NA,"""Utah""","""49""","""2017""","""2017""","""Yes""","""1""",925
NA,"""Utah""","""49""","""2017""","""2017""","""No""","""2""",1775
NA,"""Utah""","""49""","""2017""","""2017""","""Unknown or Not Stated""","""9""",501
NA,"""Utah""","""49""","""2017""","""2017""","""Not Applicable""","""3""",45384
NA,"""Utah""","""49""","""2018""","""2018""","""Yes""","""1""",1061
NA,"""Utah""","""49""","""2018""","""2018""","""No""","""2""",1861
NA,"""Utah""","""49""","""2018""","""2018""","""Unknown or Not Stated""","""9""",410
NA,"""Utah""","""49""","""2018""","""2018""","""Not Applicable""","""3""",43877
NA,"""Utah""","""49""","""2019""","""2019""","""Yes""","""1""",1007
NA,"""Utah""","""49""","""2019""","""2019""","""No""","""2""",1881
NA,"""Utah""","""49""","""2019""","""2019""","""Unknown or Not Stated""","""9""",420
NA,"""Utah""","""49""","""2019""","""2019""","""Not Applicable""","""3""",43518
NA,"""Utah""","""49""","""2020""","""2020""","""Yes""","""1""",958
NA,"""Utah""","""49""","""2020""","""2020""","""No""","""2""",1797
NA,"""Utah""","""49""","""2020""","""2020""","""Unknown or Not Stated""","""9""",451
NA,"""Utah""","""49""","""2020""","""2020""","""Not Applicable""","""3""",42496
NA,"""Utah""","""49""","""2021""","""2021""","""Yes""","""1""",1001
NA,"""Utah""","""49""","""2021""","""2021""","""No""","""2""",1845
NA,"""Utah""","""49""","""2021""","""2021""","""Unknown or Not Stated""","""9""",471
NA,"""Utah""","""49""","""2021""","""2021""","""Not Applicable""","""3""",43395
NA,"""Vermont""","""50""","""2016""","""2016""","""Yes""","""1""",100
NA,"""Vermont""","""50""","""2016""","""2016""","""No""","""2""",82
NA,"""Vermont""","""50""","""2016""","""2016""","""Unknown or Not Stated""","""9""",21
NA,"""Vermont""","""50""","""2016""","""2016""","""Not Applicable""","""3""",5553
NA,"""Vermont""","""50""","""2017""","""2017""","""Yes""","""1""",157
NA,"""Vermont""","""50""","""2017""","""2017""","""No""","""2""",63
NA,"""Vermont""","""50""","""2017""","""2017""","""Not Applicable""","""3""",5434
NA,"""Vermont""","""50""","""2018""","""2018""","""Yes""","""1""",155
NA,"""Vermont""","""50""","""2018""","""2018""","""No""","""2""",71
NA,"""Vermont""","""50""","""2018""","""2018""","""Not Applicable""","""3""",5202
NA,"""Vermont""","""50""","""2019""","""2019""","""Yes""","""1""",182
NA,"""Vermont""","""50""","""2019""","""2019""","""No""","""2""",35
NA,"""Vermont""","""50""","""2019""","""2019""","""Not Applicable""","""3""",5138
NA,"""Vermont""","""50""","""2020""","""2020""","""Yes""","""1""",144
NA,"""Vermont""","""50""","""2020""","""2020""","""No""","""2""",36
NA,"""Vermont""","""50""","""2020""","""2020""","""Not Applicable""","""3""",4950
NA,"""Vermont""","""50""","""2021""","""2021""","""Yes""","""1""",185
NA,"""Vermont""","""50""","""2021""","""2021""","""No""","""2""",50
NA,"""Vermont""","""50""","""2021""","""2021""","""Not Applicable""","""3""",5142
NA,"""Virginia""","""51""","""2016""","""2016""","""Yes""","""1""",1039
NA,"""Virginia""","""51""","""2016""","""2016""","""No""","""2""",456
NA,"""Virginia""","""51""","""2016""","""2016""","""Unknown or Not Stated""","""9""",17
NA,"""Virginia""","""51""","""2016""","""2016""","""Not Applicable""","""3""",100948
NA,"""Virginia""","""51""","""2017""","""2017""","""Yes""","""1""",1146
NA,"""Virginia""","""51""","""2017""","""2017""","""No""","""2""",414
NA,"""Virginia""","""51""","""2017""","""2017""","""Unknown or Not Stated""","""9""",18
NA,"""Virginia""","""51""","""2017""","""2017""","""Not Applicable""","""3""",98813
NA,"""Virginia""","""51""","""2018""","""2018""","""Yes""","""1""",1262
NA,"""Virginia""","""51""","""2018""","""2018""","""No""","""2""",439
NA,"""Virginia""","""51""","""2018""","""2018""","""Unknown or Not Stated""","""9""",23
NA,"""Virginia""","""51""","""2018""","""2018""","""Not Applicable""","""3""",98119
NA,"""Virginia""","""51""","""2019""","""2019""","""Yes""","""1""",1321
NA,"""Virginia""","""51""","""2019""","""2019""","""No""","""2""",446
NA,"""Virginia""","""51""","""2019""","""2019""","""Unknown or Not Stated""","""9""",20
NA,"""Virginia""","""51""","""2019""","""2019""","""Not Applicable""","""3""",95642
NA,"""Virginia""","""51""","""2020""","""2020""","""Yes""","""1""",1441
NA,"""Virginia""","""51""","""2020""","""2020""","""No""","""2""",492
NA,"""Virginia""","""51""","""2020""","""2020""","""Not Applicable""","""3""",92811
NA,"""Virginia""","""51""","""2021""","""2021""","""Yes""","""1""",1593
NA,"""Virginia""","""51""","""2021""","""2021""","""No""","""2""",536
NA,"""Virginia""","""51""","""2021""","""2021""","""Not Applicable""","""3""",93691
NA,"""Washington""","""53""","""2016""","""2016""","""Yes""","""1""",1076
NA,"""Washington""","""53""","""2016""","""2016""","""No""","""2""",472
NA,"""Washington""","""53""","""2016""","""2016""","""Unknown or Not Stated""","""9""",583
NA,"""Washington""","""53""","""2016""","""2016""","""Not Applicable""","""3""",88374
NA,"""Washington""","""53""","""2017""","""2017""","""Yes""","""1""",978
NA,"""Washington""","""53""","""2017""","""2017""","""No""","""2""",459
NA,"""Washington""","""53""","""2017""","""2017""","""Unknown or Not Stated""","""9""",633
NA,"""Washington""","""53""","""2017""","""2017""","""Not Applicable""","""3""",85492
NA,"""Washington""","""53""","""2018""","""2018""","""Yes""","""1""",1074
NA,"""Washington""","""53""","""2018""","""2018""","""No""","""2""",458
NA,"""Washington""","""53""","""2018""","""2018""","""Unknown or Not Stated""","""9""",280
NA,"""Washington""","""53""","""2018""","""2018""","""Not Applicable""","""3""",84273
NA,"""Washington""","""53""","""2019""","""2019""","""Yes""","""1""",1233
NA,"""Washington""","""53""","""2019""","""2019""","""No""","""2""",446
NA,"""Washington""","""53""","""2019""","""2019""","""Unknown or Not Stated""","""9""",322
NA,"""Washington""","""53""","""2019""","""2019""","""Not Applicable""","""3""",82894
NA,"""Washington""","""53""","""2020""","""2020""","""Yes""","""1""",1320
NA,"""Washington""","""53""","""2020""","""2020""","""No""","""2""",500
NA,"""Washington""","""53""","""2020""","""2020""","""Unknown or Not Stated""","""9""",836
NA,"""Washington""","""53""","""2020""","""2020""","""Not Applicable""","""3""",80430
NA,"""Washington""","""53""","""2021""","""2021""","""Yes""","""1""",1577
NA,"""Washington""","""53""","""2021""","""2021""","""No""","""2""",431
NA,"""Washington""","""53""","""2021""","""2021""","""Unknown or Not Stated""","""9""",1065
NA,"""Washington""","""53""","""2021""","""2021""","""Not Applicable""","""3""",80838
NA,"""West Virginia""","""54""","""2016""","""2016""","""Yes""","""1""",62
NA,"""West Virginia""","""54""","""2016""","""2016""","""No""","""2""",83
NA,"""West Virginia""","""54""","""2016""","""2016""","""Unknown or Not Stated""","""9""",127
NA,"""West Virginia""","""54""","""2016""","""2016""","""Not Applicable""","""3""",18807
NA,"""West Virginia""","""54""","""2017""","""2017""","""Yes""","""1""",92
NA,"""West Virginia""","""54""","""2017""","""2017""","""No""","""2""",87
NA,"""West Virginia""","""54""","""2017""","""2017""","""Unknown or Not Stated""","""9""",130
NA,"""West Virginia""","""54""","""2017""","""2017""","""Not Applicable""","""3""",18366
NA,"""West Virginia""","""54""","""2018""","""2018""","""Yes""","""1""",72
NA,"""West Virginia""","""54""","""2018""","""2018""","""No""","""2""",79
NA,"""West Virginia""","""54""","""2018""","""2018""","""Unknown or Not Stated""","""9""",126
NA,"""West Virginia""","""54""","""2018""","""2018""","""Not Applicable""","""3""",17971
NA,"""West Virginia""","""54""","""2019""","""2019""","""Yes""","""1""",126
NA,"""West Virginia""","""54""","""2019""","""2019""","""No""","""2""",72
NA,"""West Virginia""","""54""","""2019""","""2019""","""Unknown or Not Stated""","""9""",180
NA,"""West Virginia""","""54""","""2019""","""2019""","""Not Applicable""","""3""",17758
NA,"""West Virginia""","""54""","""2020""","""2020""","""Yes""","""1""",86
NA,"""West Virginia""","""54""","""2020""","""2020""","""No""","""2""",74
NA,"""West Virginia""","""54""","""2020""","""2020""","""Unknown or Not Stated""","""9""",143
NA,"""West Virginia""","""54""","""2020""","""2020""","""Not Applicable""","""3""",17020
NA,"""West Virginia""","""54""","""2021""","""2021""","""Yes""","""1""",80
NA,"""West Virginia""","""54""","""2021""","""2021""","""No""","""2""",74
NA,"""West Virginia""","""54""","""2021""","""2021""","""Unknown or Not Stated""","""9""",134
NA,"""West Virginia""","""54""","""2021""","""2021""","""Not Applicable""","""3""",16910
NA,"""Wisconsin""","""55""","""2016""","""2016""","""Yes""","""1""",670
NA,"""Wisconsin""","""55""","""2016""","""2016""","""No""","""2""",596
NA,"""Wisconsin""","""55""","""2016""","""2016""","""Unknown or Not Stated""","""9""",273
NA,"""Wisconsin""","""55""","""2016""","""2016""","""Not Applicable""","""3""",65076
NA,"""Wisconsin""","""55""","""2017""","""2017""","""Yes""","""1""",759
NA,"""Wisconsin""","""55""","""2017""","""2017""","""No""","""2""",544
NA,"""Wisconsin""","""55""","""2017""","""2017""","""Unknown or Not Stated""","""9""",231
NA,"""Wisconsin""","""55""","""2017""","""2017""","""Not Applicable""","""3""",63441
NA,"""Wisconsin""","""55""","""2018""","""2018""","""Yes""","""1""",781
NA,"""Wisconsin""","""55""","""2018""","""2018""","""No""","""2""",621
NA,"""Wisconsin""","""55""","""2018""","""2018""","""Unknown or Not Stated""","""9""",215
NA,"""Wisconsin""","""55""","""2018""","""2018""","""Not Applicable""","""3""",62481
NA,"""Wisconsin""","""55""","""2019""","""2019""","""Yes""","""1""",789
NA,"""Wisconsin""","""55""","""2019""","""2019""","""No""","""2""",678
NA,"""Wisconsin""","""55""","""2019""","""2019""","""Unknown or Not Stated""","""9""",252
NA,"""Wisconsin""","""55""","""2019""","""2019""","""Not Applicable""","""3""",61551
NA,"""Wisconsin""","""55""","""2020""","""2020""","""Yes""","""1""",796
NA,"""Wisconsin""","""55""","""2020""","""2020""","""No""","""2""",491
NA,"""Wisconsin""","""55""","""2020""","""2020""","""Unknown or Not Stated""","""9""",108
NA,"""Wisconsin""","""55""","""2020""","""2020""","""Not Applicable""","""3""",59199
NA,"""Wisconsin""","""55""","""2021""","""2021""","""Yes""","""1""",853
NA,"""Wisconsin""","""55""","""2021""","""2021""","""No""","""2""",478
NA,"""Wisconsin""","""55""","""2021""","""2021""","""Unknown or Not Stated""","""9""",129
NA,"""Wisconsin""","""55""","""2021""","""2021""","""Not Applicable""","""3""",60321
NA,"""Wyoming""","""56""","""2016""","""2016""","""Yes""","""1""",44
NA,"""Wyoming""","""56""","""2016""","""2016""","""No""","""2""",37
NA,"""Wyoming""","""56""","""2016""","""2016""","""Unknown or Not Stated""","""9""",10
NA,"""Wyoming""","""56""","""2016""","""2016""","""Not Applicable""","""3""",7295
NA,"""Wyoming""","""56""","""2017""","""2017""","""Yes""","""1""",43
NA,"""Wyoming""","""56""","""2017""","""2017""","""No""","""2""",45
NA,"""Wyoming""","""56""","""2017""","""2017""","""Not Applicable""","""3""",6806
NA,"""Wyoming""","""56""","""2018""","""2018""","""Yes""","""1""",60
NA,"""Wyoming""","""56""","""2018""","""2018""","""No""","""2""",44
NA,"""Wyoming""","""56""","""2018""","""2018""","""Not Applicable""","""3""",6450
NA,"""Wyoming""","""56""","""2019""","""2019""","""Yes""","""1""",60
NA,"""Wyoming""","""56""","""2019""","""2019""","""No""","""2""",52
NA,"""Wyoming""","""56""","""2019""","""2019""","""Unknown or Not Stated""","""9""",12
NA,"""Wyoming""","""56""","""2019""","""2019""","""Not Applicable""","""3""",6441
NA,"""Wyoming""","""56""","""2020""","""2020""","""Yes""","""1""",63
NA,"""Wyoming""","""56""","""2020""","""2020""","""No""","""2""",44
NA,"""Wyoming""","""56""","""2020""","""2020""","""Not Applicable""","""3""",6015
NA,"""Wyoming""","""56""","""2021""","""2021""","""Yes""","""1""",55
NA,"""Wyoming""","""56""","""2021""","""2021""","""No""","""2""",38
NA,"""Wyoming""","""56""","""2021""","""2021""","""Not Applicable""","""3""",6136
