"""Notes""","""State of Residence""","""State of Residence Code""","""Year""","""Year Code""","""Fertility Enhancing Drugs""","""Fertility Enhancing Drugs Code""","Births"
NA,"""Alabama""","""01""","""2016""","""2016""","""Yes""","""1""",151
NA,"""Alabama""","""01""","""2016""","""2016""","""No""","""2""",71
NA,"""Alabama""","""01""","""2016""","""2016""","""Unknown or Not Stated""","""9""",224
NA,"""Alabama""","""01""","""2016""","""2016""","""Not Applicable""","""3""",58705
NA,"""Alabama""","""01""","""2017""","""2017""","""Yes""","""1""",122
NA,"""Alabama""","""01""","""2017""","""2017""","""No""","""2""",120
NA,"""Alabama""","""01""","""2017""","""2017""","""Unknown or Not Stated""","""9""",148
NA,"""Alabama""","""01""","""2017""","""2017""","""Not Applicable""","""3""",58551
NA,"""Alabama""","""01""","""2018""","""2018""","""Yes""","""1""",150
NA,"""Alabama""","""01""","""2018""","""2018""","""No""","""2""",147
NA,"""Alabama""","""01""","""2018""","""2018""","""Unknown or Not Stated""","""9""",154
NA,"""Alabama""","""01""","""2018""","""2018""","""Not Applicable""","""3""",57310
NA,"""Alabama""","""01""","""2019""","""2019""","""Yes""","""1""",152
NA,"""Alabama""","""01""","""2019""","""2019""","""No""","""2""",155
NA,"""Alabama""","""01""","""2019""","""2019""","""Unknown or Not Stated""","""9""",72
NA,"""Alabama""","""01""","""2019""","""2019""","""Not Applicable""","""3""",58236
NA,"""Alabama""","""01""","""2020""","""2020""","""Yes""","""1""",166
NA,"""Alabama""","""01""","""2020""","""2020""","""No""","""2""",141
NA,"""Alabama""","""01""","""2020""","""2020""","""Unknown or Not Stated""","""9""",56
NA,"""Alabama""","""01""","""2020""","""2020""","""Not Applicable""","""3""",57284
NA,"""Alabama""","""01""","""2021""","""2021""","""Yes""","""1""",219
NA,"""Alabama""","""01""","""2021""","""2021""","""No""","""2""",173
NA,"""Alabama""","""01""","""2021""","""2021""","""Unknown or Not Stated""","""9""",50
NA,"""Alabama""","""01""","""2021""","""2021""","""Not Applicable""","""3""",57612
NA,"""Alaska""","""02""","""2016""","""2016""","""Yes""","""1""",65
NA,"""Alaska""","""02""","""2016""","""2016""","""No""","""2""",61
NA,"""Alaska""","""02""","""2016""","""2016""","""Unknown or Not Stated""","""9""",75
NA,"""Alaska""","""02""","""2016""","""2016""","""Not Applicable""","""3""",11008
NA,"""Alaska""","""02""","""2017""","""2017""","""Yes""","""1""",50
NA,"""Alaska""","""02""","""2017""","""2017""","""No""","""2""",37
NA,"""Alaska""","""02""","""2017""","""2017""","""Unknown or Not Stated""","""9""",104
NA,"""Alaska""","""02""","""2017""","""2017""","""Not Applicable""","""3""",10254
NA,"""Alaska""","""02""","""2018""","""2018""","""Yes""","""1""",72
NA,"""Alaska""","""02""","""2018""","""2018""","""No""","""2""",59
NA,"""Alaska""","""02""","""2018""","""2018""","""Unknown or Not Stated""","""9""",119
NA,"""Alaska""","""02""","""2018""","""2018""","""Not Applicable""","""3""",9836
NA,"""Alaska""","""02""","""2019""","""2019""","""Yes""","""1""",68
NA,"""Alaska""","""02""","""2019""","""2019""","""No""","""2""",56
NA,"""Alaska""","""02""","""2019""","""2019""","""Unknown or Not Stated""","""9""",82
NA,"""Alaska""","""02""","""2019""","""2019""","""Not Applicable""","""3""",9616
NA,"""Alaska""","""02""","""2020""","""2020""","""Yes""","""1""",49
NA,"""Alaska""","""02""","""2020""","""2020""","""No""","""2""",64
NA,"""Alaska""","""02""","""2020""","""2020""","""Unknown or Not Stated""","""9""",79
NA,"""Alaska""","""02""","""2020""","""2020""","""Not Applicable""","""3""",9277
NA,"""Alaska""","""02""","""2021""","""2021""","""Yes""","""1""",75
NA,"""Alaska""","""02""","""2021""","""2021""","""No""","""2""",65
NA,"""Alaska""","""02""","""2021""","""2021""","""Unknown or Not Stated""","""9""",57
NA,"""Alaska""","""02""","""2021""","""2021""","""Not Applicable""","""3""",9170
NA,"""Arizona""","""04""","""2016""","""2016""","""Yes""","""1""",566
NA,"""Arizona""","""04""","""2016""","""2016""","""No""","""2""",886
NA,"""Arizona""","""04""","""2016""","""2016""","""Not Applicable""","""3""",83067
NA,"""Arizona""","""04""","""2017""","""2017""","""Yes""","""1""",508
NA,"""Arizona""","""04""","""2017""","""2017""","""No""","""2""",848
NA,"""Arizona""","""04""","""2017""","""2017""","""Not Applicable""","""3""",80513
NA,"""Arizona""","""04""","""2018""","""2018""","""Yes""","""1""",469
NA,"""Arizona""","""04""","""2018""","""2018""","""No""","""2""",913
NA,"""Arizona""","""04""","""2018""","""2018""","""Not Applicable""","""3""",79340
NA,"""Arizona""","""04""","""2019""","""2019""","""Yes""","""1""",398
NA,"""Arizona""","""04""","""2019""","""2019""","""No""","""2""",971
NA,"""Arizona""","""04""","""2019""","""2019""","""Not Applicable""","""3""",78002
NA,"""Arizona""","""04""","""2020""","""2020""","""Yes""","""1""",394
NA,"""Arizona""","""04""","""2020""","""2020""","""No""","""2""",864
NA,"""Arizona""","""04""","""2020""","""2020""","""Not Applicable""","""3""",75685
NA,"""Arizona""","""04""","""2021""","""2021""","""Yes""","""1""",421
NA,"""Arizona""","""04""","""2021""","""2021""","""No""","""2""",946
NA,"""Arizona""","""04""","""2021""","""2021""","""Not Applicable""","""3""",76548
NA,"""Arkansas""","""05""","""2016""","""2016""","""Yes""","""1""",136
NA,"""Arkansas""","""05""","""2016""","""2016""","""No""","""2""",88
NA,"""Arkansas""","""05""","""2016""","""2016""","""Not Applicable""","""3""",38049
NA,"""Arkansas""","""05""","""2017""","""2017""","""Yes""","""1""",178
NA,"""Arkansas""","""05""","""2017""","""2017""","""No""","""2""",101
NA,"""Arkansas""","""05""","""2017""","""2017""","""Not Applicable""","""3""",37236
NA,"""Arkansas""","""05""","""2018""","""2018""","""Yes""","""1""",176
NA,"""Arkansas""","""05""","""2018""","""2018""","""No""","""2""",123
NA,"""Arkansas""","""05""","""2018""","""2018""","""Not Applicable""","""3""",36714
NA,"""Arkansas""","""05""","""2019""","""2019""","""Yes""","""1""",150
NA,"""Arkansas""","""05""","""2019""","""2019""","""No""","""2""",80
NA,"""Arkansas""","""05""","""2019""","""2019""","""Not Applicable""","""3""",36329
NA,"""Arkansas""","""05""","""2020""","""2020""","""Yes""","""1""",161
NA,"""Arkansas""","""05""","""2020""","""2020""","""No""","""2""",78
NA,"""Arkansas""","""05""","""2020""","""2020""","""Not Applicable""","""3""",35012
NA,"""Arkansas""","""05""","""2021""","""2021""","""Yes""","""1""",201
NA,"""Arkansas""","""05""","""2021""","""2021""","""No""","""2""",98
NA,"""Arkansas""","""05""","""2021""","""2021""","""Not Applicable""","""3""",35665
NA,"""California""","""06""","""2016""","""2016""","""Yes""","""1""",2010
NA,"""California""","""06""","""2016""","""2016""","""No""","""2""",4647
NA,"""California""","""06""","""2016""","""2016""","""Not Applicable""","""3""",482164
NA,"""California""","""06""","""2017""","""2017""","""Yes""","""1""",2190
NA,"""California""","""06""","""2017""","""2017""","""No""","""2""",5199
NA,"""California""","""06""","""2017""","""2017""","""Not Applicable""","""3""",464265
NA,"""California""","""06""","""2018""","""2018""","""Yes""","""1""",2098
NA,"""California""","""06""","""2018""","""2018""","""No""","""2""",5780
NA,"""California""","""06""","""2018""","""2018""","""Unknown or Not Stated""","""9""",10
NA,"""California""","""06""","""2018""","""2018""","""Not Applicable""","""3""",447032
NA,"""California""","""06""","""2019""","""2019""","""Yes""","""1""",2168
NA,"""California""","""06""","""2019""","""2019""","""No""","""2""",6561
NA,"""California""","""06""","""2019""","""2019""","""Unknown or Not Stated""","""9""",348
NA,"""California""","""06""","""2019""","""2019""","""Not Applicable""","""3""",437402
NA,"""California""","""06""","""2020""","""2020""","""Yes""","""1""",2069
NA,"""California""","""06""","""2020""","""2020""","""No""","""2""",6671
NA,"""California""","""06""","""2020""","""2020""","""Unknown or Not Stated""","""9""",221
NA,"""California""","""06""","""2020""","""2020""","""Not Applicable""","""3""",411298
NA,"""California""","""06""","""2021""","""2021""","""Yes""","""1""",2103
NA,"""California""","""06""","""2021""","""2021""","""No""","""2""",7439
NA,"""California""","""06""","""2021""","""2021""","""Unknown or Not Stated""","""9""",241
NA,"""California""","""06""","""2021""","""2021""","""Not Applicable""","""3""",410825
NA,"""Colorado""","""08""","""2016""","""2016""","""Yes""","""1""",729
NA,"""Colorado""","""08""","""2016""","""2016""","""No""","""2""",795
NA,"""Colorado""","""08""","""2016""","""2016""","""Unknown or Not Stated""","""9""",12
NA,"""Colorado""","""08""","""2016""","""2016""","""Not Applicable""","""3""",65077
NA,"""Colorado""","""08""","""2017""","""2017""","""Yes""","""1""",652
NA,"""Colorado""","""08""","""2017""","""2017""","""No""","""2""",920
NA,"""Colorado""","""08""","""2017""","""2017""","""Not Applicable""","""3""",62801
NA,"""Colorado""","""08""","""2018""","""2018""","""Yes""","""1""",690
NA,"""Colorado""","""08""","""2018""","""2018""","""No""","""2""",958
NA,"""Colorado""","""08""","""2018""","""2018""","""Unknown or Not Stated""","""9""",10
NA,"""Colorado""","""08""","""2018""","""2018""","""Not Applicable""","""3""",61227
NA,"""Colorado""","""08""","""2019""","""2019""","""Yes""","""1""",731
NA,"""Colorado""","""08""","""2019""","""2019""","""No""","""2""",981
NA,"""Colorado""","""08""","""2019""","""2019""","""Unknown or Not Stated""","""9""",10
NA,"""Colorado""","""08""","""2019""","""2019""","""Not Applicable""","""3""",61147
NA,"""Colorado""","""08""","""2020""","""2020""","""Yes""","""1""",655
NA,"""Colorado""","""08""","""2020""","""2020""","""No""","""2""",973
NA,"""Colorado""","""08""","""2020""","""2020""","""Unknown or Not Stated""","""9""",15
NA,"""Colorado""","""08""","""2020""","""2020""","""Not Applicable""","""3""",59851
NA,"""Colorado""","""08""","""2021""","""2021""","""Yes""","""1""",719
NA,"""Colorado""","""08""","""2021""","""2021""","""No""","""2""",1158
NA,"""Colorado""","""08""","""2021""","""2021""","""Not Applicable""","""3""",61063
NA,"""Connecticut""","""09""","""2016""","""2016""","""Yes""","""1""",325
NA,"""Connecticut""","""09""","""2016""","""2016""","""No""","""2""",860
NA,"""Connecticut""","""09""","""2016""","""2016""","""Unknown or Not Stated""","""9""",802
NA,"""Connecticut""","""09""","""2016""","""2016""","""Not Applicable""","""3""",34028
NA,"""Connecticut""","""09""","""2017""","""2017""","""Yes""","""1""",336
NA,"""Connecticut""","""09""","""2017""","""2017""","""No""","""2""",916
NA,"""Connecticut""","""09""","""2017""","""2017""","""Unknown or Not Stated""","""9""",396
NA,"""Connecticut""","""09""","""2017""","""2017""","""Not Applicable""","""3""",33573
NA,"""Connecticut""","""09""","""2018""","""2018""","""Yes""","""1""",347
NA,"""Connecticut""","""09""","""2018""","""2018""","""No""","""2""",945
NA,"""Connecticut""","""09""","""2018""","""2018""","""Unknown or Not Stated""","""9""",199
NA,"""Connecticut""","""09""","""2018""","""2018""","""Not Applicable""","""3""",33234
NA,"""Connecticut""","""09""","""2019""","""2019""","""Yes""","""1""",302
NA,"""Connecticut""","""09""","""2019""","""2019""","""No""","""2""",1012
NA,"""Connecticut""","""09""","""2019""","""2019""","""Unknown or Not Stated""","""9""",172
NA,"""Connecticut""","""09""","""2019""","""2019""","""Not Applicable""","""3""",32772
NA,"""Connecticut""","""09""","""2020""","""2020""","""Yes""","""1""",292
NA,"""Connecticut""","""09""","""2020""","""2020""","""No""","""2""",956
NA,"""Connecticut""","""09""","""2020""","""2020""","""Unknown or Not Stated""","""9""",190
NA,"""Connecticut""","""09""","""2020""","""2020""","""Not Applicable""","""3""",32022
NA,"""Connecticut""","""09""","""2021""","""2021""","""Yes""","""1""",308
NA,"""Connecticut""","""09""","""2021""","""2021""","""No""","""2""",1170
NA,"""Connecticut""","""09""","""2021""","""2021""","""Unknown or Not Stated""","""9""",78
NA,"""Connecticut""","""09""","""2021""","""2021""","""Not Applicable""","""3""",34114
NA,"""Delaware""","""10""","""2016""","""2016""","""Yes""","""1""",85
NA,"""Delaware""","""10""","""2016""","""2016""","""No""","""2""",232
NA,"""Delaware""","""10""","""2016""","""2016""","""Unknown or Not Stated""","""9""",85
NA,"""Delaware""","""10""","""2016""","""2016""","""Not Applicable""","""3""",10590
NA,"""Delaware""","""10""","""2017""","""2017""","""Yes""","""1""",91
NA,"""Delaware""","""10""","""2017""","""2017""","""No""","""2""",198
NA,"""Delaware""","""10""","""2017""","""2017""","""Unknown or Not Stated""","""9""",71
NA,"""Delaware""","""10""","""2017""","""2017""","""Not Applicable""","""3""",10495
NA,"""Delaware""","""10""","""2018""","""2018""","""Yes""","""1""",75
NA,"""Delaware""","""10""","""2018""","""2018""","""No""","""2""",176
NA,"""Delaware""","""10""","""2018""","""2018""","""Unknown or Not Stated""","""9""",62
NA,"""Delaware""","""10""","""2018""","""2018""","""Not Applicable""","""3""",10308
NA,"""Delaware""","""10""","""2019""","""2019""","""Yes""","""1""",64
NA,"""Delaware""","""10""","""2019""","""2019""","""No""","""2""",219
NA,"""Delaware""","""10""","""2019""","""2019""","""Unknown or Not Stated""","""9""",24
NA,"""Delaware""","""10""","""2019""","""2019""","""Not Applicable""","""3""",10255
NA,"""Delaware""","""10""","""2020""","""2020""","""Yes""","""1""",66
NA,"""Delaware""","""10""","""2020""","""2020""","""No""","""2""",201
NA,"""Delaware""","""10""","""2020""","""2020""","""Unknown or Not Stated""","""9""",34
NA,"""Delaware""","""10""","""2020""","""2020""","""Not Applicable""","""3""",10091
NA,"""Delaware""","""10""","""2021""","""2021""","""Yes""","""1""",60
NA,"""Delaware""","""10""","""2021""","""2021""","""No""","""2""",190
NA,"""Delaware""","""10""","""2021""","""2021""","""Unknown or Not Stated""","""9""",29
NA,"""Delaware""","""10""","""2021""","""2021""","""Not Applicable""","""3""",10203
NA,"""District of Columbia""","""11""","""2016""","""2016""","""Yes""","""1""",56
NA,"""District of Columbia""","""11""","""2016""","""2016""","""No""","""2""",151
NA,"""District of Columbia""","""11""","""2016""","""2016""","""Unknown or Not Stated""","""9""",20
NA,"""District of Columbia""","""11""","""2016""","""2016""","""Not Applicable""","""3""",9631
NA,"""District of Columbia""","""11""","""2017""","""2017""","""Yes""","""1""",91
NA,"""District of Columbia""","""11""","""2017""","""2017""","""No""","""2""",239
NA,"""District of Columbia""","""11""","""2017""","""2017""","""Unknown or Not Stated""","""9""",21
NA,"""District of Columbia""","""11""","""2017""","""2017""","""Not Applicable""","""3""",9209
NA,"""District of Columbia""","""11""","""2018""","""2018""","""Yes""","""1""",105
NA,"""District of Columbia""","""11""","""2018""","""2018""","""No""","""2""",261
NA,"""District of Columbia""","""11""","""2018""","""2018""","""Not Applicable""","""3""",8842
NA,"""District of Columbia""","""11""","""2019""","""2019""","""Yes""","""1""",105
NA,"""District of Columbia""","""11""","""2019""","""2019""","""No""","""2""",321
NA,"""District of Columbia""","""11""","""2019""","""2019""","""Unknown or Not Stated""","""9""",11
NA,"""District of Columbia""","""11""","""2019""","""2019""","""Not Applicable""","""3""",8642
NA,"""District of Columbia""","""11""","""2020""","""2020""","""Yes""","""1""",142
NA,"""District of Columbia""","""11""","""2020""","""2020""","""No""","""2""",373
NA,"""District of Columbia""","""11""","""2020""","""2020""","""Not Applicable""","""3""",8355
NA,"""District of Columbia""","""11""","""2021""","""2021""","""Yes""","""1""",87
NA,"""District of Columbia""","""11""","""2021""","""2021""","""No""","""2""",356
NA,"""District of Columbia""","""11""","""2021""","""2021""","""Not Applicable""","""3""",8209
NA,"""Florida""","""12""","""2016""","""2016""","""Yes""","""1""",947
NA,"""Florida""","""12""","""2016""","""2016""","""No""","""2""",224
NA,"""Florida""","""12""","""2016""","""2016""","""Unknown or Not Stated""","""9""",686
NA,"""Florida""","""12""","""2016""","""2016""","""Not Applicable""","""3""",223165
NA,"""Florida""","""12""","""2017""","""2017""","""Yes""","""1""",1018
NA,"""Florida""","""12""","""2017""","""2017""","""No""","""2""",173
NA,"""Florida""","""12""","""2017""","""2017""","""Unknown or Not Stated""","""9""",819
NA,"""Florida""","""12""","""2017""","""2017""","""Not Applicable""","""3""",221620
NA,"""Florida""","""12""","""2018""","""2018""","""Yes""","""1""",1045
NA,"""Florida""","""12""","""2018""","""2018""","""No""","""2""",173
NA,"""Florida""","""12""","""2018""","""2018""","""Unknown or Not Stated""","""9""",728
NA,"""Florida""","""12""","""2018""","""2018""","""Not Applicable""","""3""",219596
NA,"""Florida""","""12""","""2019""","""2019""","""Yes""","""1""",1013
NA,"""Florida""","""12""","""2019""","""2019""","""No""","""2""",187
NA,"""Florida""","""12""","""2019""","""2019""","""Unknown or Not Stated""","""9""",572
NA,"""Florida""","""12""","""2019""","""2019""","""Not Applicable""","""3""",218230
NA,"""Florida""","""12""","""2020""","""2020""","""Yes""","""1""",1068
NA,"""Florida""","""12""","""2020""","""2020""","""No""","""2""",214
NA,"""Florida""","""12""","""2020""","""2020""","""Unknown or Not Stated""","""9""",520
NA,"""Florida""","""12""","""2020""","""2020""","""Not Applicable""","""3""",207869
NA,"""Florida""","""12""","""2021""","""2021""","""Yes""","""1""",1208
NA,"""Florida""","""12""","""2021""","""2021""","""No""","""2""",258
NA,"""Florida""","""12""","""2021""","""2021""","""Unknown or Not Stated""","""9""",938
NA,"""Florida""","""12""","""2021""","""2021""","""Not Applicable""","""3""",213856
NA,"""Georgia""","""13""","""2016""","""2016""","""Yes""","""1""",534
NA,"""Georgia""","""13""","""2016""","""2016""","""No""","""2""",757
NA,"""Georgia""","""13""","""2016""","""2016""","""Unknown or Not Stated""","""9""",457
NA,"""Georgia""","""13""","""2016""","""2016""","""Not Applicable""","""3""",128294
NA,"""Georgia""","""13""","""2017""","""2017""","""Yes""","""1""",478
NA,"""Georgia""","""13""","""2017""","""2017""","""No""","""2""",823
NA,"""Georgia""","""13""","""2017""","""2017""","""Unknown or Not Stated""","""9""",480
NA,"""Georgia""","""13""","""2017""","""2017""","""Not Applicable""","""3""",127462
NA,"""Georgia""","""13""","""2018""","""2018""","""Yes""","""1""",563
NA,"""Georgia""","""13""","""2018""","""2018""","""No""","""2""",858
NA,"""Georgia""","""13""","""2018""","""2018""","""Unknown or Not Stated""","""9""",470
NA,"""Georgia""","""13""","""2018""","""2018""","""Not Applicable""","""3""",124281
NA,"""Georgia""","""13""","""2019""","""2019""","""Yes""","""1""",530
NA,"""Georgia""","""13""","""2019""","""2019""","""No""","""2""",1006
NA,"""Georgia""","""13""","""2019""","""2019""","""Unknown or Not Stated""","""9""",285
NA,"""Georgia""","""13""","""2019""","""2019""","""Not Applicable""","""3""",124550
NA,"""Georgia""","""13""","""2020""","""2020""","""Yes""","""1""",472
NA,"""Georgia""","""13""","""2020""","""2020""","""No""","""2""",856
NA,"""Georgia""","""13""","""2020""","""2020""","""Unknown or Not Stated""","""9""",228
NA,"""Georgia""","""13""","""2020""","""2020""","""Not Applicable""","""3""",120917
NA,"""Georgia""","""13""","""2021""","""2021""","""Yes""","""1""",584
NA,"""Georgia""","""13""","""2021""","""2021""","""No""","""2""",1244
NA,"""Georgia""","""13""","""2021""","""2021""","""Unknown or Not Stated""","""9""",280
NA,"""Georgia""","""13""","""2021""","""2021""","""Not Applicable""","""3""",121965
NA,"""Hawaii""","""15""","""2016""","""2016""","""Yes""","""1""",41
NA,"""Hawaii""","""15""","""2016""","""2016""","""No""","""2""",253
NA,"""Hawaii""","""15""","""2016""","""2016""","""Unknown or Not Stated""","""9""",12
NA,"""Hawaii""","""15""","""2016""","""2016""","""Not Applicable""","""3""",17753
NA,"""Hawaii""","""15""","""2017""","""2017""","""Yes""","""1""",33
NA,"""Hawaii""","""15""","""2017""","""2017""","""No""","""2""",238
NA,"""Hawaii""","""15""","""2017""","""2017""","""Not Applicable""","""3""",17238
NA,"""Hawaii""","""15""","""2018""","""2018""","""Yes""","""1""",31
NA,"""Hawaii""","""15""","""2018""","""2018""","""No""","""2""",224
NA,"""Hawaii""","""15""","""2018""","""2018""","""Not Applicable""","""3""",16711
NA,"""Hawaii""","""15""","""2019""","""2019""","""Yes""","""1""",42
NA,"""Hawaii""","""15""","""2019""","""2019""","""No""","""2""",209
NA,"""Hawaii""","""15""","""2019""","""2019""","""Not Applicable""","""3""",16538
NA,"""Hawaii""","""15""","""2020""","""2020""","""Yes""","""1""",48
NA,"""Hawaii""","""15""","""2020""","""2020""","""No""","""2""",235
NA,"""Hawaii""","""15""","""2020""","""2020""","""Not Applicable""","""3""",15495
NA,"""Hawaii""","""15""","""2021""","""2021""","""Yes""","""1""",48
NA,"""Hawaii""","""15""","""2021""","""2021""","""No""","""2""",203
NA,"""Hawaii""","""15""","""2021""","""2021""","""Not Applicable""","""3""",15368
NA,"""Idaho""","""16""","""2016""","""2016""","""Yes""","""1""",171
NA,"""Idaho""","""16""","""2016""","""2016""","""No""","""2""",254
NA,"""Idaho""","""16""","""2016""","""2016""","""Unknown or Not Stated""","""9""",28
NA,"""Idaho""","""16""","""2016""","""2016""","""Not Applicable""","""3""",22029
NA,"""Idaho""","""16""","""2017""","""2017""","""Yes""","""1""",161
NA,"""Idaho""","""16""","""2017""","""2017""","""No""","""2""",226
NA,"""Idaho""","""16""","""2017""","""2017""","""Unknown or Not Stated""","""9""",20
NA,"""Idaho""","""16""","""2017""","""2017""","""Not Applicable""","""3""",21774
NA,"""Idaho""","""16""","""2018""","""2018""","""Yes""","""1""",140
NA,"""Idaho""","""16""","""2018""","""2018""","""No""","""2""",268
NA,"""Idaho""","""16""","""2018""","""2018""","""Unknown or Not Stated""","""9""",26
NA,"""Idaho""","""16""","""2018""","""2018""","""Not Applicable""","""3""",20969
NA,"""Idaho""","""16""","""2019""","""2019""","""Yes""","""1""",153
NA,"""Idaho""","""16""","""2019""","""2019""","""No""","""2""",284
NA,"""Idaho""","""16""","""2019""","""2019""","""Unknown or Not Stated""","""9""",20
NA,"""Idaho""","""16""","""2019""","""2019""","""Not Applicable""","""3""",21606
NA,"""Idaho""","""16""","""2020""","""2020""","""Yes""","""1""",152
NA,"""Idaho""","""16""","""2020""","""2020""","""No""","""2""",266
NA,"""Idaho""","""16""","""2020""","""2020""","""Unknown or Not Stated""","""9""",19
NA,"""Idaho""","""16""","""2020""","""2020""","""Not Applicable""","""3""",21096
NA,"""Idaho""","""16""","""2021""","""2021""","""Yes""","""1""",175
NA,"""Idaho""","""16""","""2021""","""2021""","""No""","""2""",339
NA,"""Idaho""","""16""","""2021""","""2021""","""Unknown or Not Stated""","""9""",21
NA,"""Idaho""","""16""","""2021""","""2021""","""Not Applicable""","""3""",21892
NA,"""Illinois""","""17""","""2016""","""2016""","""Yes""","""1""",1456
NA,"""Illinois""","""17""","""2016""","""2016""","""No""","""2""",3453
NA,"""Illinois""","""17""","""2016""","""2016""","""Unknown or Not Stated""","""9""",242
NA,"""Illinois""","""17""","""2016""","""2016""","""Not Applicable""","""3""",149294
NA,"""Illinois""","""17""","""2017""","""2017""","""Yes""","""1""",1416
NA,"""Illinois""","""17""","""2017""","""2017""","""No""","""2""",3591
NA,"""Illinois""","""17""","""2017""","""2017""","""Unknown or Not Stated""","""9""",379
NA,"""Illinois""","""17""","""2017""","""2017""","""Not Applicable""","""3""",144004
NA,"""Illinois""","""17""","""2018""","""2018""","""Yes""","""1""",1239
NA,"""Illinois""","""17""","""2018""","""2018""","""No""","""2""",3380
NA,"""Illinois""","""17""","""2018""","""2018""","""Unknown or Not Stated""","""9""",265
NA,"""Illinois""","""17""","""2018""","""2018""","""Not Applicable""","""3""",139931
NA,"""Illinois""","""17""","""2019""","""2019""","""Yes""","""1""",1171
NA,"""Illinois""","""17""","""2019""","""2019""","""No""","""2""",3290
NA,"""Illinois""","""17""","""2019""","""2019""","""Unknown or Not Stated""","""9""",126
NA,"""Illinois""","""17""","""2019""","""2019""","""Not Applicable""","""3""",135541
NA,"""Illinois""","""17""","""2020""","""2020""","""Yes""","""1""",1040
NA,"""Illinois""","""17""","""2020""","""2020""","""No""","""2""",2955
NA,"""Illinois""","""17""","""2020""","""2020""","""Unknown or Not Stated""","""9""",179
NA,"""Illinois""","""17""","""2020""","""2020""","""Not Applicable""","""3""",129124
NA,"""Illinois""","""17""","""2021""","""2021""","""Yes""","""1""",1042
NA,"""Illinois""","""17""","""2021""","""2021""","""No""","""2""",3254
NA,"""Illinois""","""17""","""2021""","""2021""","""Unknown or Not Stated""","""9""",127
NA,"""Illinois""","""17""","""2021""","""2021""","""Not Applicable""","""3""",127766
NA,"""Indiana""","""18""","""2016""","""2016""","""Yes""","""1""",659
NA,"""Indiana""","""18""","""2016""","""2016""","""No""","""2""",228
NA,"""Indiana""","""18""","""2016""","""2016""","""Unknown or Not Stated""","""9""",38
NA,"""Indiana""","""18""","""2016""","""2016""","""Not Applicable""","""3""",82166
NA,"""Indiana""","""18""","""2017""","""2017""","""Yes""","""1""",802
NA,"""Indiana""","""18""","""2017""","""2017""","""No""","""2""",274
NA,"""Indiana""","""18""","""2017""","""2017""","""Unknown or Not Stated""","""9""",46
NA,"""Indiana""","""18""","""2017""","""2017""","""Not Applicable""","""3""",81048
NA,"""Indiana""","""18""","""2018""","""2018""","""Yes""","""1""",757
NA,"""Indiana""","""18""","""2018""","""2018""","""No""","""2""",215
NA,"""Indiana""","""18""","""2018""","""2018""","""Unknown or Not Stated""","""9""",38
NA,"""Indiana""","""18""","""2018""","""2018""","""Not Applicable""","""3""",80636
NA,"""Indiana""","""18""","""2019""","""2019""","""Yes""","""1""",745
NA,"""Indiana""","""18""","""2019""","""2019""","""No""","""2""",284
NA,"""Indiana""","""18""","""2019""","""2019""","""Unknown or Not Stated""","""9""",44
NA,"""Indiana""","""18""","""2019""","""2019""","""Not Applicable""","""3""",79786
NA,"""Indiana""","""18""","""2020""","""2020""","""Yes""","""1""",742
NA,"""Indiana""","""18""","""2020""","""2020""","""No""","""2""",308
NA,"""Indiana""","""18""","""2020""","""2020""","""Unknown or Not Stated""","""9""",70
NA,"""Indiana""","""18""","""2020""","""2020""","""Not Applicable""","""3""",77496
NA,"""Indiana""","""18""","""2021""","""2021""","""Yes""","""1""",619
NA,"""Indiana""","""18""","""2021""","""2021""","""No""","""2""",457
NA,"""Indiana""","""18""","""2021""","""2021""","""Unknown or Not Stated""","""9""",464
NA,"""Indiana""","""18""","""2021""","""2021""","""Not Applicable""","""3""",78406
NA,"""Iowa""","""19""","""2016""","""2016""","""Yes""","""1""",546
NA,"""Iowa""","""19""","""2016""","""2016""","""No""","""2""",603
NA,"""Iowa""","""19""","""2016""","""2016""","""Not Applicable""","""3""",38253
NA,"""Iowa""","""19""","""2017""","""2017""","""Yes""","""1""",542
NA,"""Iowa""","""19""","""2017""","""2017""","""No""","""2""",535
NA,"""Iowa""","""19""","""2017""","""2017""","""Not Applicable""","""3""",37350
NA,"""Iowa""","""19""","""2018""","""2018""","""Yes""","""1""",521
NA,"""Iowa""","""19""","""2018""","""2018""","""No""","""2""",618
NA,"""Iowa""","""19""","""2018""","""2018""","""Not Applicable""","""3""",36646
NA,"""Iowa""","""19""","""2019""","""2019""","""Yes""","""1""",574
NA,"""Iowa""","""19""","""2019""","""2019""","""No""","""2""",638
NA,"""Iowa""","""19""","""2019""","""2019""","""Not Applicable""","""3""",36433
NA,"""Iowa""","""19""","""2020""","""2020""","""Yes""","""1""",556
NA,"""Iowa""","""19""","""2020""","""2020""","""No""","""2""",553
NA,"""Iowa""","""19""","""2020""","""2020""","""Not Applicable""","""3""",35002
NA,"""Iowa""","""19""","""2021""","""2021""","""Yes""","""1""",641
NA,"""Iowa""","""19""","""2021""","""2021""","""No""","""2""",580
NA,"""Iowa""","""19""","""2021""","""2021""","""Not Applicable""","""3""",35605
NA,"""Kansas""","""20""","""2016""","""2016""","""Yes""","""1""",314
NA,"""Kansas""","""20""","""2016""","""2016""","""No""","""2""",250
NA,"""Kansas""","""20""","""2016""","""2016""","""Unknown or Not Stated""","""9""",17
NA,"""Kansas""","""20""","""2016""","""2016""","""Not Applicable""","""3""",37472
NA,"""Kansas""","""20""","""2017""","""2017""","""Yes""","""1""",328
NA,"""Kansas""","""20""","""2017""","""2017""","""No""","""2""",235
NA,"""Kansas""","""20""","""2017""","""2017""","""Unknown or Not Stated""","""9""",15
NA,"""Kansas""","""20""","""2017""","""2017""","""Not Applicable""","""3""",35941
NA,"""Kansas""","""20""","""2018""","""2018""","""Yes""","""1""",304
NA,"""Kansas""","""20""","""2018""","""2018""","""No""","""2""",245
NA,"""Kansas""","""20""","""2018""","""2018""","""Unknown or Not Stated""","""9""",17
NA,"""Kansas""","""20""","""2018""","""2018""","""Not Applicable""","""3""",35695
NA,"""Kansas""","""20""","""2019""","""2019""","""Yes""","""1""",301
NA,"""Kansas""","""20""","""2019""","""2019""","""No""","""2""",284
NA,"""Kansas""","""20""","""2019""","""2019""","""Unknown or Not Stated""","""9""",14
NA,"""Kansas""","""20""","""2019""","""2019""","""Not Applicable""","""3""",34796
NA,"""Kansas""","""20""","""2020""","""2020""","""Yes""","""1""",319
NA,"""Kansas""","""20""","""2020""","""2020""","""No""","""2""",285
NA,"""Kansas""","""20""","""2020""","""2020""","""Unknown or Not Stated""","""9""",12
NA,"""Kansas""","""20""","""2020""","""2020""","""Not Applicable""","""3""",33760
NA,"""Kansas""","""20""","""2021""","""2021""","""Yes""","""1""",327
NA,"""Kansas""","""20""","""2021""","""2021""","""No""","""2""",343
NA,"""Kansas""","""20""","""2021""","""2021""","""Unknown or Not Stated""","""9""",15
NA,"""Kansas""","""20""","""2021""","""2021""","""Not Applicable""","""3""",34020
NA,"""Kentucky""","""21""","""2016""","""2016""","""Yes""","""1""",268
NA,"""Kentucky""","""21""","""2016""","""2016""","""No""","""2""",261
NA,"""Kentucky""","""21""","""2016""","""2016""","""Unknown or Not Stated""","""9""",339
NA,"""Kentucky""","""21""","""2016""","""2016""","""Not Applicable""","""3""",54581
NA,"""Kentucky""","""21""","""2017""","""2017""","""Yes""","""1""",371
NA,"""Kentucky""","""21""","""2017""","""2017""","""No""","""2""",261
NA,"""Kentucky""","""21""","""2017""","""2017""","""Unknown or Not Stated""","""9""",245
NA,"""Kentucky""","""21""","""2017""","""2017""","""Not Applicable""","""3""",53875
NA,"""Kentucky""","""21""","""2018""","""2018""","""Yes""","""1""",383
NA,"""Kentucky""","""21""","""2018""","""2018""","""No""","""2""",257
NA,"""Kentucky""","""21""","""2018""","""2018""","""Unknown or Not Stated""","""9""",184
NA,"""Kentucky""","""21""","""2018""","""2018""","""Not Applicable""","""3""",53098
NA,"""Kentucky""","""21""","""2019""","""2019""","""Yes""","""1""",311
NA,"""Kentucky""","""21""","""2019""","""2019""","""No""","""2""",289
NA,"""Kentucky""","""21""","""2019""","""2019""","""Unknown or Not Stated""","""9""",194
NA,"""Kentucky""","""21""","""2019""","""2019""","""Not Applicable""","""3""",52275
NA,"""Kentucky""","""21""","""2020""","""2020""","""Yes""","""1""",294
NA,"""Kentucky""","""21""","""2020""","""2020""","""No""","""2""",227
NA,"""Kentucky""","""21""","""2020""","""2020""","""Unknown or Not Stated""","""9""",589
NA,"""Kentucky""","""21""","""2020""","""2020""","""Not Applicable""","""3""",50558
NA,"""Kentucky""","""21""","""2021""","""2021""","""Yes""","""1""",368
NA,"""Kentucky""","""21""","""2021""","""2021""","""No""","""2""",380
NA,"""Kentucky""","""21""","""2021""","""2021""","""Unknown or Not Stated""","""9""",277
NA,"""Kentucky""","""21""","""2021""","""2021""","""Not Applicable""","""3""",51189
NA,"""Louisiana""","""22""","""2016""","""2016""","""Yes""","""1""",209
NA,"""Louisiana""","""22""","""2016""","""2016""","""No""","""2""",211
NA,"""Louisiana""","""22""","""2016""","""2016""","""Not Applicable""","""3""",62757
NA,"""Louisiana""","""22""","""2017""","""2017""","""Yes""","""1""",228
NA,"""Louisiana""","""22""","""2017""","""2017""","""No""","""2""",231
NA,"""Louisiana""","""22""","""2017""","""2017""","""Not Applicable""","""3""",60559
NA,"""Louisiana""","""22""","""2018""","""2018""","""Yes""","""1""",205
NA,"""Louisiana""","""22""","""2018""","""2018""","""No""","""2""",260
NA,"""Louisiana""","""22""","""2018""","""2018""","""Not Applicable""","""3""",59150
NA,"""Louisiana""","""22""","""2019""","""2019""","""Yes""","""1""",166
NA,"""Louisiana""","""22""","""2019""","""2019""","""No""","""2""",297
NA,"""Louisiana""","""22""","""2019""","""2019""","""Not Applicable""","""3""",58477
NA,"""Louisiana""","""22""","""2020""","""2020""","""Yes""","""1""",206
NA,"""Louisiana""","""22""","""2020""","""2020""","""No""","""2""",277
NA,"""Louisiana""","""22""","""2020""","""2020""","""Not Applicable""","""3""",56843
NA,"""Louisiana""","""22""","""2021""","""2021""","""Yes""","""1""",221
NA,"""Louisiana""","""22""","""2021""","""2021""","""No""","""2""",331
NA,"""Louisiana""","""22""","""2021""","""2021""","""Not Applicable""","""3""",56883
NA,"""Maine""","""23""","""2016""","""2016""","""Yes""","""1""",198
NA,"""Maine""","""23""","""2016""","""2016""","""Unknown or Not Stated""","""9""",18
NA,"""Maine""","""23""","""2016""","""2016""","""Not Applicable""","""3""",12484
NA,"""Maine""","""23""","""2017""","""2017""","""Yes""","""1""",231
NA,"""Maine""","""23""","""2017""","""2017""","""Not Applicable""","""3""",12059
NA,"""Maine""","""23""","""2018""","""2018""","""Yes""","""1""",88
NA,"""Maine""","""23""","""2018""","""2018""","""No""","""2""",107
NA,"""Maine""","""23""","""2018""","""2018""","""Not Applicable""","""3""",12115
NA,"""Maine""","""23""","""2019""","""2019""","""Yes""","""1""",85
NA,"""Maine""","""23""","""2019""","""2019""","""No""","""2""",139
NA,"""Maine""","""23""","""2019""","""2019""","""Not Applicable""","""3""",11550
NA,"""Maine""","""23""","""2020""","""2020""","""Yes""","""1""",77
NA,"""Maine""","""23""","""2020""","""2020""","""No""","""2""",188
NA,"""Maine""","""23""","""2020""","""2020""","""Not Applicable""","""3""",11270
NA,"""Maine""","""23""","""2021""","""2021""","""Yes""","""1""",121
NA,"""Maine""","""23""","""2021""","""2021""","""No""","""2""",229
NA,"""Maine""","""23""","""2021""","""2021""","""Not Applicable""","""3""",11655
NA,"""Maryland""","""24""","""2016""","""2016""","""Yes""","""1""",1867
NA,"""Maryland""","""24""","""2016""","""2016""","""No""","""2""",1066
NA,"""Maryland""","""24""","""2016""","""2016""","""Unknown or Not Stated""","""9""",206
NA,"""Maryland""","""24""","""2016""","""2016""","""Not Applicable""","""3""",69997
NA,"""Maryland""","""24""","""2017""","""2017""","""Yes""","""1""",1813
NA,"""Maryland""","""24""","""2017""","""2017""","""No""","""2""",1237
NA,"""Maryland""","""24""","""2017""","""2017""","""Unknown or Not Stated""","""9""",269
NA,"""Maryland""","""24""","""2017""","""2017""","""Not Applicable""","""3""",68322
NA,"""Maryland""","""24""","""2018""","""2018""","""Yes""","""1""",1829
NA,"""Maryland""","""24""","""2018""","""2018""","""No""","""2""",1297
NA,"""Maryland""","""24""","""2018""","""2018""","""Unknown or Not Stated""","""9""",279
NA,"""Maryland""","""24""","""2018""","""2018""","""Not Applicable""","""3""",67675
NA,"""Maryland""","""24""","""2019""","""2019""","""Yes""","""1""",1600
NA,"""Maryland""","""24""","""2019""","""2019""","""No""","""2""",1210
NA,"""Maryland""","""24""","""2019""","""2019""","""Unknown or Not Stated""","""9""",177
NA,"""Maryland""","""24""","""2019""","""2019""","""Not Applicable""","""3""",67191
NA,"""Maryland""","""24""","""2020""","""2020""","""Yes""","""1""",1458
NA,"""Maryland""","""24""","""2020""","""2020""","""No""","""2""",1211
NA,"""Maryland""","""24""","""2020""","""2020""","""Unknown or Not Stated""","""9""",120
NA,"""Maryland""","""24""","""2020""","""2020""","""Not Applicable""","""3""",65765
NA,"""Maryland""","""24""","""2021""","""2021""","""Yes""","""1""",1572
NA,"""Maryland""","""24""","""2021""","""2021""","""No""","""2""",1382
NA,"""Maryland""","""24""","""2021""","""2021""","""Unknown or Not Stated""","""9""",95
NA,"""Maryland""","""24""","""2021""","""2021""","""Not Applicable""","""3""",65236
NA,"""Massachusetts""","""25""","""2016""","""2016""","""Yes""","""1""",1844
NA,"""Massachusetts""","""25""","""2016""","""2016""","""No""","""2""",1771
NA,"""Massachusetts""","""25""","""2016""","""2016""","""Unknown or Not Stated""","""9""",390
NA,"""Massachusetts""","""25""","""2016""","""2016""","""Not Applicable""","""3""",67312
NA,"""Massachusetts""","""25""","""2017""","""2017""","""Yes""","""1""",1657
NA,"""Massachusetts""","""25""","""2017""","""2017""","""No""","""2""",1829
NA,"""Massachusetts""","""25""","""2017""","""2017""","""Unknown or Not Stated""","""9""",395
NA,"""Massachusetts""","""25""","""2017""","""2017""","""Not Applicable""","""3""",66821
NA,"""Massachusetts""","""25""","""2018""","""2018""","""Yes""","""1""",1658
NA,"""Massachusetts""","""25""","""2018""","""2018""","""No""","""2""",1984
NA,"""Massachusetts""","""25""","""2018""","""2018""","""Unknown or Not Stated""","""9""",360
NA,"""Massachusetts""","""25""","""2018""","""2018""","""Not Applicable""","""3""",65107
NA,"""Massachusetts""","""25""","""2019""","""2019""","""Yes""","""1""",1713
NA,"""Massachusetts""","""25""","""2019""","""2019""","""No""","""2""",2174
NA,"""Massachusetts""","""25""","""2019""","""2019""","""Unknown or Not Stated""","""9""",376
NA,"""Massachusetts""","""25""","""2019""","""2019""","""Not Applicable""","""3""",64854
NA,"""Massachusetts""","""25""","""2020""","""2020""","""Yes""","""1""",1647
NA,"""Massachusetts""","""25""","""2020""","""2020""","""No""","""2""",2135
NA,"""Massachusetts""","""25""","""2020""","""2020""","""Unknown or Not Stated""","""9""",562
NA,"""Massachusetts""","""25""","""2020""","""2020""","""Not Applicable""","""3""",62084
NA,"""Massachusetts""","""25""","""2021""","""2021""","""Yes""","""1""",1666
NA,"""Massachusetts""","""25""","""2021""","""2021""","""No""","""2""",2285
NA,"""Massachusetts""","""25""","""2021""","""2021""","""Unknown or Not Stated""","""9""",601
NA,"""Massachusetts""","""25""","""2021""","""2021""","""Not Applicable""","""3""",64585
NA,"""Michigan""","""26""","""2016""","""2016""","""Yes""","""1""",454
NA,"""Michigan""","""26""","""2016""","""2016""","""No""","""2""",849
NA,"""Michigan""","""26""","""2016""","""2016""","""Unknown or Not Stated""","""9""",372
NA,"""Michigan""","""26""","""2016""","""2016""","""Not Applicable""","""3""",111640
NA,"""Michigan""","""26""","""2017""","""2017""","""Yes""","""1""",428
NA,"""Michigan""","""26""","""2017""","""2017""","""No""","""2""",909
NA,"""Michigan""","""26""","""2017""","""2017""","""Unknown or Not Stated""","""9""",401
NA,"""Michigan""","""26""","""2017""","""2017""","""Not Applicable""","""3""",109688
NA,"""Michigan""","""26""","""2018""","""2018""","""Yes""","""1""",345
NA,"""Michigan""","""26""","""2018""","""2018""","""No""","""2""",888
NA,"""Michigan""","""26""","""2018""","""2018""","""Unknown or Not Stated""","""9""",348
NA,"""Michigan""","""26""","""2018""","""2018""","""Not Applicable""","""3""",108451
NA,"""Michigan""","""26""","""2019""","""2019""","""Yes""","""1""",396
NA,"""Michigan""","""26""","""2019""","""2019""","""No""","""2""",1078
NA,"""Michigan""","""26""","""2019""","""2019""","""Unknown or Not Stated""","""9""",267
NA,"""Michigan""","""26""","""2019""","""2019""","""Not Applicable""","""3""",106145
NA,"""Michigan""","""26""","""2020""","""2020""","""Yes""","""1""",309
NA,"""Michigan""","""26""","""2020""","""2020""","""No""","""2""",737
NA,"""Michigan""","""26""","""2020""","""2020""","""Unknown or Not Stated""","""9""",191
NA,"""Michigan""","""26""","""2020""","""2020""","""Not Applicable""","""3""",102837
NA,"""Michigan""","""26""","""2021""","""2021""","""Yes""","""1""",270
NA,"""Michigan""","""26""","""2021""","""2021""","""No""","""2""",736
NA,"""Michigan""","""26""","""2021""","""2021""","""Unknown or Not Stated""","""9""",145
NA,"""Michigan""","""26""","""2021""","""2021""","""Not Applicable""","""3""",103829
NA,"""Minnesota""","""27""","""2016""","""2016""","""Yes""","""1""",642
NA,"""Minnesota""","""27""","""2016""","""2016""","""No""","""2""",780
NA,"""Minnesota""","""27""","""2016""","""2016""","""Unknown or Not Stated""","""9""",90
NA,"""Minnesota""","""27""","""2016""","""2016""","""Not Applicable""","""3""",68237
NA,"""Minnesota""","""27""","""2017""","""2017""","""Yes""","""1""",664
NA,"""Minnesota""","""27""","""2017""","""2017""","""No""","""2""",902
NA,"""Minnesota""","""27""","""2017""","""2017""","""Unknown or Not Stated""","""9""",136
NA,"""Minnesota""","""27""","""2017""","""2017""","""Not Applicable""","""3""",66893
NA,"""Minnesota""","""27""","""2018""","""2018""","""Yes""","""1""",590
NA,"""Minnesota""","""27""","""2018""","""2018""","""No""","""2""",1038
NA,"""Minnesota""","""27""","""2018""","""2018""","""Unknown or Not Stated""","""9""",65
NA,"""Minnesota""","""27""","""2018""","""2018""","""Not Applicable""","""3""",65651
NA,"""Minnesota""","""27""","""2019""","""2019""","""Yes""","""1""",618
NA,"""Minnesota""","""27""","""2019""","""2019""","""No""","""2""",1184
NA,"""Minnesota""","""27""","""2019""","""2019""","""Unknown or Not Stated""","""9""",101
NA,"""Minnesota""","""27""","""2019""","""2019""","""Not Applicable""","""3""",64124
NA,"""Minnesota""","""27""","""2020""","""2020""","""Yes""","""1""",626
NA,"""Minnesota""","""27""","""2020""","""2020""","""No""","""2""",1154
NA,"""Minnesota""","""27""","""2020""","""2020""","""Unknown or Not Stated""","""9""",73
NA,"""Minnesota""","""27""","""2020""","""2020""","""Not Applicable""","""3""",61590
NA,"""Minnesota""","""27""","""2021""","""2021""","""Yes""","""1""",521
NA,"""Minnesota""","""27""","""2021""","""2021""","""No""","""2""",1437
NA,"""Minnesota""","""27""","""2021""","""2021""","""Unknown or Not Stated""","""9""",64
NA,"""Minnesota""","""27""","""2021""","""2021""","""Not Applicable""","""3""",62403
NA,"""Mississippi""","""28""","""2016""","""2016""","""Yes""","""1""",129
NA,"""Mississippi""","""28""","""2016""","""2016""","""No""","""2""",79
NA,"""Mississippi""","""28""","""2016""","""2016""","""Unknown or Not Stated""","""9""",28
NA,"""Mississippi""","""28""","""2016""","""2016""","""Not Applicable""","""3""",37692
NA,"""Mississippi""","""28""","""2017""","""2017""","""Yes""","""1""",126
NA,"""Mississippi""","""28""","""2017""","""2017""","""No""","""2""",84
NA,"""Mississippi""","""28""","""2017""","""2017""","""Unknown or Not Stated""","""9""",34
NA,"""Mississippi""","""28""","""2017""","""2017""","""Not Applicable""","""3""",37113
NA,"""Mississippi""","""28""","""2018""","""2018""","""Yes""","""1""",121
NA,"""Mississippi""","""28""","""2018""","""2018""","""No""","""2""",93
NA,"""Mississippi""","""28""","""2018""","""2018""","""Unknown or Not Stated""","""9""",40
NA,"""Mississippi""","""28""","""2018""","""2018""","""Not Applicable""","""3""",36746
NA,"""Mississippi""","""28""","""2019""","""2019""","""Yes""","""1""",124
NA,"""Mississippi""","""28""","""2019""","""2019""","""No""","""2""",114
NA,"""Mississippi""","""28""","""2019""","""2019""","""Unknown or Not Stated""","""9""",18
NA,"""Mississippi""","""28""","""2019""","""2019""","""Not Applicable""","""3""",36380
NA,"""Mississippi""","""28""","""2020""","""2020""","""Yes""","""1""",107
NA,"""Mississippi""","""28""","""2020""","""2020""","""No""","""2""",128
NA,"""Mississippi""","""28""","""2020""","""2020""","""Unknown or Not Stated""","""9""",12
NA,"""Mississippi""","""28""","""2020""","""2020""","""Not Applicable""","""3""",35226
NA,"""Mississippi""","""28""","""2021""","""2021""","""Yes""","""1""",126
NA,"""Mississippi""","""28""","""2021""","""2021""","""No""","""2""",139
NA,"""Mississippi""","""28""","""2021""","""2021""","""Unknown or Not Stated""","""9""",16
NA,"""Mississippi""","""28""","""2021""","""2021""","""Not Applicable""","""3""",34875
NA,"""Missouri""","""29""","""2016""","""2016""","""Yes""","""1""",715
NA,"""Missouri""","""29""","""2016""","""2016""","""No""","""2""",265
NA,"""Missouri""","""29""","""2016""","""2016""","""Unknown or Not Stated""","""9""",85
NA,"""Missouri""","""29""","""2016""","""2016""","""Not Applicable""","""3""",73640
NA,"""Missouri""","""29""","""2017""","""2017""","""Yes""","""1""",772
NA,"""Missouri""","""29""","""2017""","""2017""","""No""","""2""",280
NA,"""Missouri""","""29""","""2017""","""2017""","""Unknown or Not Stated""","""9""",116
NA,"""Missouri""","""29""","""2017""","""2017""","""Not Applicable""","""3""",71866
NA,"""Missouri""","""29""","""2018""","""2018""","""Yes""","""1""",805
NA,"""Missouri""","""29""","""2018""","""2018""","""No""","""2""",358
NA,"""Missouri""","""29""","""2018""","""2018""","""Unknown or Not Stated""","""9""",99
NA,"""Missouri""","""29""","""2018""","""2018""","""Not Applicable""","""3""",72007
NA,"""Missouri""","""29""","""2019""","""2019""","""Yes""","""1""",774
NA,"""Missouri""","""29""","""2019""","""2019""","""No""","""2""",428
NA,"""Missouri""","""29""","""2019""","""2019""","""Unknown or Not Stated""","""9""",86
NA,"""Missouri""","""29""","""2019""","""2019""","""Not Applicable""","""3""",70839
NA,"""Missouri""","""29""","""2020""","""2020""","""Yes""","""1""",734
NA,"""Missouri""","""29""","""2020""","""2020""","""No""","""2""",377
NA,"""Missouri""","""29""","""2020""","""2020""","""Unknown or Not Stated""","""9""",67
NA,"""Missouri""","""29""","""2020""","""2020""","""Not Applicable""","""3""",68107
NA,"""Missouri""","""29""","""2021""","""2021""","""Yes""","""1""",808
NA,"""Missouri""","""29""","""2021""","""2021""","""No""","""2""",502
NA,"""Missouri""","""29""","""2021""","""2021""","""Unknown or Not Stated""","""9""",81
NA,"""Missouri""","""29""","""2021""","""2021""","""Not Applicable""","""3""",68062
NA,"""Montana""","""30""","""2016""","""2016""","""Yes""","""1""",84
NA,"""Montana""","""30""","""2016""","""2016""","""No""","""2""",103
NA,"""Montana""","""30""","""2016""","""2016""","""Unknown or Not Stated""","""9""",15
NA,"""Montana""","""30""","""2016""","""2016""","""Not Applicable""","""3""",12080
NA,"""Montana""","""30""","""2017""","""2017""","""Yes""","""1""",74
NA,"""Montana""","""30""","""2017""","""2017""","""No""","""2""",119
NA,"""Montana""","""30""","""2017""","""2017""","""Unknown or Not Stated""","""9""",11
NA,"""Montana""","""30""","""2017""","""2017""","""Not Applicable""","""3""",11595
NA,"""Montana""","""30""","""2018""","""2018""","""Yes""","""1""",85
NA,"""Montana""","""30""","""2018""","""2018""","""No""","""2""",105
NA,"""Montana""","""30""","""2018""","""2018""","""Not Applicable""","""3""",11314
NA,"""Montana""","""30""","""2019""","""2019""","""Yes""","""1""",113
NA,"""Montana""","""30""","""2019""","""2019""","""No""","""2""",106
NA,"""Montana""","""30""","""2019""","""2019""","""Not Applicable""","""3""",10856
NA,"""Montana""","""30""","""2020""","""2020""","""Yes""","""1""",90
NA,"""Montana""","""30""","""2020""","""2020""","""No""","""2""",98
NA,"""Montana""","""30""","""2020""","""2020""","""Not Applicable""","""3""",10596
NA,"""Montana""","""30""","""2021""","""2021""","""Yes""","""1""",94
NA,"""Montana""","""30""","""2021""","""2021""","""No""","""2""",136
NA,"""Montana""","""30""","""2021""","""2021""","""Not Applicable""","""3""",11000
NA,"""Nebraska""","""31""","""2016""","""2016""","""Yes""","""1""",242
NA,"""Nebraska""","""31""","""2016""","""2016""","""No""","""2""",316
NA,"""Nebraska""","""31""","""2016""","""2016""","""Unknown or Not Stated""","""9""",39
NA,"""Nebraska""","""31""","""2016""","""2016""","""Not Applicable""","""3""",25992
NA,"""Nebraska""","""31""","""2017""","""2017""","""Yes""","""1""",191
NA,"""Nebraska""","""31""","""2017""","""2017""","""No""","""2""",354
NA,"""Nebraska""","""31""","""2017""","""2017""","""Unknown or Not Stated""","""9""",32
NA,"""Nebraska""","""31""","""2017""","""2017""","""Not Applicable""","""3""",25244
NA,"""Nebraska""","""31""","""2018""","""2018""","""Yes""","""1""",193
NA,"""Nebraska""","""31""","""2018""","""2018""","""No""","""2""",360
NA,"""Nebraska""","""31""","""2018""","""2018""","""Unknown or Not Stated""","""9""",30
NA,"""Nebraska""","""31""","""2018""","""2018""","""Not Applicable""","""3""",24905
NA,"""Nebraska""","""31""","""2019""","""2019""","""Yes""","""1""",274
NA,"""Nebraska""","""31""","""2019""","""2019""","""No""","""2""",381
NA,"""Nebraska""","""31""","""2019""","""2019""","""Unknown or Not Stated""","""9""",40
NA,"""Nebraska""","""31""","""2019""","""2019""","""Not Applicable""","""3""",24060
NA,"""Nebraska""","""31""","""2020""","""2020""","""Yes""","""1""",230
NA,"""Nebraska""","""31""","""2020""","""2020""","""No""","""2""",297
NA,"""Nebraska""","""31""","""2020""","""2020""","""Unknown or Not Stated""","""9""",107
NA,"""Nebraska""","""31""","""2020""","""2020""","""Not Applicable""","""3""",23657
NA,"""Nebraska""","""31""","""2021""","""2021""","""Yes""","""1""",260
NA,"""Nebraska""","""31""","""2021""","""2021""","""No""","""2""",359
NA,"""Nebraska""","""31""","""2021""","""2021""","""Unknown or Not Stated""","""9""",87
NA,"""Nebraska""","""31""","""2021""","""2021""","""Not Applicable""","""3""",23903
NA,"""Nevada""","""32""","""2016""","""2016""","""Yes""","""1""",255
NA,"""Nevada""","""32""","""2016""","""2016""","""No""","""2""",329
NA,"""Nevada""","""32""","""2016""","""2016""","""Not Applicable""","""3""",35673
NA,"""Nevada""","""32""","""2017""","""2017""","""Yes""","""1""",231
NA,"""Nevada""","""32""","""2017""","""2017""","""No""","""2""",301
NA,"""Nevada""","""32""","""2017""","""2017""","""Not Applicable""","""3""",35219
NA,"""Nevada""","""32""","""2018""","""2018""","""Yes""","""1""",253
NA,"""Nevada""","""32""","""2018""","""2018""","""No""","""2""",312
NA,"""Nevada""","""32""","""2018""","""2018""","""Not Applicable""","""3""",35113
NA,"""Nevada""","""32""","""2019""","""2019""","""Yes""","""1""",208
NA,"""Nevada""","""32""","""2019""","""2019""","""No""","""2""",409
NA,"""Nevada""","""32""","""2019""","""2019""","""Not Applicable""","""3""",34449
NA,"""Nevada""","""32""","""2020""","""2020""","""Yes""","""1""",269
NA,"""Nevada""","""32""","""2020""","""2020""","""No""","""2""",382
NA,"""Nevada""","""32""","""2020""","""2020""","""Not Applicable""","""3""",32998
NA,"""Nevada""","""32""","""2021""","""2021""","""Yes""","""1""",389
NA,"""Nevada""","""32""","""2021""","""2021""","""No""","""2""",382
NA,"""Nevada""","""32""","""2021""","""2021""","""Not Applicable""","""3""",32911
NA,"""New Hampshire""","""33""","""2016""","""2016""","""Not Reported""","""10""",12267
NA,"""New Hampshire""","""33""","""2017""","""2017""","""Yes""","""1""",147
NA,"""New Hampshire""","""33""","""2017""","""2017""","""No""","""2""",185
NA,"""New Hampshire""","""33""","""2017""","""2017""","""Unknown or Not Stated""","""9""",56
NA,"""New Hampshire""","""33""","""2017""","""2017""","""Not Applicable""","""3""",11728
NA,"""New Hampshire""","""33""","""2018""","""2018""","""Yes""","""1""",155
NA,"""New Hampshire""","""33""","""2018""","""2018""","""No""","""2""",252
NA,"""New Hampshire""","""33""","""2018""","""2018""","""Unknown or Not Stated""","""9""",50
NA,"""New Hampshire""","""33""","""2018""","""2018""","""Not Applicable""","""3""",11538
NA,"""New Hampshire""","""33""","""2019""","""2019""","""Yes""","""1""",108
NA,"""New Hampshire""","""33""","""2019""","""2019""","""No""","""2""",245
NA,"""New Hampshire""","""33""","""2019""","""2019""","""Unknown or Not Stated""","""9""",48
NA,"""New Hampshire""","""33""","""2019""","""2019""","""Not Applicable""","""3""",11438
NA,"""New Hampshire""","""33""","""2020""","""2020""","""Yes""","""1""",174
NA,"""New Hampshire""","""33""","""2020""","""2020""","""No""","""2""",269
NA,"""New Hampshire""","""33""","""2020""","""2020""","""Unknown or Not Stated""","""9""",45
NA,"""New Hampshire""","""33""","""2020""","""2020""","""Not Applicable""","""3""",11303
NA,"""New Hampshire""","""33""","""2021""","""2021""","""Yes""","""1""",167
NA,"""New Hampshire""","""33""","""2021""","""2021""","""No""","""2""",315
NA,"""New Hampshire""","""33""","""2021""","""2021""","""Unknown or Not Stated""","""9""",46
NA,"""New Hampshire""","""33""","""2021""","""2021""","""Not Applicable""","""3""",12097
NA,"""New Jersey""","""34""","""2016""","""2016""","""Yes""","""1""",1189
NA,"""New Jersey""","""34""","""2016""","""2016""","""No""","""2""",2329
NA,"""New Jersey""","""34""","""2016""","""2016""","""Unknown or Not Stated""","""9""",340
NA,"""New Jersey""","""34""","""2016""","""2016""","""Not Applicable""","""3""",98789
NA,"""New Jersey""","""34""","""2017""","""2017""","""Yes""","""1""",1824
NA,"""New Jersey""","""34""","""2017""","""2017""","""No""","""2""",2345
NA,"""New Jersey""","""34""","""2017""","""2017""","""Unknown or Not Stated""","""9""",16
NA,"""New Jersey""","""34""","""2017""","""2017""","""Not Applicable""","""3""",97065
NA,"""New Jersey""","""34""","""2018""","""2018""","""Yes""","""1""",1809
NA,"""New Jersey""","""34""","""2018""","""2018""","""No""","""2""",2453
NA,"""New Jersey""","""34""","""2018""","""2018""","""Unknown or Not Stated""","""9""",14
NA,"""New Jersey""","""34""","""2018""","""2018""","""Not Applicable""","""3""",96947
NA,"""New Jersey""","""34""","""2019""","""2019""","""Yes""","""1""",1780
NA,"""New Jersey""","""34""","""2019""","""2019""","""No""","""2""",2701
NA,"""New Jersey""","""34""","""2019""","""2019""","""Unknown or Not Stated""","""9""",17
NA,"""New Jersey""","""34""","""2019""","""2019""","""Not Applicable""","""3""",95087
NA,"""New Jersey""","""34""","""2020""","""2020""","""Yes""","""1""",1538
NA,"""New Jersey""","""34""","""2020""","""2020""","""No""","""2""",2795
NA,"""New Jersey""","""34""","""2020""","""2020""","""Unknown or Not Stated""","""9""",13
NA,"""New Jersey""","""34""","""2020""","""2020""","""Not Applicable""","""3""",93608
NA,"""New Jersey""","""34""","""2021""","""2021""","""Yes""","""1""",1611
NA,"""New Jersey""","""34""","""2021""","""2021""","""No""","""2""",3065
NA,"""New Jersey""","""34""","""2021""","""2021""","""Unknown or Not Stated""","""9""",107
NA,"""New Jersey""","""34""","""2021""","""2021""","""Not Applicable""","""3""",96714
NA,"""New Mexico""","""35""","""2016""","""2016""","""Yes""","""1""",45
NA,"""New Mexico""","""35""","""2016""","""2016""","""No""","""2""",58
NA,"""New Mexico""","""35""","""2016""","""2016""","""Not Applicable""","""3""",24588
NA,"""New Mexico""","""35""","""2017""","""2017""","""Yes""","""1""",59
NA,"""New Mexico""","""35""","""2017""","""2017""","""No""","""2""",73
NA,"""New Mexico""","""35""","""2017""","""2017""","""Not Applicable""","""3""",23635
NA,"""New Mexico""","""35""","""2018""","""2018""","""Yes""","""1""",53
NA,"""New Mexico""","""35""","""2018""","""2018""","""No""","""2""",91
NA,"""New Mexico""","""35""","""2018""","""2018""","""Not Applicable""","""3""",22895
NA,"""New Mexico""","""35""","""2019""","""2019""","""Yes""","""1""",36
NA,"""New Mexico""","""35""","""2019""","""2019""","""No""","""2""",88
NA,"""New Mexico""","""35""","""2019""","""2019""","""Not Applicable""","""3""",22831
NA,"""New Mexico""","""35""","""2020""","""2020""","""Yes""","""1""",37
NA,"""New Mexico""","""35""","""2020""","""2020""","""No""","""2""",80
NA,"""New Mexico""","""35""","""2020""","""2020""","""Not Applicable""","""3""",21784
NA,"""New Mexico""","""35""","""2021""","""2021""","""Yes""","""1""",47
NA,"""New Mexico""","""35""","""2021""","""2021""","""No""","""2""",95
NA,"""New Mexico""","""35""","""2021""","""2021""","""Not Applicable""","""3""",21247
NA,"""New York""","""36""","""2016""","""2016""","""Yes""","""1""",2186
NA,"""New York""","""36""","""2016""","""2016""","""No""","""2""",3283
NA,"""New York""","""36""","""2016""","""2016""","""Unknown or Not Stated""","""9""",539
NA,"""New York""","""36""","""2016""","""2016""","""Not Applicable""","""3""",228275
NA,"""New York""","""36""","""2017""","""2017""","""Yes""","""1""",2271
NA,"""New York""","""36""","""2017""","""2017""","""No""","""2""",3799
NA,"""New York""","""36""","""2017""","""2017""","""Unknown or Not Stated""","""9""",611
NA,"""New York""","""36""","""2017""","""2017""","""Not Applicable""","""3""",223056
NA,"""New York""","""36""","""2018""","""2018""","""Yes""","""1""",2434
NA,"""New York""","""36""","""2018""","""2018""","""No""","""2""",3936
NA,"""New York""","""36""","""2018""","""2018""","""Unknown or Not Stated""","""9""",714
NA,"""New York""","""36""","""2018""","""2018""","""Not Applicable""","""3""",219154
NA,"""New York""","""36""","""2019""","""2019""","""Yes""","""1""",2251
NA,"""New York""","""36""","""2019""","""2019""","""No""","""2""",4057
NA,"""New York""","""36""","""2019""","""2019""","""Unknown or Not Stated""","""9""",677
NA,"""New York""","""36""","""2019""","""2019""","""Not Applicable""","""3""",214554
NA,"""New York""","""36""","""2020""","""2020""","""Yes""","""1""",2094
NA,"""New York""","""36""","""2020""","""2020""","""No""","""2""",3950
NA,"""New York""","""36""","""2020""","""2020""","""Unknown or Not Stated""","""9""",572
NA,"""New York""","""36""","""2020""","""2020""","""Not Applicable""","""3""",202722
NA,"""New York""","""36""","""2021""","""2021""","""Yes""","""1""",2039
NA,"""New York""","""36""","""2021""","""2021""","""No""","""2""",4559
NA,"""New York""","""36""","""2021""","""2021""","""Unknown or Not Stated""","""9""",640
NA,"""New York""","""36""","""2021""","""2021""","""Not Applicable""","""3""",203504
NA,"""North Carolina""","""37""","""2016""","""2016""","""Yes""","""1""",457
NA,"""North Carolina""","""37""","""2016""","""2016""","""No""","""2""",619
NA,"""North Carolina""","""37""","""2016""","""2016""","""Unknown or Not Stated""","""9""",17
NA,"""North Carolina""","""37""","""2016""","""2016""","""Not Applicable""","""3""",119686
NA,"""North Carolina""","""37""","""2017""","""2017""","""Yes""","""1""",618
NA,"""North Carolina""","""37""","""2017""","""2017""","""No""","""2""",707
NA,"""North Carolina""","""37""","""2017""","""2017""","""Unknown or Not Stated""","""9""",15
NA,"""North Carolina""","""37""","""2017""","""2017""","""Not Applicable""","""3""",118785
NA,"""North Carolina""","""37""","""2018""","""2018""","""Yes""","""1""",584
NA,"""North Carolina""","""37""","""2018""","""2018""","""No""","""2""",639
NA,"""North Carolina""","""37""","""2018""","""2018""","""Unknown or Not Stated""","""9""",32
NA,"""North Carolina""","""37""","""2018""","""2018""","""Not Applicable""","""3""",117699
NA,"""North Carolina""","""37""","""2019""","""2019""","""Yes""","""1""",529
NA,"""North Carolina""","""37""","""2019""","""2019""","""No""","""2""",646
NA,"""North Carolina""","""37""","""2019""","""2019""","""Unknown or Not Stated""","""9""",11
NA,"""North Carolina""","""37""","""2019""","""2019""","""Not Applicable""","""3""",117539
NA,"""North Carolina""","""37""","""2020""","""2020""","""Yes""","""1""",502
NA,"""North Carolina""","""37""","""2020""","""2020""","""No""","""2""",766
NA,"""North Carolina""","""37""","""2020""","""2020""","""Unknown or Not Stated""","""9""",14
NA,"""North Carolina""","""37""","""2020""","""2020""","""Not Applicable""","""3""",115448
NA,"""North Carolina""","""37""","""2021""","""2021""","""Yes""","""1""",445
NA,"""North Carolina""","""37""","""2021""","""2021""","""No""","""2""",900
NA,"""North Carolina""","""37""","""2021""","""2021""","""Unknown or Not Stated""","""9""",29
NA,"""North Carolina""","""37""","""2021""","""2021""","""Not Applicable""","""3""",119092
NA,"""North Dakota""","""38""","""2016""","""2016""","""Yes""","""1""",82
NA,"""North Dakota""","""38""","""2016""","""2016""","""No""","""2""",65
NA,"""North Dakota""","""38""","""2016""","""2016""","""Not Applicable""","""3""",11236
NA,"""North Dakota""","""38""","""2017""","""2017""","""Yes""","""1""",84
NA,"""North Dakota""","""38""","""2017""","""2017""","""No""","""2""",85
NA,"""North Dakota""","""38""","""2017""","""2017""","""Not Applicable""","""3""",10565
NA,"""North Dakota""","""38""","""2018""","""2018""","""Yes""","""1""",65
NA,"""North Dakota""","""38""","""2018""","""2018""","""No""","""2""",82
NA,"""North Dakota""","""38""","""2018""","""2018""","""Not Applicable""","""3""",10487
NA,"""North Dakota""","""38""","""2019""","""2019""","""Yes""","""1""",91
NA,"""North Dakota""","""38""","""2019""","""2019""","""No""","""2""",104
NA,"""North Dakota""","""38""","""2019""","""2019""","""Not Applicable""","""3""",10259
NA,"""North Dakota""","""38""","""2020""","""2020""","""Yes""","""1""",80
NA,"""North Dakota""","""38""","""2020""","""2020""","""No""","""2""",95
NA,"""North Dakota""","""38""","""2020""","""2020""","""Not Applicable""","""3""",9884
NA,"""North Dakota""","""38""","""2021""","""2021""","""Yes""","""1""",89
NA,"""North Dakota""","""38""","""2021""","""2021""","""No""","""2""",118
NA,"""North Dakota""","""38""","""2021""","""2021""","""Not Applicable""","""3""",9905
NA,"""Ohio""","""39""","""2016""","""2016""","""Yes""","""1""",1909
NA,"""Ohio""","""39""","""2016""","""2016""","""No""","""2""",1007
NA,"""Ohio""","""39""","""2016""","""2016""","""Unknown or Not Stated""","""9""",36
NA,"""Ohio""","""39""","""2016""","""2016""","""Not Applicable""","""3""",135133
NA,"""Ohio""","""39""","""2017""","""2017""","""Yes""","""1""",1854
NA,"""Ohio""","""39""","""2017""","""2017""","""No""","""2""",1134
NA,"""Ohio""","""39""","""2017""","""2017""","""Unknown or Not Stated""","""9""",22
NA,"""Ohio""","""39""","""2017""","""2017""","""Not Applicable""","""3""",133822
NA,"""Ohio""","""39""","""2018""","""2018""","""Yes""","""1""",1782
NA,"""Ohio""","""39""","""2018""","""2018""","""No""","""2""",1083
NA,"""Ohio""","""39""","""2018""","""2018""","""Unknown or Not Stated""","""9""",20
NA,"""Ohio""","""39""","""2018""","""2018""","""Not Applicable""","""3""",132249
NA,"""Ohio""","""39""","""2019""","""2019""","""Yes""","""1""",1692
NA,"""Ohio""","""39""","""2019""","""2019""","""No""","""2""",1162
NA,"""Ohio""","""39""","""2019""","""2019""","""Unknown or Not Stated""","""9""",24
NA,"""Ohio""","""39""","""2019""","""2019""","""Not Applicable""","""3""",131583
NA,"""Ohio""","""39""","""2020""","""2020""","""Yes""","""1""",1512
NA,"""Ohio""","""39""","""2020""","""2020""","""No""","""2""",1141
NA,"""Ohio""","""39""","""2020""","""2020""","""Unknown or Not Stated""","""9""",23
NA,"""Ohio""","""39""","""2020""","""2020""","""Not Applicable""","""3""",126515
NA,"""Ohio""","""39""","""2021""","""2021""","""Yes""","""1""",1511
NA,"""Ohio""","""39""","""2021""","""2021""","""No""","""2""",1313
NA,"""Ohio""","""39""","""2021""","""2021""","""Unknown or Not Stated""","""9""",25
NA,"""Ohio""","""39""","""2021""","""2021""","""Not Applicable""","""3""",126942
NA,"""Oklahoma""","""40""","""2016""","""2016""","""Yes""","""1""",188
NA,"""Oklahoma""","""40""","""2016""","""2016""","""No""","""2""",171
NA,"""Oklahoma""","""40""","""2016""","""2016""","""Unknown or Not Stated""","""9""",32
NA,"""Oklahoma""","""40""","""2016""","""2016""","""Not Applicable""","""3""",52201
NA,"""Oklahoma""","""40""","""2017""","""2017""","""Yes""","""1""",211
NA,"""Oklahoma""","""40""","""2017""","""2017""","""No""","""2""",192
NA,"""Oklahoma""","""40""","""2017""","""2017""","""Unknown or Not Stated""","""9""",50
NA,"""Oklahoma""","""40""","""2017""","""2017""","""Not Applicable""","""3""",49761
NA,"""Oklahoma""","""40""","""2018""","""2018""","""Yes""","""1""",247
NA,"""Oklahoma""","""40""","""2018""","""2018""","""No""","""2""",239
NA,"""Oklahoma""","""40""","""2018""","""2018""","""Unknown or Not Stated""","""9""",16
NA,"""Oklahoma""","""40""","""2018""","""2018""","""Not Applicable""","""3""",49298
NA,"""Oklahoma""","""40""","""2019""","""2019""","""Yes""","""1""",297
NA,"""Oklahoma""","""40""","""2019""","""2019""","""No""","""2""",247
NA,"""Oklahoma""","""40""","""2019""","""2019""","""Unknown or Not Stated""","""9""",23
NA,"""Oklahoma""","""40""","""2019""","""2019""","""Not Applicable""","""3""",48576
NA,"""Oklahoma""","""40""","""2020""","""2020""","""Yes""","""1""",321
NA,"""Oklahoma""","""40""","""2020""","""2020""","""No""","""2""",271
NA,"""Oklahoma""","""40""","""2020""","""2020""","""Unknown or Not Stated""","""9""",17
NA,"""Oklahoma""","""40""","""2020""","""2020""","""Not Applicable""","""3""",47014
NA,"""Oklahoma""","""40""","""2021""","""2021""","""Yes""","""1""",305
NA,"""Oklahoma""","""40""","""2021""","""2021""","""No""","""2""",305
NA,"""Oklahoma""","""40""","""2021""","""2021""","""Unknown or Not Stated""","""9""",31
NA,"""Oklahoma""","""40""","""2021""","""2021""","""Not Applicable""","""3""",47769
NA,"""Oregon""","""41""","""2016""","""2016""","""Yes""","""1""",266
NA,"""Oregon""","""41""","""2016""","""2016""","""No""","""2""",795
NA,"""Oregon""","""41""","""2016""","""2016""","""Not Applicable""","""3""",44469
NA,"""Oregon""","""41""","""2017""","""2017""","""Yes""","""1""",250
NA,"""Oregon""","""41""","""2017""","""2017""","""No""","""2""",950
NA,"""Oregon""","""41""","""2017""","""2017""","""Not Applicable""","""3""",42431
NA,"""Oregon""","""41""","""2018""","""2018""","""Yes""","""1""",270
NA,"""Oregon""","""41""","""2018""","""2018""","""No""","""2""",1004
NA,"""Oregon""","""41""","""2018""","""2018""","""Not Applicable""","""3""",40914
NA,"""Oregon""","""41""","""2019""","""2019""","""Yes""","""1""",295
NA,"""Oregon""","""41""","""2019""","""2019""","""No""","""2""",988
NA,"""Oregon""","""41""","""2019""","""2019""","""Not Applicable""","""3""",40571
NA,"""Oregon""","""41""","""2020""","""2020""","""Yes""","""1""",254
NA,"""Oregon""","""41""","""2020""","""2020""","""No""","""2""",882
NA,"""Oregon""","""41""","""2020""","""2020""","""Not Applicable""","""3""",38682
NA,"""Oregon""","""41""","""2021""","""2021""","""Yes""","""1""",255
NA,"""Oregon""","""41""","""2021""","""2021""","""No""","""2""",1039
NA,"""Oregon""","""41""","""2021""","""2021""","""Not Applicable""","""3""",39620
NA,"""Pennsylvania""","""42""","""2016""","""2016""","""Yes""","""1""",823
NA,"""Pennsylvania""","""42""","""2016""","""2016""","""No""","""2""",1272
NA,"""Pennsylvania""","""42""","""2016""","""2016""","""Unknown or Not Stated""","""9""",520
NA,"""Pennsylvania""","""42""","""2016""","""2016""","""Not Applicable""","""3""",136794
NA,"""Pennsylvania""","""42""","""2017""","""2017""","""Yes""","""1""",788
NA,"""Pennsylvania""","""42""","""2017""","""2017""","""No""","""2""",1328
NA,"""Pennsylvania""","""42""","""2017""","""2017""","""Unknown or Not Stated""","""9""",555
NA,"""Pennsylvania""","""42""","""2017""","""2017""","""Not Applicable""","""3""",135074
NA,"""Pennsylvania""","""42""","""2018""","""2018""","""Yes""","""1""",791
NA,"""Pennsylvania""","""42""","""2018""","""2018""","""No""","""2""",1363
NA,"""Pennsylvania""","""42""","""2018""","""2018""","""Unknown or Not Stated""","""9""",491
NA,"""Pennsylvania""","""42""","""2018""","""2018""","""Not Applicable""","""3""",133028
NA,"""Pennsylvania""","""42""","""2019""","""2019""","""Yes""","""1""",720
NA,"""Pennsylvania""","""42""","""2019""","""2019""","""No""","""2""",1407
NA,"""Pennsylvania""","""42""","""2019""","""2019""","""Unknown or Not Stated""","""9""",501
NA,"""Pennsylvania""","""42""","""2019""","""2019""","""Not Applicable""","""3""",131602
NA,"""Pennsylvania""","""42""","""2020""","""2020""","""Yes""","""1""",698
NA,"""Pennsylvania""","""42""","""2020""","""2020""","""No""","""2""",1525
NA,"""Pennsylvania""","""42""","""2020""","""2020""","""Unknown or Not Stated""","""9""",515
NA,"""Pennsylvania""","""42""","""2020""","""2020""","""Not Applicable""","""3""",127955
NA,"""Pennsylvania""","""42""","""2021""","""2021""","""Yes""","""1""",1018
NA,"""Pennsylvania""","""42""","""2021""","""2021""","""No""","""2""",1849
NA,"""Pennsylvania""","""42""","""2021""","""2021""","""Unknown or Not Stated""","""9""",589
NA,"""Pennsylvania""","""42""","""2021""","""2021""","""Not Applicable""","""3""",129166
NA,"""Rhode Island""","""44""","""2016""","""2016""","""Yes""","""1""",89
NA,"""Rhode Island""","""44""","""2016""","""2016""","""No""","""2""",113
NA,"""Rhode Island""","""44""","""2016""","""2016""","""Not Applicable""","""3""",10587
NA,"""Rhode Island""","""44""","""2017""","""2017""","""Yes""","""1""",84
NA,"""Rhode Island""","""44""","""2017""","""2017""","""No""","""2""",140
NA,"""Rhode Island""","""44""","""2017""","""2017""","""Not Applicable""","""3""",10409
NA,"""Rhode Island""","""44""","""2018""","""2018""","""Yes""","""1""",74
NA,"""Rhode Island""","""44""","""2018""","""2018""","""No""","""2""",148
NA,"""Rhode Island""","""44""","""2018""","""2018""","""Not Applicable""","""3""",10276
NA,"""Rhode Island""","""44""","""2019""","""2019""","""Yes""","""1""",72
NA,"""Rhode Island""","""44""","""2019""","""2019""","""No""","""2""",142
NA,"""Rhode Island""","""44""","""2019""","""2019""","""Unknown or Not Stated""","""9""",18
NA,"""Rhode Island""","""44""","""2019""","""2019""","""Not Applicable""","""3""",9943
NA,"""Rhode Island""","""44""","""2020""","""2020""","""Yes""","""1""",81
NA,"""Rhode Island""","""44""","""2020""","""2020""","""No""","""2""",118
NA,"""Rhode Island""","""44""","""2020""","""2020""","""Unknown or Not Stated""","""9""",19
NA,"""Rhode Island""","""44""","""2020""","""2020""","""Not Applicable""","""3""",9883
NA,"""Rhode Island""","""44""","""2021""","""2021""","""Yes""","""1""",87
NA,"""Rhode Island""","""44""","""2021""","""2021""","""No""","""2""",117
NA,"""Rhode Island""","""44""","""2021""","""2021""","""Unknown or Not Stated""","""9""",16
NA,"""Rhode Island""","""44""","""2021""","""2021""","""Not Applicable""","""3""",10244
NA,"""South Carolina""","""45""","""2016""","""2016""","""Not Reported""","""10""",57342
NA,"""South Carolina""","""45""","""2017""","""2017""","""Not Reported""","""10""",57029
NA,"""South Carolina""","""45""","""2018""","""2018""","""Not Reported""","""10""",56669
NA,"""South Carolina""","""45""","""2019""","""2019""","""Not Reported""","""10""",57038
NA,"""South Carolina""","""45""","""2020""","""2020""","""Not Reported""","""10""",55704
NA,"""South Carolina""","""45""","""2021""","""2021""","""Not Reported""","""10""",57185
NA,"""South Dakota""","""46""","""2016""","""2016""","""Yes""","""1""",177
NA,"""South Dakota""","""46""","""2016""","""2016""","""No""","""2""",63
NA,"""South Dakota""","""46""","""2016""","""2016""","""Not Applicable""","""3""",12034
NA,"""South Dakota""","""46""","""2017""","""2017""","""Yes""","""1""",178
NA,"""South Dakota""","""46""","""2017""","""2017""","""No""","""2""",65
NA,"""South Dakota""","""46""","""2017""","""2017""","""Not Applicable""","""3""",11887
NA,"""South Dakota""","""46""","""2018""","""2018""","""Yes""","""1""",152
NA,"""South Dakota""","""46""","""2018""","""2018""","""No""","""2""",65
NA,"""South Dakota""","""46""","""2018""","""2018""","""Unknown or Not Stated""","""9""",12
NA,"""South Dakota""","""46""","""2018""","""2018""","""Not Applicable""","""3""",11664
NA,"""South Dakota""","""46""","""2019""","""2019""","""Yes""","""1""",180
NA,"""South Dakota""","""46""","""2019""","""2019""","""No""","""2""",68
NA,"""South Dakota""","""46""","""2019""","""2019""","""Not Applicable""","""3""",11198
NA,"""South Dakota""","""46""","""2020""","""2020""","""Yes""","""1""",154
NA,"""South Dakota""","""46""","""2020""","""2020""","""No""","""2""",54
NA,"""South Dakota""","""46""","""2020""","""2020""","""Not Applicable""","""3""",10743
NA,"""South Dakota""","""46""","""2021""","""2021""","""Yes""","""1""",164
NA,"""South Dakota""","""46""","""2021""","""2021""","""No""","""2""",61
NA,"""South Dakota""","""46""","""2021""","""2021""","""Not Applicable""","""3""",11139
NA,"""Tennessee""","""47""","""2016""","""2016""","""Not Reported""","""10""",80807
NA,"""Tennessee""","""47""","""2017""","""2017""","""Not Reported""","""10""",81016
NA,"""Tennessee""","""47""","""2018""","""2018""","""Not Reported""","""10""",80751
NA,"""Tennessee""","""47""","""2019""","""2019""","""Not Reported""","""10""",80450
NA,"""Tennessee""","""47""","""2020""","""2020""","""Yes""","""1""",465
NA,"""Tennessee""","""47""","""2020""","""2020""","""No""","""2""",440
NA,"""Tennessee""","""47""","""2020""","""2020""","""Not Applicable""","""3""",77777
NA,"""Tennessee""","""47""","""2021""","""2021""","""Yes""","""1""",453
NA,"""Tennessee""","""47""","""2021""","""2021""","""No""","""2""",604
NA,"""Tennessee""","""47""","""2021""","""2021""","""Not Applicable""","""3""",80655
NA,"""Texas""","""48""","""2016""","""2016""","""Yes""","""1""",2327
NA,"""Texas""","""48""","""2016""","""2016""","""No""","""2""",1051
NA,"""Texas""","""48""","""2016""","""2016""","""Unknown or Not Stated""","""9""",21
NA,"""Texas""","""48""","""2016""","""2016""","""Not Applicable""","""3""",394648
NA,"""Texas""","""48""","""2017""","""2017""","""Yes""","""1""",2231
NA,"""Texas""","""48""","""2017""","""2017""","""No""","""2""",1197
NA,"""Texas""","""48""","""2017""","""2017""","""Unknown or Not Stated""","""9""",24
NA,"""Texas""","""48""","""2017""","""2017""","""Not Applicable""","""3""",378598
NA,"""Texas""","""48""","""2018""","""2018""","""Yes""","""1""",2187
NA,"""Texas""","""48""","""2018""","""2018""","""No""","""2""",1299
NA,"""Texas""","""48""","""2018""","""2018""","""Unknown or Not Stated""","""9""",50
NA,"""Texas""","""48""","""2018""","""2018""","""Not Applicable""","""3""",375088
NA,"""Texas""","""48""","""2019""","""2019""","""Yes""","""1""",1193
NA,"""Texas""","""48""","""2019""","""2019""","""No""","""2""",2404
NA,"""Texas""","""48""","""2019""","""2019""","""Unknown or Not Stated""","""9""",660
NA,"""Texas""","""48""","""2019""","""2019""","""Not Applicable""","""3""",373342
NA,"""Texas""","""48""","""2020""","""2020""","""Yes""","""1""",1156
NA,"""Texas""","""48""","""2020""","""2020""","""No""","""2""",2542
NA,"""Texas""","""48""","""2020""","""2020""","""Unknown or Not Stated""","""9""",602
NA,"""Texas""","""48""","""2020""","""2020""","""Not Applicable""","""3""",363890
NA,"""Texas""","""48""","""2021""","""2021""","""Yes""","""1""",1117
NA,"""Texas""","""48""","""2021""","""2021""","""No""","""2""",2924
NA,"""Texas""","""48""","""2021""","""2021""","""Unknown or Not Stated""","""9""",692
NA,"""Texas""","""48""","""2021""","""2021""","""Not Applicable""","""3""",368861
NA,"""Utah""","""49""","""2016""","""2016""","""Yes""","""1""",2151
NA,"""Utah""","""49""","""2016""","""2016""","""No""","""2""",450
NA,"""Utah""","""49""","""2016""","""2016""","""Unknown or Not Stated""","""9""",392
NA,"""Utah""","""49""","""2016""","""2016""","""Not Applicable""","""3""",47471
NA,"""Utah""","""49""","""2017""","""2017""","""Yes""","""1""",2227
NA,"""Utah""","""49""","""2017""","""2017""","""No""","""2""",473
NA,"""Utah""","""49""","""2017""","""2017""","""Unknown or Not Stated""","""9""",501
NA,"""Utah""","""49""","""2017""","""2017""","""Not Applicable""","""3""",45384
NA,"""Utah""","""49""","""2018""","""2018""","""Yes""","""1""",2285
NA,"""Utah""","""49""","""2018""","""2018""","""No""","""2""",637
NA,"""Utah""","""49""","""2018""","""2018""","""Unknown or Not Stated""","""9""",410
NA,"""Utah""","""49""","""2018""","""2018""","""Not Applicable""","""3""",43877
NA,"""Utah""","""49""","""2019""","""2019""","""Yes""","""1""",2297
NA,"""Utah""","""49""","""2019""","""2019""","""No""","""2""",591
NA,"""Utah""","""49""","""2019""","""2019""","""Unknown or Not Stated""","""9""",420
NA,"""Utah""","""49""","""2019""","""2019""","""Not Applicable""","""3""",43518
NA,"""Utah""","""49""","""2020""","""2020""","""Yes""","""1""",2210
NA,"""Utah""","""49""","""2020""","""2020""","""No""","""2""",545
NA,"""Utah""","""49""","""2020""","""2020""","""Unknown or Not Stated""","""9""",451
NA,"""Utah""","""49""","""2020""","""2020""","""Not Applicable""","""3""",42496
NA,"""Utah""","""49""","""2021""","""2021""","""Yes""","""1""",2391
NA,"""Utah""","""49""","""2021""","""2021""","""No""","""2""",455
NA,"""Utah""","""49""","""2021""","""2021""","""Unknown or Not Stated""","""9""",471
NA,"""Utah""","""49""","""2021""","""2021""","""Not Applicable""","""3""",43395
NA,"""Vermont""","""50""","""2016""","""2016""","""Yes""","""1""",86
NA,"""Vermont""","""50""","""2016""","""2016""","""No""","""2""",96
NA,"""Vermont""","""50""","""2016""","""2016""","""Unknown or Not Stated""","""9""",21
NA,"""Vermont""","""50""","""2016""","""2016""","""Not Applicable""","""3""",5553
NA,"""Vermont""","""50""","""2017""","""2017""","""Yes""","""1""",75
NA,"""Vermont""","""50""","""2017""","""2017""","""No""","""2""",145
NA,"""Vermont""","""50""","""2017""","""2017""","""Not Applicable""","""3""",5434
NA,"""Vermont""","""50""","""2018""","""2018""","""Yes""","""1""",79
NA,"""Vermont""","""50""","""2018""","""2018""","""No""","""2""",147
NA,"""Vermont""","""50""","""2018""","""2018""","""Not Applicable""","""3""",5202
NA,"""Vermont""","""50""","""2019""","""2019""","""Yes""","""1""",40
NA,"""Vermont""","""50""","""2019""","""2019""","""No""","""2""",177
NA,"""Vermont""","""50""","""2019""","""2019""","""Not Applicable""","""3""",5138
NA,"""Vermont""","""50""","""2020""","""2020""","""Yes""","""1""",43
NA,"""Vermont""","""50""","""2020""","""2020""","""No""","""2""",137
NA,"""Vermont""","""50""","""2020""","""2020""","""Not Applicable""","""3""",4950
NA,"""Vermont""","""50""","""2021""","""2021""","""Yes""","""1""",55
NA,"""Vermont""","""50""","""2021""","""2021""","""No""","""2""",180
NA,"""Vermont""","""50""","""2021""","""2021""","""Not Applicable""","""3""",5142
NA,"""Virginia""","""51""","""2016""","""2016""","""Yes""","""1""",558
NA,"""Virginia""","""51""","""2016""","""2016""","""No""","""2""",937
NA,"""Virginia""","""51""","""2016""","""2016""","""Unknown or Not Stated""","""9""",17
NA,"""Virginia""","""51""","""2016""","""2016""","""Not Applicable""","""3""",100948
NA,"""Virginia""","""51""","""2017""","""2017""","""Yes""","""1""",512
NA,"""Virginia""","""51""","""2017""","""2017""","""No""","""2""",1048
NA,"""Virginia""","""51""","""2017""","""2017""","""Unknown or Not Stated""","""9""",18
NA,"""Virginia""","""51""","""2017""","""2017""","""Not Applicable""","""3""",98813
NA,"""Virginia""","""51""","""2018""","""2018""","""Yes""","""1""",547
NA,"""Virginia""","""51""","""2018""","""2018""","""No""","""2""",1154
NA,"""Virginia""","""51""","""2018""","""2018""","""Unknown or Not Stated""","""9""",23
NA,"""Virginia""","""51""","""2018""","""2018""","""Not Applicable""","""3""",98119
NA,"""Virginia""","""51""","""2019""","""2019""","""Yes""","""1""",551
NA,"""Virginia""","""51""","""2019""","""2019""","""No""","""2""",1216
NA,"""Virginia""","""51""","""2019""","""2019""","""Unknown or Not Stated""","""9""",20
NA,"""Virginia""","""51""","""2019""","""2019""","""Not Applicable""","""3""",95642
NA,"""Virginia""","""51""","""2020""","""2020""","""Yes""","""1""",601
NA,"""Virginia""","""51""","""2020""","""2020""","""No""","""2""",1332
NA,"""Virginia""","""51""","""2020""","""2020""","""Not Applicable""","""3""",92811
NA,"""Virginia""","""51""","""2021""","""2021""","""Yes""","""1""",639
NA,"""Virginia""","""51""","""2021""","""2021""","""No""","""2""",1490
NA,"""Virginia""","""51""","""2021""","""2021""","""Not Applicable""","""3""",93691
NA,"""Washington""","""53""","""2016""","""2016""","""Yes""","""1""",506
NA,"""Washington""","""53""","""2016""","""2016""","""No""","""2""",1042
NA,"""Washington""","""53""","""2016""","""2016""","""Unknown or Not Stated""","""9""",583
NA,"""Washington""","""53""","""2016""","""2016""","""Not Applicable""","""3""",88374
NA,"""Washington""","""53""","""2017""","""2017""","""Yes""","""1""",480
NA,"""Washington""","""53""","""2017""","""2017""","""No""","""2""",957
NA,"""Washington""","""53""","""2017""","""2017""","""Unknown or Not Stated""","""9""",633
NA,"""Washington""","""53""","""2017""","""2017""","""Not Applicable""","""3""",85492
NA,"""Washington""","""53""","""2018""","""2018""","""Yes""","""1""",486
NA,"""Washington""","""53""","""2018""","""2018""","""No""","""2""",1046
NA,"""Washington""","""53""","""2018""","""2018""","""Unknown or Not Stated""","""9""",280
NA,"""Washington""","""53""","""2018""","""2018""","""Not Applicable""","""3""",84273
NA,"""Washington""","""53""","""2019""","""2019""","""Yes""","""1""",477
NA,"""Washington""","""53""","""2019""","""2019""","""No""","""2""",1202
NA,"""Washington""","""53""","""2019""","""2019""","""Unknown or Not Stated""","""9""",322
NA,"""Washington""","""53""","""2019""","""2019""","""Not Applicable""","""3""",82894
NA,"""Washington""","""53""","""2020""","""2020""","""Yes""","""1""",514
NA,"""Washington""","""53""","""2020""","""2020""","""No""","""2""",1306
NA,"""Washington""","""53""","""2020""","""2020""","""Unknown or Not Stated""","""9""",836
NA,"""Washington""","""53""","""2020""","""2020""","""Not Applicable""","""3""",80430
NA,"""Washington""","""53""","""2021""","""2021""","""Yes""","""1""",470
NA,"""Washington""","""53""","""2021""","""2021""","""No""","""2""",1538
NA,"""Washington""","""53""","""2021""","""2021""","""Unknown or Not Stated""","""9""",1065
NA,"""Washington""","""53""","""2021""","""2021""","""Not Applicable""","""3""",80838
NA,"""West Virginia""","""54""","""2016""","""2016""","""Yes""","""1""",94
NA,"""West Virginia""","""54""","""2016""","""2016""","""No""","""2""",51
NA,"""West Virginia""","""54""","""2016""","""2016""","""Unknown or Not Stated""","""9""",127
NA,"""West Virginia""","""54""","""2016""","""2016""","""Not Applicable""","""3""",18807
NA,"""West Virginia""","""54""","""2017""","""2017""","""Yes""","""1""",106
NA,"""West Virginia""","""54""","""2017""","""2017""","""No""","""2""",73
NA,"""West Virginia""","""54""","""2017""","""2017""","""Unknown or Not Stated""","""9""",130
NA,"""West Virginia""","""54""","""2017""","""2017""","""Not Applicable""","""3""",18366
NA,"""West Virginia""","""54""","""2018""","""2018""","""Yes""","""1""",100
NA,"""West Virginia""","""54""","""2018""","""2018""","""No""","""2""",51
NA,"""West Virginia""","""54""","""2018""","""2018""","""Unknown or Not Stated""","""9""",126
NA,"""West Virginia""","""54""","""2018""","""2018""","""Not Applicable""","""3""",17971
NA,"""West Virginia""","""54""","""2019""","""2019""","""Yes""","""1""",125
NA,"""West Virginia""","""54""","""2019""","""2019""","""No""","""2""",73
NA,"""West Virginia""","""54""","""2019""","""2019""","""Unknown or Not Stated""","""9""",180
NA,"""West Virginia""","""54""","""2019""","""2019""","""Not Applicable""","""3""",17758
NA,"""West Virginia""","""54""","""2020""","""2020""","""Yes""","""1""",95
NA,"""West Virginia""","""54""","""2020""","""2020""","""No""","""2""",65
NA,"""West Virginia""","""54""","""2020""","""2020""","""Unknown or Not Stated""","""9""",143
NA,"""West Virginia""","""54""","""2020""","""2020""","""Not Applicable""","""3""",17020
NA,"""West Virginia""","""54""","""2021""","""2021""","""Yes""","""1""",96
NA,"""West Virginia""","""54""","""2021""","""2021""","""No""","""2""",58
NA,"""West Virginia""","""54""","""2021""","""2021""","""Unknown or Not Stated""","""9""",134
NA,"""West Virginia""","""54""","""2021""","""2021""","""Not Applicable""","""3""",16910
NA,"""Wisconsin""","""55""","""2016""","""2016""","""Yes""","""1""",703
NA,"""Wisconsin""","""55""","""2016""","""2016""","""No""","""2""",563
NA,"""Wisconsin""","""55""","""2016""","""2016""","""Unknown or Not Stated""","""9""",273
NA,"""Wisconsin""","""55""","""2016""","""2016""","""Not Applicable""","""3""",65076
NA,"""Wisconsin""","""55""","""2017""","""2017""","""Yes""","""1""",630
NA,"""Wisconsin""","""55""","""2017""","""2017""","""No""","""2""",673
NA,"""Wisconsin""","""55""","""2017""","""2017""","""Unknown or Not Stated""","""9""",231
NA,"""Wisconsin""","""55""","""2017""","""2017""","""Not Applicable""","""3""",63441
NA,"""Wisconsin""","""55""","""2018""","""2018""","""Yes""","""1""",767
NA,"""Wisconsin""","""55""","""2018""","""2018""","""No""","""2""",635
NA,"""Wisconsin""","""55""","""2018""","""2018""","""Unknown or Not Stated""","""9""",215
NA,"""Wisconsin""","""55""","""2018""","""2018""","""Not Applicable""","""3""",62481
NA,"""Wisconsin""","""55""","""2019""","""2019""","""Yes""","""1""",823
NA,"""Wisconsin""","""55""","""2019""","""2019""","""No""","""2""",644
NA,"""Wisconsin""","""55""","""2019""","""2019""","""Unknown or Not Stated""","""9""",252
NA,"""Wisconsin""","""55""","""2019""","""2019""","""Not Applicable""","""3""",61551
NA,"""Wisconsin""","""55""","""2020""","""2020""","""Yes""","""1""",645
NA,"""Wisconsin""","""55""","""2020""","""2020""","""No""","""2""",642
NA,"""Wisconsin""","""55""","""2020""","""2020""","""Unknown or Not Stated""","""9""",108
NA,"""Wisconsin""","""55""","""2020""","""2020""","""Not Applicable""","""3""",59199
NA,"""Wisconsin""","""55""","""2021""","""2021""","""Yes""","""1""",648
NA,"""Wisconsin""","""55""","""2021""","""2021""","""No""","""2""",683
NA,"""Wisconsin""","""55""","""2021""","""2021""","""Unknown or Not Stated""","""9""",129
NA,"""Wisconsin""","""55""","""2021""","""2021""","""Not Applicable""","""3""",60321
NA,"""Wyoming""","""56""","""2016""","""2016""","""Yes""","""1""",52
NA,"""Wyoming""","""56""","""2016""","""2016""","""No""","""2""",29
NA,"""Wyoming""","""56""","""2016""","""2016""","""Unknown or Not Stated""","""9""",10
NA,"""Wyoming""","""56""","""2016""","""2016""","""Not Applicable""","""3""",7295
NA,"""Wyoming""","""56""","""2017""","""2017""","""Yes""","""1""",48
NA,"""Wyoming""","""56""","""2017""","""2017""","""No""","""2""",40
NA,"""Wyoming""","""56""","""2017""","""2017""","""Not Applicable""","""3""",6806
NA,"""Wyoming""","""56""","""2018""","""2018""","""Yes""","""1""",54
NA,"""Wyoming""","""56""","""2018""","""2018""","""No""","""2""",50
NA,"""Wyoming""","""56""","""2018""","""2018""","""Not Applicable""","""3""",6450
NA,"""Wyoming""","""56""","""2019""","""2019""","""Yes""","""1""",58
NA,"""Wyoming""","""56""","""2019""","""2019""","""No""","""2""",54
NA,"""Wyoming""","""56""","""2019""","""2019""","""Unknown or Not Stated""","""9""",12
NA,"""Wyoming""","""56""","""2019""","""2019""","""Not Applicable""","""3""",6441
NA,"""Wyoming""","""56""","""2020""","""2020""","""Yes""","""1""",50
NA,"""Wyoming""","""56""","""2020""","""2020""","""No""","""2""",57
NA,"""Wyoming""","""56""","""2020""","""2020""","""Not Applicable""","""3""",6015
NA,"""Wyoming""","""56""","""2021""","""2021""","""Yes""","""1""",43
NA,"""Wyoming""","""56""","""2021""","""2021""","""No""","""2""",50
NA,"""Wyoming""","""56""","""2021""","""2021""","""Not Applicable""","""3""",6136
