"""Notes""","""State of Residence""","""State of Residence Code""","""Year""","""Year Code""","""Gestational Hypertension""","""Gestational Hypertension Code""","Births"
NA,"""Alabama""","""01""","""2016""","""2016""","""Yes""","""1""",4283
NA,"""Alabama""","""01""","""2016""","""2016""","""No""","""2""",54865
NA,"""Alabama""","""01""","""2017""","""2017""","""Yes""","""1""",4692
NA,"""Alabama""","""01""","""2017""","""2017""","""No""","""2""",54246
NA,"""Alabama""","""01""","""2018""","""2018""","""Yes""","""1""",5513
NA,"""Alabama""","""01""","""2018""","""2018""","""No""","""2""",52244
NA,"""Alabama""","""01""","""2019""","""2019""","""Yes""","""1""",6523
NA,"""Alabama""","""01""","""2019""","""2019""","""No""","""2""",52088
NA,"""Alabama""","""01""","""2020""","""2020""","""Yes""","""1""",6434
NA,"""Alabama""","""01""","""2020""","""2020""","""No""","""2""",51211
NA,"""Alabama""","""01""","""2021""","""2021""","""Yes""","""1""",7148
NA,"""Alabama""","""01""","""2021""","""2021""","""No""","""2""",50906
NA,"""Alaska""","""02""","""2016""","""2016""","""Yes""","""1""",996
NA,"""Alaska""","""02""","""2016""","""2016""","""No""","""2""",10138
NA,"""Alaska""","""02""","""2016""","""2016""","""Unknown or Not Stated""","""9""",75
NA,"""Alaska""","""02""","""2017""","""2017""","""Yes""","""1""",933
NA,"""Alaska""","""02""","""2017""","""2017""","""No""","""2""",9409
NA,"""Alaska""","""02""","""2017""","""2017""","""Unknown or Not Stated""","""9""",103
NA,"""Alaska""","""02""","""2018""","""2018""","""Yes""","""1""",1049
NA,"""Alaska""","""02""","""2018""","""2018""","""No""","""2""",8918
NA,"""Alaska""","""02""","""2018""","""2018""","""Unknown or Not Stated""","""9""",119
NA,"""Alaska""","""02""","""2019""","""2019""","""Yes""","""1""",1117
NA,"""Alaska""","""02""","""2019""","""2019""","""No""","""2""",8623
NA,"""Alaska""","""02""","""2019""","""2019""","""Unknown or Not Stated""","""9""",82
NA,"""Alaska""","""02""","""2020""","""2020""","""Yes""","""1""",1077
NA,"""Alaska""","""02""","""2020""","""2020""","""No""","""2""",8313
NA,"""Alaska""","""02""","""2020""","""2020""","""Unknown or Not Stated""","""9""",79
NA,"""Alaska""","""02""","""2021""","""2021""","""Yes""","""1""",1212
NA,"""Alaska""","""02""","""2021""","""2021""","""No""","""2""",8098
NA,"""Alaska""","""02""","""2021""","""2021""","""Unknown or Not Stated""","""9""",57
NA,"""Arizona""","""04""","""2016""","""2016""","""Yes""","""1""",5275
NA,"""Arizona""","""04""","""2016""","""2016""","""No""","""2""",79245
NA,"""Arizona""","""04""","""2017""","""2017""","""Yes""","""1""",5523
NA,"""Arizona""","""04""","""2017""","""2017""","""No""","""2""",76349
NA,"""Arizona""","""04""","""2018""","""2018""","""Yes""","""1""",6224
NA,"""Arizona""","""04""","""2018""","""2018""","""No""","""2""",74499
NA,"""Arizona""","""04""","""2019""","""2019""","""Yes""","""1""",6357
NA,"""Arizona""","""04""","""2019""","""2019""","""No""","""2""",73016
NA,"""Arizona""","""04""","""2020""","""2020""","""Yes""","""1""",6841
NA,"""Arizona""","""04""","""2020""","""2020""","""No""","""2""",70105
NA,"""Arizona""","""04""","""2021""","""2021""","""Yes""","""1""",7066
NA,"""Arizona""","""04""","""2021""","""2021""","""No""","""2""",70850
NA,"""Arkansas""","""05""","""2016""","""2016""","""Yes""","""1""",2007
NA,"""Arkansas""","""05""","""2016""","""2016""","""No""","""2""",36267
NA,"""Arkansas""","""05""","""2017""","""2017""","""Yes""","""1""",2106
NA,"""Arkansas""","""05""","""2017""","""2017""","""No""","""2""",35411
NA,"""Arkansas""","""05""","""2018""","""2018""","""Yes""","""1""",2494
NA,"""Arkansas""","""05""","""2018""","""2018""","""No""","""2""",34521
NA,"""Arkansas""","""05""","""2019""","""2019""","""Yes""","""1""",2838
NA,"""Arkansas""","""05""","""2019""","""2019""","""No""","""2""",33725
NA,"""Arkansas""","""05""","""2020""","""2020""","""Yes""","""1""",2819
NA,"""Arkansas""","""05""","""2020""","""2020""","""No""","""2""",32432
NA,"""Arkansas""","""05""","""2021""","""2021""","""Yes""","""1""",3260
NA,"""Arkansas""","""05""","""2021""","""2021""","""No""","""2""",32704
NA,"""California""","""06""","""2016""","""2016""","""Yes""","""1""",19219
NA,"""California""","""06""","""2016""","""2016""","""No""","""2""",469605
NA,"""California""","""06""","""2017""","""2017""","""Yes""","""1""",21058
NA,"""California""","""06""","""2017""","""2017""","""No""","""2""",450597
NA,"""California""","""06""","""2018""","""2018""","""Yes""","""1""",22716
NA,"""California""","""06""","""2018""","""2018""","""No""","""2""",432195
NA,"""California""","""06""","""2019""","""2019""","""Yes""","""1""",25353
NA,"""California""","""06""","""2019""","""2019""","""No""","""2""",420781
NA,"""California""","""06""","""2019""","""2019""","""Unknown or Not Stated""","""9""",345
NA,"""California""","""06""","""2020""","""2020""","""Yes""","""1""",27900
NA,"""California""","""06""","""2020""","""2020""","""No""","""2""",392140
NA,"""California""","""06""","""2020""","""2020""","""Unknown or Not Stated""","""9""",219
NA,"""California""","""06""","""2021""","""2021""","""Yes""","""1""",30630
NA,"""California""","""06""","""2021""","""2021""","""No""","""2""",389737
NA,"""California""","""06""","""2021""","""2021""","""Unknown or Not Stated""","""9""",241
NA,"""Colorado""","""08""","""2016""","""2016""","""Yes""","""1""",3956
NA,"""Colorado""","""08""","""2016""","""2016""","""No""","""2""",62645
NA,"""Colorado""","""08""","""2016""","""2016""","""Unknown or Not Stated""","""9""",12
NA,"""Colorado""","""08""","""2017""","""2017""","""Yes""","""1""",4475
NA,"""Colorado""","""08""","""2017""","""2017""","""No""","""2""",59898
NA,"""Colorado""","""08""","""2018""","""2018""","""Yes""","""1""",5025
NA,"""Colorado""","""08""","""2018""","""2018""","""No""","""2""",57852
NA,"""Colorado""","""08""","""2019""","""2019""","""Yes""","""1""",5312
NA,"""Colorado""","""08""","""2019""","""2019""","""No""","""2""",57547
NA,"""Colorado""","""08""","""2019""","""2019""","""Unknown or Not Stated""","""9""",10
NA,"""Colorado""","""08""","""2020""","""2020""","""Yes""","""1""",5953
NA,"""Colorado""","""08""","""2020""","""2020""","""No""","""2""",55526
NA,"""Colorado""","""08""","""2020""","""2020""","""Unknown or Not Stated""","""9""",15
NA,"""Colorado""","""08""","""2021""","""2021""","""Yes""","""1""",6632
NA,"""Colorado""","""08""","""2021""","""2021""","""No""","""2""",56308
NA,"""Connecticut""","""09""","""2016""","""2016""","""Yes""","""1""",2062
NA,"""Connecticut""","""09""","""2016""","""2016""","""No""","""2""",33259
NA,"""Connecticut""","""09""","""2016""","""2016""","""Unknown or Not Stated""","""9""",694
NA,"""Connecticut""","""09""","""2017""","""2017""","""Yes""","""1""",2136
NA,"""Connecticut""","""09""","""2017""","""2017""","""No""","""2""",32812
NA,"""Connecticut""","""09""","""2017""","""2017""","""Unknown or Not Stated""","""9""",273
NA,"""Connecticut""","""09""","""2018""","""2018""","""Yes""","""1""",2358
NA,"""Connecticut""","""09""","""2018""","""2018""","""No""","""2""",32256
NA,"""Connecticut""","""09""","""2018""","""2018""","""Unknown or Not Stated""","""9""",111
NA,"""Connecticut""","""09""","""2019""","""2019""","""Yes""","""1""",2626
NA,"""Connecticut""","""09""","""2019""","""2019""","""No""","""2""",31511
NA,"""Connecticut""","""09""","""2019""","""2019""","""Unknown or Not Stated""","""9""",121
NA,"""Connecticut""","""09""","""2020""","""2020""","""Yes""","""1""",2639
NA,"""Connecticut""","""09""","""2020""","""2020""","""No""","""2""",30682
NA,"""Connecticut""","""09""","""2020""","""2020""","""Unknown or Not Stated""","""9""",139
NA,"""Connecticut""","""09""","""2021""","""2021""","""Yes""","""1""",3019
NA,"""Connecticut""","""09""","""2021""","""2021""","""No""","""2""",32626
NA,"""Connecticut""","""09""","""2021""","""2021""","""Unknown or Not Stated""","""9""",25
NA,"""Delaware""","""10""","""2016""","""2016""","""Yes""","""1""",815
NA,"""Delaware""","""10""","""2016""","""2016""","""No""","""2""",10176
NA,"""Delaware""","""10""","""2017""","""2017""","""Yes""","""1""",880
NA,"""Delaware""","""10""","""2017""","""2017""","""No""","""2""",9974
NA,"""Delaware""","""10""","""2018""","""2018""","""Yes""","""1""",993
NA,"""Delaware""","""10""","""2018""","""2018""","""No""","""2""",9624
NA,"""Delaware""","""10""","""2019""","""2019""","""Yes""","""1""",1088
NA,"""Delaware""","""10""","""2019""","""2019""","""No""","""2""",9459
NA,"""Delaware""","""10""","""2019""","""2019""","""Unknown or Not Stated""","""9""",15
NA,"""Delaware""","""10""","""2020""","""2020""","""Yes""","""1""",1075
NA,"""Delaware""","""10""","""2020""","""2020""","""No""","""2""",9285
NA,"""Delaware""","""10""","""2020""","""2020""","""Unknown or Not Stated""","""9""",32
NA,"""Delaware""","""10""","""2021""","""2021""","""Yes""","""1""",1125
NA,"""Delaware""","""10""","""2021""","""2021""","""No""","""2""",9331
NA,"""Delaware""","""10""","""2021""","""2021""","""Unknown or Not Stated""","""9""",26
NA,"""District of Columbia""","""11""","""2016""","""2016""","""Yes""","""1""",581
NA,"""District of Columbia""","""11""","""2016""","""2016""","""No""","""2""",9262
NA,"""District of Columbia""","""11""","""2016""","""2016""","""Unknown or Not Stated""","""9""",15
NA,"""District of Columbia""","""11""","""2017""","""2017""","""Yes""","""1""",504
NA,"""District of Columbia""","""11""","""2017""","""2017""","""No""","""2""",9055
NA,"""District of Columbia""","""11""","""2018""","""2018""","""Yes""","""1""",539
NA,"""District of Columbia""","""11""","""2018""","""2018""","""No""","""2""",8671
NA,"""District of Columbia""","""11""","""2019""","""2019""","""Yes""","""1""",762
NA,"""District of Columbia""","""11""","""2019""","""2019""","""No""","""2""",8313
NA,"""District of Columbia""","""11""","""2020""","""2020""","""Yes""","""1""",750
NA,"""District of Columbia""","""11""","""2020""","""2020""","""No""","""2""",8120
NA,"""District of Columbia""","""11""","""2021""","""2021""","""Yes""","""1""",836
NA,"""District of Columbia""","""11""","""2021""","""2021""","""No""","""2""",7818
NA,"""Florida""","""12""","""2016""","""2016""","""Yes""","""1""",12336
NA,"""Florida""","""12""","""2016""","""2016""","""No""","""2""",212270
NA,"""Florida""","""12""","""2016""","""2016""","""Unknown or Not Stated""","""9""",416
NA,"""Florida""","""12""","""2017""","""2017""","""Yes""","""1""",13321
NA,"""Florida""","""12""","""2017""","""2017""","""No""","""2""",209805
NA,"""Florida""","""12""","""2017""","""2017""","""Unknown or Not Stated""","""9""",504
NA,"""Florida""","""12""","""2018""","""2018""","""Yes""","""1""",16033
NA,"""Florida""","""12""","""2018""","""2018""","""No""","""2""",205037
NA,"""Florida""","""12""","""2018""","""2018""","""Unknown or Not Stated""","""9""",472
NA,"""Florida""","""12""","""2019""","""2019""","""Yes""","""1""",16935
NA,"""Florida""","""12""","""2019""","""2019""","""No""","""2""",202750
NA,"""Florida""","""12""","""2019""","""2019""","""Unknown or Not Stated""","""9""",317
NA,"""Florida""","""12""","""2020""","""2020""","""Yes""","""1""",17714
NA,"""Florida""","""12""","""2020""","""2020""","""No""","""2""",191663
NA,"""Florida""","""12""","""2020""","""2020""","""Unknown or Not Stated""","""9""",294
NA,"""Florida""","""12""","""2021""","""2021""","""Yes""","""1""",18555
NA,"""Florida""","""12""","""2021""","""2021""","""No""","""2""",197026
NA,"""Florida""","""12""","""2021""","""2021""","""Unknown or Not Stated""","""9""",679
NA,"""Georgia""","""13""","""2016""","""2016""","""Yes""","""1""",7810
NA,"""Georgia""","""13""","""2016""","""2016""","""No""","""2""",121884
NA,"""Georgia""","""13""","""2016""","""2016""","""Unknown or Not Stated""","""9""",348
NA,"""Georgia""","""13""","""2017""","""2017""","""Yes""","""1""",8192
NA,"""Georgia""","""13""","""2017""","""2017""","""No""","""2""",120669
NA,"""Georgia""","""13""","""2017""","""2017""","""Unknown or Not Stated""","""9""",382
NA,"""Georgia""","""13""","""2018""","""2018""","""Yes""","""1""",8533
NA,"""Georgia""","""13""","""2018""","""2018""","""No""","""2""",117378
NA,"""Georgia""","""13""","""2018""","""2018""","""Unknown or Not Stated""","""9""",261
NA,"""Georgia""","""13""","""2019""","""2019""","""Yes""","""1""",9052
NA,"""Georgia""","""13""","""2019""","""2019""","""No""","""2""",117118
NA,"""Georgia""","""13""","""2019""","""2019""","""Unknown or Not Stated""","""9""",201
NA,"""Georgia""","""13""","""2020""","""2020""","""Yes""","""1""",9724
NA,"""Georgia""","""13""","""2020""","""2020""","""No""","""2""",112606
NA,"""Georgia""","""13""","""2020""","""2020""","""Unknown or Not Stated""","""9""",143
NA,"""Georgia""","""13""","""2021""","""2021""","""Yes""","""1""",11416
NA,"""Georgia""","""13""","""2021""","""2021""","""No""","""2""",112488
NA,"""Georgia""","""13""","""2021""","""2021""","""Unknown or Not Stated""","""9""",169
NA,"""Hawaii""","""15""","""2016""","""2016""","""Yes""","""1""",776
NA,"""Hawaii""","""15""","""2016""","""2016""","""No""","""2""",17283
NA,"""Hawaii""","""15""","""2017""","""2017""","""Yes""","""1""",727
NA,"""Hawaii""","""15""","""2017""","""2017""","""No""","""2""",16790
NA,"""Hawaii""","""15""","""2018""","""2018""","""Yes""","""1""",849
NA,"""Hawaii""","""15""","""2018""","""2018""","""No""","""2""",16123
NA,"""Hawaii""","""15""","""2019""","""2019""","""Yes""","""1""",868
NA,"""Hawaii""","""15""","""2019""","""2019""","""No""","""2""",15929
NA,"""Hawaii""","""15""","""2020""","""2020""","""Yes""","""1""",866
NA,"""Hawaii""","""15""","""2020""","""2020""","""No""","""2""",14918
NA,"""Hawaii""","""15""","""2021""","""2021""","""Yes""","""1""",991
NA,"""Hawaii""","""15""","""2021""","""2021""","""No""","""2""",14629
NA,"""Idaho""","""16""","""2016""","""2016""","""Yes""","""1""",1606
NA,"""Idaho""","""16""","""2016""","""2016""","""No""","""2""",20852
NA,"""Idaho""","""16""","""2016""","""2016""","""Unknown or Not Stated""","""9""",24
NA,"""Idaho""","""16""","""2017""","""2017""","""Yes""","""1""",1510
NA,"""Idaho""","""16""","""2017""","""2017""","""No""","""2""",20654
NA,"""Idaho""","""16""","""2017""","""2017""","""Unknown or Not Stated""","""9""",17
NA,"""Idaho""","""16""","""2018""","""2018""","""Yes""","""1""",1655
NA,"""Idaho""","""16""","""2018""","""2018""","""No""","""2""",19727
NA,"""Idaho""","""16""","""2018""","""2018""","""Unknown or Not Stated""","""9""",21
NA,"""Idaho""","""16""","""2019""","""2019""","""Yes""","""1""",1871
NA,"""Idaho""","""16""","""2019""","""2019""","""No""","""2""",20179
NA,"""Idaho""","""16""","""2019""","""2019""","""Unknown or Not Stated""","""9""",13
NA,"""Idaho""","""16""","""2020""","""2020""","""Yes""","""1""",1817
NA,"""Idaho""","""16""","""2020""","""2020""","""No""","""2""",19698
NA,"""Idaho""","""16""","""2020""","""2020""","""Unknown or Not Stated""","""9""",18
NA,"""Idaho""","""16""","""2021""","""2021""","""Yes""","""1""",2050
NA,"""Idaho""","""16""","""2021""","""2021""","""No""","""2""",20358
NA,"""Idaho""","""16""","""2021""","""2021""","""Unknown or Not Stated""","""9""",19
NA,"""Illinois""","""17""","""2016""","""2016""","""Yes""","""1""",10543
NA,"""Illinois""","""17""","""2016""","""2016""","""No""","""2""",143676
NA,"""Illinois""","""17""","""2016""","""2016""","""Unknown or Not Stated""","""9""",226
NA,"""Illinois""","""17""","""2017""","""2017""","""Yes""","""1""",10914
NA,"""Illinois""","""17""","""2017""","""2017""","""No""","""2""",138111
NA,"""Illinois""","""17""","""2017""","""2017""","""Unknown or Not Stated""","""9""",365
NA,"""Illinois""","""17""","""2018""","""2018""","""Yes""","""1""",12046
NA,"""Illinois""","""17""","""2018""","""2018""","""No""","""2""",132516
NA,"""Illinois""","""17""","""2018""","""2018""","""Unknown or Not Stated""","""9""",253
NA,"""Illinois""","""17""","""2019""","""2019""","""Yes""","""1""",12942
NA,"""Illinois""","""17""","""2019""","""2019""","""No""","""2""",127064
NA,"""Illinois""","""17""","""2019""","""2019""","""Unknown or Not Stated""","""9""",122
NA,"""Illinois""","""17""","""2020""","""2020""","""Yes""","""1""",12702
NA,"""Illinois""","""17""","""2020""","""2020""","""No""","""2""",120428
NA,"""Illinois""","""17""","""2020""","""2020""","""Unknown or Not Stated""","""9""",168
NA,"""Illinois""","""17""","""2021""","""2021""","""Yes""","""1""",13735
NA,"""Illinois""","""17""","""2021""","""2021""","""No""","""2""",118331
NA,"""Illinois""","""17""","""2021""","""2021""","""Unknown or Not Stated""","""9""",123
NA,"""Indiana""","""18""","""2016""","""2016""","""Yes""","""1""",5650
NA,"""Indiana""","""18""","""2016""","""2016""","""No""","""2""",77437
NA,"""Indiana""","""18""","""2017""","""2017""","""Yes""","""1""",6161
NA,"""Indiana""","""18""","""2017""","""2017""","""No""","""2""",75999
NA,"""Indiana""","""18""","""2017""","""2017""","""Unknown or Not Stated""","""9""",10
NA,"""Indiana""","""18""","""2018""","""2018""","""Yes""","""1""",6812
NA,"""Indiana""","""18""","""2018""","""2018""","""No""","""2""",74825
NA,"""Indiana""","""18""","""2019""","""2019""","""Yes""","""1""",7368
NA,"""Indiana""","""18""","""2019""","""2019""","""No""","""2""",73487
NA,"""Indiana""","""18""","""2020""","""2020""","""Yes""","""1""",7735
NA,"""Indiana""","""18""","""2020""","""2020""","""No""","""2""",70834
NA,"""Indiana""","""18""","""2020""","""2020""","""Unknown or Not Stated""","""9""",47
NA,"""Indiana""","""18""","""2021""","""2021""","""Yes""","""1""",8229
NA,"""Indiana""","""18""","""2021""","""2021""","""No""","""2""",71256
NA,"""Indiana""","""18""","""2021""","""2021""","""Unknown or Not Stated""","""9""",461
NA,"""Iowa""","""19""","""2016""","""2016""","""Yes""","""1""",2595
NA,"""Iowa""","""19""","""2016""","""2016""","""No""","""2""",36807
NA,"""Iowa""","""19""","""2017""","""2017""","""Yes""","""1""",2744
NA,"""Iowa""","""19""","""2017""","""2017""","""No""","""2""",35684
NA,"""Iowa""","""19""","""2018""","""2018""","""Yes""","""1""",3094
NA,"""Iowa""","""19""","""2018""","""2018""","""No""","""2""",34691
NA,"""Iowa""","""19""","""2019""","""2019""","""Yes""","""1""",3293
NA,"""Iowa""","""19""","""2019""","""2019""","""No""","""2""",34354
NA,"""Iowa""","""19""","""2020""","""2020""","""Yes""","""1""",3134
NA,"""Iowa""","""19""","""2020""","""2020""","""No""","""2""",32979
NA,"""Iowa""","""19""","""2021""","""2021""","""Yes""","""1""",3612
NA,"""Iowa""","""19""","""2021""","""2021""","""No""","""2""",33215
NA,"""Kansas""","""20""","""2016""","""2016""","""Yes""","""1""",2510
NA,"""Kansas""","""20""","""2016""","""2016""","""No""","""2""",35543
NA,"""Kansas""","""20""","""2017""","""2017""","""Yes""","""1""",2596
NA,"""Kansas""","""20""","""2017""","""2017""","""No""","""2""",33923
NA,"""Kansas""","""20""","""2018""","""2018""","""Yes""","""1""",2551
NA,"""Kansas""","""20""","""2018""","""2018""","""No""","""2""",33710
NA,"""Kansas""","""20""","""2019""","""2019""","""Yes""","""1""",2792
NA,"""Kansas""","""20""","""2019""","""2019""","""No""","""2""",32603
NA,"""Kansas""","""20""","""2020""","""2020""","""Yes""","""1""",2838
NA,"""Kansas""","""20""","""2020""","""2020""","""No""","""2""",31537
NA,"""Kansas""","""20""","""2021""","""2021""","""Yes""","""1""",3187
NA,"""Kansas""","""20""","""2021""","""2021""","""No""","""2""",31516
NA,"""Kentucky""","""21""","""2016""","""2016""","""Yes""","""1""",4337
NA,"""Kentucky""","""21""","""2016""","""2016""","""No""","""2""",50831
NA,"""Kentucky""","""21""","""2016""","""2016""","""Unknown or Not Stated""","""9""",281
NA,"""Kentucky""","""21""","""2017""","""2017""","""Yes""","""1""",4534
NA,"""Kentucky""","""21""","""2017""","""2017""","""No""","""2""",50026
NA,"""Kentucky""","""21""","""2017""","""2017""","""Unknown or Not Stated""","""9""",192
NA,"""Kentucky""","""21""","""2018""","""2018""","""Yes""","""1""",4819
NA,"""Kentucky""","""21""","""2018""","""2018""","""No""","""2""",48963
NA,"""Kentucky""","""21""","""2018""","""2018""","""Unknown or Not Stated""","""9""",140
NA,"""Kentucky""","""21""","""2019""","""2019""","""Yes""","""1""",4770
NA,"""Kentucky""","""21""","""2019""","""2019""","""No""","""2""",48153
NA,"""Kentucky""","""21""","""2019""","""2019""","""Unknown or Not Stated""","""9""",146
NA,"""Kentucky""","""21""","""2020""","""2020""","""Yes""","""1""",4894
NA,"""Kentucky""","""21""","""2020""","""2020""","""No""","""2""",46231
NA,"""Kentucky""","""21""","""2020""","""2020""","""Unknown or Not Stated""","""9""",543
NA,"""Kentucky""","""21""","""2021""","""2021""","""Yes""","""1""",5424
NA,"""Kentucky""","""21""","""2021""","""2021""","""No""","""2""",46551
NA,"""Kentucky""","""21""","""2021""","""2021""","""Unknown or Not Stated""","""9""",239
NA,"""Louisiana""","""22""","""2016""","""2016""","""Yes""","""1""",5908
NA,"""Louisiana""","""22""","""2016""","""2016""","""No""","""2""",57270
NA,"""Louisiana""","""22""","""2017""","""2017""","""Yes""","""1""",6357
NA,"""Louisiana""","""22""","""2017""","""2017""","""No""","""2""",54661
NA,"""Louisiana""","""22""","""2018""","""2018""","""Yes""","""1""",6680
NA,"""Louisiana""","""22""","""2018""","""2018""","""No""","""2""",52935
NA,"""Louisiana""","""22""","""2019""","""2019""","""Yes""","""1""",6845
NA,"""Louisiana""","""22""","""2019""","""2019""","""No""","""2""",52095
NA,"""Louisiana""","""22""","""2020""","""2020""","""Yes""","""1""",7227
NA,"""Louisiana""","""22""","""2020""","""2020""","""No""","""2""",50100
NA,"""Louisiana""","""22""","""2021""","""2021""","""Yes""","""1""",7524
NA,"""Louisiana""","""22""","""2021""","""2021""","""No""","""2""",49911
NA,"""Maine""","""23""","""2016""","""2016""","""Yes""","""1""",894
NA,"""Maine""","""23""","""2016""","""2016""","""No""","""2""",11796
NA,"""Maine""","""23""","""2016""","""2016""","""Unknown or Not Stated""","""9""",15
NA,"""Maine""","""23""","""2017""","""2017""","""Yes""","""1""",996
NA,"""Maine""","""23""","""2017""","""2017""","""No""","""2""",11300
NA,"""Maine""","""23""","""2018""","""2018""","""Yes""","""1""",966
NA,"""Maine""","""23""","""2018""","""2018""","""No""","""2""",11344
NA,"""Maine""","""23""","""2019""","""2019""","""Yes""","""1""",1038
NA,"""Maine""","""23""","""2019""","""2019""","""No""","""2""",10739
NA,"""Maine""","""23""","""2020""","""2020""","""Yes""","""1""",1034
NA,"""Maine""","""23""","""2020""","""2020""","""No""","""2""",10505
NA,"""Maine""","""23""","""2021""","""2021""","""Yes""","""1""",1165
NA,"""Maine""","""23""","""2021""","""2021""","""No""","""2""",10841
NA,"""Maryland""","""24""","""2016""","""2016""","""Yes""","""1""",4548
NA,"""Maryland""","""24""","""2016""","""2016""","""No""","""2""",68577
NA,"""Maryland""","""24""","""2016""","""2016""","""Unknown or Not Stated""","""9""",11
NA,"""Maryland""","""24""","""2017""","""2017""","""Yes""","""1""",5112
NA,"""Maryland""","""24""","""2017""","""2017""","""No""","""2""",66460
NA,"""Maryland""","""24""","""2017""","""2017""","""Unknown or Not Stated""","""9""",69
NA,"""Maryland""","""24""","""2018""","""2018""","""Yes""","""1""",5198
NA,"""Maryland""","""24""","""2018""","""2018""","""No""","""2""",65840
NA,"""Maryland""","""24""","""2018""","""2018""","""Unknown or Not Stated""","""9""",42
NA,"""Maryland""","""24""","""2019""","""2019""","""Yes""","""1""",5392
NA,"""Maryland""","""24""","""2019""","""2019""","""No""","""2""",64746
NA,"""Maryland""","""24""","""2019""","""2019""","""Unknown or Not Stated""","""9""",40
NA,"""Maryland""","""24""","""2020""","""2020""","""Yes""","""1""",5907
NA,"""Maryland""","""24""","""2020""","""2020""","""No""","""2""",62608
NA,"""Maryland""","""24""","""2020""","""2020""","""Unknown or Not Stated""","""9""",39
NA,"""Maryland""","""24""","""2021""","""2021""","""Yes""","""1""",6801
NA,"""Maryland""","""24""","""2021""","""2021""","""No""","""2""",61442
NA,"""Maryland""","""24""","""2021""","""2021""","""Unknown or Not Stated""","""9""",42
NA,"""Massachusetts""","""25""","""2016""","""2016""","""Yes""","""1""",2915
NA,"""Massachusetts""","""25""","""2016""","""2016""","""No""","""2""",68306
NA,"""Massachusetts""","""25""","""2016""","""2016""","""Unknown or Not Stated""","""9""",96
NA,"""Massachusetts""","""25""","""2017""","""2017""","""Yes""","""1""",3160
NA,"""Massachusetts""","""25""","""2017""","""2017""","""No""","""2""",67471
NA,"""Massachusetts""","""25""","""2017""","""2017""","""Unknown or Not Stated""","""9""",71
NA,"""Massachusetts""","""25""","""2018""","""2018""","""Yes""","""1""",3440
NA,"""Massachusetts""","""25""","""2018""","""2018""","""No""","""2""",65593
NA,"""Massachusetts""","""25""","""2018""","""2018""","""Unknown or Not Stated""","""9""",76
NA,"""Massachusetts""","""25""","""2019""","""2019""","""Yes""","""1""",3765
NA,"""Massachusetts""","""25""","""2019""","""2019""","""No""","""2""",65215
NA,"""Massachusetts""","""25""","""2019""","""2019""","""Unknown or Not Stated""","""9""",137
NA,"""Massachusetts""","""25""","""2020""","""2020""","""Yes""","""1""",4471
NA,"""Massachusetts""","""25""","""2020""","""2020""","""No""","""2""",61724
NA,"""Massachusetts""","""25""","""2020""","""2020""","""Unknown or Not Stated""","""9""",233
NA,"""Massachusetts""","""25""","""2021""","""2021""","""Yes""","""1""",4868
NA,"""Massachusetts""","""25""","""2021""","""2021""","""No""","""2""",64057
NA,"""Massachusetts""","""25""","""2021""","""2021""","""Unknown or Not Stated""","""9""",212
NA,"""Michigan""","""26""","""2016""","""2016""","""Yes""","""1""",7370
NA,"""Michigan""","""26""","""2016""","""2016""","""No""","""2""",105677
NA,"""Michigan""","""26""","""2016""","""2016""","""Unknown or Not Stated""","""9""",268
NA,"""Michigan""","""26""","""2017""","""2017""","""Yes""","""1""",7876
NA,"""Michigan""","""26""","""2017""","""2017""","""No""","""2""",103238
NA,"""Michigan""","""26""","""2017""","""2017""","""Unknown or Not Stated""","""9""",312
NA,"""Michigan""","""26""","""2018""","""2018""","""Yes""","""1""",8616
NA,"""Michigan""","""26""","""2018""","""2018""","""No""","""2""",101147
NA,"""Michigan""","""26""","""2018""","""2018""","""Unknown or Not Stated""","""9""",269
NA,"""Michigan""","""26""","""2019""","""2019""","""Yes""","""1""",9541
NA,"""Michigan""","""26""","""2019""","""2019""","""No""","""2""",98106
NA,"""Michigan""","""26""","""2019""","""2019""","""Unknown or Not Stated""","""9""",239
NA,"""Michigan""","""26""","""2020""","""2020""","""Yes""","""1""",8644
NA,"""Michigan""","""26""","""2020""","""2020""","""No""","""2""",95248
NA,"""Michigan""","""26""","""2020""","""2020""","""Unknown or Not Stated""","""9""",182
NA,"""Michigan""","""26""","""2021""","""2021""","""Yes""","""1""",9184
NA,"""Michigan""","""26""","""2021""","""2021""","""No""","""2""",95651
NA,"""Michigan""","""26""","""2021""","""2021""","""Unknown or Not Stated""","""9""",145
NA,"""Minnesota""","""27""","""2016""","""2016""","""Yes""","""1""",4649
NA,"""Minnesota""","""27""","""2016""","""2016""","""No""","""2""",65036
NA,"""Minnesota""","""27""","""2016""","""2016""","""Unknown or Not Stated""","""9""",64
NA,"""Minnesota""","""27""","""2017""","""2017""","""Yes""","""1""",5093
NA,"""Minnesota""","""27""","""2017""","""2017""","""No""","""2""",63399
NA,"""Minnesota""","""27""","""2017""","""2017""","""Unknown or Not Stated""","""9""",103
NA,"""Minnesota""","""27""","""2018""","""2018""","""Yes""","""1""",5438
NA,"""Minnesota""","""27""","""2018""","""2018""","""No""","""2""",61863
NA,"""Minnesota""","""27""","""2018""","""2018""","""Unknown or Not Stated""","""9""",43
NA,"""Minnesota""","""27""","""2019""","""2019""","""Yes""","""1""",6183
NA,"""Minnesota""","""27""","""2019""","""2019""","""No""","""2""",59765
NA,"""Minnesota""","""27""","""2019""","""2019""","""Unknown or Not Stated""","""9""",79
NA,"""Minnesota""","""27""","""2020""","""2020""","""Yes""","""1""",6474
NA,"""Minnesota""","""27""","""2020""","""2020""","""No""","""2""",56915
NA,"""Minnesota""","""27""","""2020""","""2020""","""Unknown or Not Stated""","""9""",54
NA,"""Minnesota""","""27""","""2021""","""2021""","""Yes""","""1""",7186
NA,"""Minnesota""","""27""","""2021""","""2021""","""No""","""2""",57194
NA,"""Minnesota""","""27""","""2021""","""2021""","""Unknown or Not Stated""","""9""",45
NA,"""Mississippi""","""28""","""2016""","""2016""","""Yes""","""1""",2435
NA,"""Mississippi""","""28""","""2016""","""2016""","""No""","""2""",35482
NA,"""Mississippi""","""28""","""2016""","""2016""","""Unknown or Not Stated""","""9""",11
NA,"""Mississippi""","""28""","""2017""","""2017""","""Yes""","""1""",2458
NA,"""Mississippi""","""28""","""2017""","""2017""","""No""","""2""",34889
NA,"""Mississippi""","""28""","""2017""","""2017""","""Unknown or Not Stated""","""9""",10
NA,"""Mississippi""","""28""","""2018""","""2018""","""Yes""","""1""",2647
NA,"""Mississippi""","""28""","""2018""","""2018""","""No""","""2""",34336
NA,"""Mississippi""","""28""","""2018""","""2018""","""Unknown or Not Stated""","""9""",17
NA,"""Mississippi""","""28""","""2019""","""2019""","""Yes""","""1""",3161
NA,"""Mississippi""","""28""","""2019""","""2019""","""No""","""2""",33464
NA,"""Mississippi""","""28""","""2019""","""2019""","""Unknown or Not Stated""","""9""",11
NA,"""Mississippi""","""28""","""2020""","""2020""","""Yes""","""1""",3154
NA,"""Mississippi""","""28""","""2020""","""2020""","""No""","""2""",32314
NA,"""Mississippi""","""28""","""2021""","""2021""","""Yes""","""1""",3604
NA,"""Mississippi""","""28""","""2021""","""2021""","""No""","""2""",31543
NA,"""Missouri""","""29""","""2016""","""2016""","""Yes""","""1""",5502
NA,"""Missouri""","""29""","""2016""","""2016""","""No""","""2""",69202
NA,"""Missouri""","""29""","""2017""","""2017""","""Yes""","""1""",5815
NA,"""Missouri""","""29""","""2017""","""2017""","""No""","""2""",67219
NA,"""Missouri""","""29""","""2018""","""2018""","""Yes""","""1""",5993
NA,"""Missouri""","""29""","""2018""","""2018""","""No""","""2""",67276
NA,"""Missouri""","""29""","""2019""","""2019""","""Yes""","""1""",6256
NA,"""Missouri""","""29""","""2019""","""2019""","""No""","""2""",65868
NA,"""Missouri""","""29""","""2020""","""2020""","""Yes""","""1""",6363
NA,"""Missouri""","""29""","""2020""","""2020""","""No""","""2""",62920
NA,"""Missouri""","""29""","""2021""","""2021""","""Yes""","""1""",6965
NA,"""Missouri""","""29""","""2021""","""2021""","""No""","""2""",62486
NA,"""Montana""","""30""","""2016""","""2016""","""Yes""","""1""",751
NA,"""Montana""","""30""","""2016""","""2016""","""No""","""2""",11519
NA,"""Montana""","""30""","""2016""","""2016""","""Unknown or Not Stated""","""9""",12
NA,"""Montana""","""30""","""2017""","""2017""","""Yes""","""1""",718
NA,"""Montana""","""30""","""2017""","""2017""","""No""","""2""",11074
NA,"""Montana""","""30""","""2018""","""2018""","""Yes""","""1""",819
NA,"""Montana""","""30""","""2018""","""2018""","""No""","""2""",10688
NA,"""Montana""","""30""","""2019""","""2019""","""Yes""","""1""",951
NA,"""Montana""","""30""","""2019""","""2019""","""No""","""2""",10126
NA,"""Montana""","""30""","""2020""","""2020""","""Yes""","""1""",1010
NA,"""Montana""","""30""","""2020""","""2020""","""No""","""2""",9780
NA,"""Montana""","""30""","""2021""","""2021""","""Yes""","""1""",1040
NA,"""Montana""","""30""","""2021""","""2021""","""No""","""2""",10191
NA,"""Nebraska""","""31""","""2016""","""2016""","""Yes""","""1""",1510
NA,"""Nebraska""","""31""","""2016""","""2016""","""No""","""2""",25042
NA,"""Nebraska""","""31""","""2016""","""2016""","""Unknown or Not Stated""","""9""",37
NA,"""Nebraska""","""31""","""2017""","""2017""","""Yes""","""1""",1741
NA,"""Nebraska""","""31""","""2017""","""2017""","""No""","""2""",24054
NA,"""Nebraska""","""31""","""2017""","""2017""","""Unknown or Not Stated""","""9""",26
NA,"""Nebraska""","""31""","""2018""","""2018""","""Yes""","""1""",1959
NA,"""Nebraska""","""31""","""2018""","""2018""","""No""","""2""",23502
NA,"""Nebraska""","""31""","""2018""","""2018""","""Unknown or Not Stated""","""9""",27
NA,"""Nebraska""","""31""","""2019""","""2019""","""Yes""","""1""",2080
NA,"""Nebraska""","""31""","""2019""","""2019""","""No""","""2""",22645
NA,"""Nebraska""","""31""","""2019""","""2019""","""Unknown or Not Stated""","""9""",30
NA,"""Nebraska""","""31""","""2020""","""2020""","""Yes""","""1""",2153
NA,"""Nebraska""","""31""","""2020""","""2020""","""No""","""2""",22086
NA,"""Nebraska""","""31""","""2020""","""2020""","""Unknown or Not Stated""","""9""",52
NA,"""Nebraska""","""31""","""2021""","""2021""","""Yes""","""1""",2320
NA,"""Nebraska""","""31""","""2021""","""2021""","""No""","""2""",22252
NA,"""Nebraska""","""31""","""2021""","""2021""","""Unknown or Not Stated""","""9""",37
NA,"""Nevada""","""32""","""2016""","""2016""","""Yes""","""1""",1646
NA,"""Nevada""","""32""","""2016""","""2016""","""No""","""2""",34614
NA,"""Nevada""","""32""","""2017""","""2017""","""Yes""","""1""",1694
NA,"""Nevada""","""32""","""2017""","""2017""","""No""","""2""",34062
NA,"""Nevada""","""32""","""2018""","""2018""","""Yes""","""1""",1885
NA,"""Nevada""","""32""","""2018""","""2018""","""No""","""2""",33795
NA,"""Nevada""","""32""","""2019""","""2019""","""Yes""","""1""",2155
NA,"""Nevada""","""32""","""2019""","""2019""","""No""","""2""",32916
NA,"""Nevada""","""32""","""2020""","""2020""","""Yes""","""1""",2315
NA,"""Nevada""","""32""","""2020""","""2020""","""No""","""2""",31338
NA,"""Nevada""","""32""","""2021""","""2021""","""Yes""","""1""",2664
NA,"""Nevada""","""32""","""2021""","""2021""","""No""","""2""",31022
NA,"""New Hampshire""","""33""","""2016""","""2016""","""Yes""","""1""",995
NA,"""New Hampshire""","""33""","""2016""","""2016""","""No""","""2""",11165
NA,"""New Hampshire""","""33""","""2016""","""2016""","""Unknown or Not Stated""","""9""",107
NA,"""New Hampshire""","""33""","""2017""","""2017""","""Yes""","""1""",1096
NA,"""New Hampshire""","""33""","""2017""","""2017""","""No""","""2""",10973
NA,"""New Hampshire""","""33""","""2017""","""2017""","""Unknown or Not Stated""","""9""",47
NA,"""New Hampshire""","""33""","""2018""","""2018""","""Yes""","""1""",1226
NA,"""New Hampshire""","""33""","""2018""","""2018""","""No""","""2""",10722
NA,"""New Hampshire""","""33""","""2018""","""2018""","""Unknown or Not Stated""","""9""",47
NA,"""New Hampshire""","""33""","""2019""","""2019""","""Yes""","""1""",1184
NA,"""New Hampshire""","""33""","""2019""","""2019""","""No""","""2""",10611
NA,"""New Hampshire""","""33""","""2019""","""2019""","""Unknown or Not Stated""","""9""",44
NA,"""New Hampshire""","""33""","""2020""","""2020""","""Yes""","""1""",1226
NA,"""New Hampshire""","""33""","""2020""","""2020""","""No""","""2""",10529
NA,"""New Hampshire""","""33""","""2020""","""2020""","""Unknown or Not Stated""","""9""",36
NA,"""New Hampshire""","""33""","""2021""","""2021""","""Yes""","""1""",1480
NA,"""New Hampshire""","""33""","""2021""","""2021""","""No""","""2""",11108
NA,"""New Hampshire""","""33""","""2021""","""2021""","""Unknown or Not Stated""","""9""",37
NA,"""New Jersey""","""34""","""2016""","""2016""","""Yes""","""1""",4807
NA,"""New Jersey""","""34""","""2016""","""2016""","""No""","""2""",97833
NA,"""New Jersey""","""34""","""2017""","""2017""","""Yes""","""1""",4828
NA,"""New Jersey""","""34""","""2017""","""2017""","""No""","""2""",96415
NA,"""New Jersey""","""34""","""2018""","""2018""","""Yes""","""1""",5532
NA,"""New Jersey""","""34""","""2018""","""2018""","""No""","""2""",95684
NA,"""New Jersey""","""34""","""2019""","""2019""","""Yes""","""1""",6006
NA,"""New Jersey""","""34""","""2019""","""2019""","""No""","""2""",93573
NA,"""New Jersey""","""34""","""2020""","""2020""","""Yes""","""1""",6576
NA,"""New Jersey""","""34""","""2020""","""2020""","""No""","""2""",91370
NA,"""New Jersey""","""34""","""2021""","""2021""","""Yes""","""1""",6902
NA,"""New Jersey""","""34""","""2021""","""2021""","""No""","""2""",94586
NA,"""New Mexico""","""35""","""2016""","""2016""","""Yes""","""1""",1594
NA,"""New Mexico""","""35""","""2016""","""2016""","""No""","""2""",23098
NA,"""New Mexico""","""35""","""2017""","""2017""","""Yes""","""1""",1454
NA,"""New Mexico""","""35""","""2017""","""2017""","""No""","""2""",22313
NA,"""New Mexico""","""35""","""2018""","""2018""","""Yes""","""1""",1690
NA,"""New Mexico""","""35""","""2018""","""2018""","""No""","""2""",21349
NA,"""New Mexico""","""35""","""2019""","""2019""","""Yes""","""1""",1633
NA,"""New Mexico""","""35""","""2019""","""2019""","""No""","""2""",21322
NA,"""New Mexico""","""35""","""2020""","""2020""","""Yes""","""1""",1713
NA,"""New Mexico""","""35""","""2020""","""2020""","""No""","""2""",20188
NA,"""New Mexico""","""35""","""2021""","""2021""","""Yes""","""1""",1752
NA,"""New Mexico""","""35""","""2021""","""2021""","""No""","""2""",19637
NA,"""New York""","""36""","""2016""","""2016""","""Yes""","""1""",14897
NA,"""New York""","""36""","""2016""","""2016""","""No""","""2""",219168
NA,"""New York""","""36""","""2016""","""2016""","""Unknown or Not Stated""","""9""",218
NA,"""New York""","""36""","""2017""","""2017""","""Yes""","""1""",13188
NA,"""New York""","""36""","""2017""","""2017""","""No""","""2""",216143
NA,"""New York""","""36""","""2017""","""2017""","""Unknown or Not Stated""","""9""",406
NA,"""New York""","""36""","""2018""","""2018""","""Yes""","""1""",14218
NA,"""New York""","""36""","""2018""","""2018""","""No""","""2""",211526
NA,"""New York""","""36""","""2018""","""2018""","""Unknown or Not Stated""","""9""",494
NA,"""New York""","""36""","""2019""","""2019""","""Yes""","""1""",15221
NA,"""New York""","""36""","""2019""","""2019""","""No""","""2""",205834
NA,"""New York""","""36""","""2019""","""2019""","""Unknown or Not Stated""","""9""",484
NA,"""New York""","""36""","""2020""","""2020""","""Yes""","""1""",16141
NA,"""New York""","""36""","""2020""","""2020""","""No""","""2""",192799
NA,"""New York""","""36""","""2020""","""2020""","""Unknown or Not Stated""","""9""",398
NA,"""New York""","""36""","""2021""","""2021""","""Yes""","""1""",16865
NA,"""New York""","""36""","""2021""","""2021""","""No""","""2""",193426
NA,"""New York""","""36""","""2021""","""2021""","""Unknown or Not Stated""","""9""",451
NA,"""North Carolina""","""37""","""2016""","""2016""","""Yes""","""1""",8107
NA,"""North Carolina""","""37""","""2016""","""2016""","""No""","""2""",112656
NA,"""North Carolina""","""37""","""2016""","""2016""","""Unknown or Not Stated""","""9""",16
NA,"""North Carolina""","""37""","""2017""","""2017""","""Yes""","""1""",8731
NA,"""North Carolina""","""37""","""2017""","""2017""","""No""","""2""",111384
NA,"""North Carolina""","""37""","""2017""","""2017""","""Unknown or Not Stated""","""9""",10
NA,"""North Carolina""","""37""","""2018""","""2018""","""Yes""","""1""",9390
NA,"""North Carolina""","""37""","""2018""","""2018""","""No""","""2""",109544
NA,"""North Carolina""","""37""","""2018""","""2018""","""Unknown or Not Stated""","""9""",20
NA,"""North Carolina""","""37""","""2019""","""2019""","""Yes""","""1""",9332
NA,"""North Carolina""","""37""","""2019""","""2019""","""No""","""2""",109387
NA,"""North Carolina""","""37""","""2020""","""2020""","""Yes""","""1""",10689
NA,"""North Carolina""","""37""","""2020""","""2020""","""No""","""2""",106032
NA,"""North Carolina""","""37""","""2021""","""2021""","""Yes""","""1""",12261
NA,"""North Carolina""","""37""","""2021""","""2021""","""No""","""2""",108182
NA,"""North Carolina""","""37""","""2021""","""2021""","""Unknown or Not Stated""","""9""",23
NA,"""North Dakota""","""38""","""2016""","""2016""","""Yes""","""1""",649
NA,"""North Dakota""","""38""","""2016""","""2016""","""No""","""2""",10734
NA,"""North Dakota""","""38""","""2017""","""2017""","""Yes""","""1""",693
NA,"""North Dakota""","""38""","""2017""","""2017""","""No""","""2""",10043
NA,"""North Dakota""","""38""","""2018""","""2018""","""Yes""","""1""",756
NA,"""North Dakota""","""38""","""2018""","""2018""","""No""","""2""",9878
NA,"""North Dakota""","""38""","""2019""","""2019""","""Yes""","""1""",879
NA,"""North Dakota""","""38""","""2019""","""2019""","""No""","""2""",9575
NA,"""North Dakota""","""38""","""2020""","""2020""","""Yes""","""1""",932
NA,"""North Dakota""","""38""","""2020""","""2020""","""No""","""2""",9127
NA,"""North Dakota""","""38""","""2021""","""2021""","""Yes""","""1""",958
NA,"""North Dakota""","""38""","""2021""","""2021""","""No""","""2""",9154
NA,"""Ohio""","""39""","""2016""","""2016""","""Yes""","""1""",11147
NA,"""Ohio""","""39""","""2016""","""2016""","""No""","""2""",126911
NA,"""Ohio""","""39""","""2016""","""2016""","""Unknown or Not Stated""","""9""",27
NA,"""Ohio""","""39""","""2017""","""2017""","""Yes""","""1""",11752
NA,"""Ohio""","""39""","""2017""","""2017""","""No""","""2""",125066
NA,"""Ohio""","""39""","""2017""","""2017""","""Unknown or Not Stated""","""9""",14
NA,"""Ohio""","""39""","""2018""","""2018""","""Yes""","""1""",12665
NA,"""Ohio""","""39""","""2018""","""2018""","""No""","""2""",122457
NA,"""Ohio""","""39""","""2018""","""2018""","""Unknown or Not Stated""","""9""",12
NA,"""Ohio""","""39""","""2019""","""2019""","""Yes""","""1""",13696
NA,"""Ohio""","""39""","""2019""","""2019""","""No""","""2""",120757
NA,"""Ohio""","""39""","""2020""","""2020""","""Yes""","""1""",14391
NA,"""Ohio""","""39""","""2020""","""2020""","""No""","""2""",114784
NA,"""Ohio""","""39""","""2020""","""2020""","""Unknown or Not Stated""","""9""",16
NA,"""Ohio""","""39""","""2021""","""2021""","""Yes""","""1""",15490
NA,"""Ohio""","""39""","""2021""","""2021""","""No""","""2""",114282
NA,"""Ohio""","""39""","""2021""","""2021""","""Unknown or Not Stated""","""9""",19
NA,"""Oklahoma""","""40""","""2016""","""2016""","""Yes""","""1""",3029
NA,"""Oklahoma""","""40""","""2016""","""2016""","""No""","""2""",49562
NA,"""Oklahoma""","""40""","""2017""","""2017""","""Yes""","""1""",3063
NA,"""Oklahoma""","""40""","""2017""","""2017""","""No""","""2""",47150
NA,"""Oklahoma""","""40""","""2018""","""2018""","""Yes""","""1""",3486
NA,"""Oklahoma""","""40""","""2018""","""2018""","""No""","""2""",46314
NA,"""Oklahoma""","""40""","""2019""","""2019""","""Yes""","""1""",3630
NA,"""Oklahoma""","""40""","""2019""","""2019""","""No""","""2""",45511
NA,"""Oklahoma""","""40""","""2020""","""2020""","""Yes""","""1""",3836
NA,"""Oklahoma""","""40""","""2020""","""2020""","""No""","""2""",43787
NA,"""Oklahoma""","""40""","""2021""","""2021""","""Yes""","""1""",4009
NA,"""Oklahoma""","""40""","""2021""","""2021""","""No""","""2""",44395
NA,"""Oregon""","""41""","""2016""","""2016""","""Yes""","""1""",3341
NA,"""Oregon""","""41""","""2016""","""2016""","""No""","""2""",42192
NA,"""Oregon""","""41""","""2017""","""2017""","""Yes""","""1""",3577
NA,"""Oregon""","""41""","""2017""","""2017""","""No""","""2""",40054
NA,"""Oregon""","""41""","""2018""","""2018""","""Yes""","""1""",3805
NA,"""Oregon""","""41""","""2018""","""2018""","""No""","""2""",38383
NA,"""Oregon""","""41""","""2019""","""2019""","""Yes""","""1""",3968
NA,"""Oregon""","""41""","""2019""","""2019""","""No""","""2""",37888
NA,"""Oregon""","""41""","""2020""","""2020""","""Yes""","""1""",4055
NA,"""Oregon""","""41""","""2020""","""2020""","""No""","""2""",35763
NA,"""Oregon""","""41""","""2021""","""2021""","""Yes""","""1""",4621
NA,"""Oregon""","""41""","""2021""","""2021""","""No""","""2""",36293
NA,"""Pennsylvania""","""42""","""2016""","""2016""","""Yes""","""1""",7689
NA,"""Pennsylvania""","""42""","""2016""","""2016""","""No""","""2""",131699
NA,"""Pennsylvania""","""42""","""2016""","""2016""","""Unknown or Not Stated""","""9""",21
NA,"""Pennsylvania""","""42""","""2017""","""2017""","""Yes""","""1""",8552
NA,"""Pennsylvania""","""42""","""2017""","""2017""","""No""","""2""",129165
NA,"""Pennsylvania""","""42""","""2017""","""2017""","""Unknown or Not Stated""","""9""",28
NA,"""Pennsylvania""","""42""","""2018""","""2018""","""Yes""","""1""",9149
NA,"""Pennsylvania""","""42""","""2018""","""2018""","""No""","""2""",126486
NA,"""Pennsylvania""","""42""","""2018""","""2018""","""Unknown or Not Stated""","""9""",38
NA,"""Pennsylvania""","""42""","""2019""","""2019""","""Yes""","""1""",10342
NA,"""Pennsylvania""","""42""","""2019""","""2019""","""No""","""2""",123856
NA,"""Pennsylvania""","""42""","""2019""","""2019""","""Unknown or Not Stated""","""9""",32
NA,"""Pennsylvania""","""42""","""2020""","""2020""","""Yes""","""1""",10553
NA,"""Pennsylvania""","""42""","""2020""","""2020""","""No""","""2""",120095
NA,"""Pennsylvania""","""42""","""2020""","""2020""","""Unknown or Not Stated""","""9""",45
NA,"""Pennsylvania""","""42""","""2021""","""2021""","""Yes""","""1""",12448
NA,"""Pennsylvania""","""42""","""2021""","""2021""","""No""","""2""",119901
NA,"""Pennsylvania""","""42""","""2021""","""2021""","""Unknown or Not Stated""","""9""",273
NA,"""Rhode Island""","""44""","""2016""","""2016""","""Yes""","""1""",707
NA,"""Rhode Island""","""44""","""2016""","""2016""","""No""","""2""",10084
NA,"""Rhode Island""","""44""","""2017""","""2017""","""Yes""","""1""",785
NA,"""Rhode Island""","""44""","""2017""","""2017""","""No""","""2""",9850
NA,"""Rhode Island""","""44""","""2018""","""2018""","""Yes""","""1""",859
NA,"""Rhode Island""","""44""","""2018""","""2018""","""No""","""2""",9642
NA,"""Rhode Island""","""44""","""2019""","""2019""","""Yes""","""1""",925
NA,"""Rhode Island""","""44""","""2019""","""2019""","""No""","""2""",9236
NA,"""Rhode Island""","""44""","""2019""","""2019""","""Unknown or Not Stated""","""9""",14
NA,"""Rhode Island""","""44""","""2020""","""2020""","""Yes""","""1""",918
NA,"""Rhode Island""","""44""","""2020""","""2020""","""No""","""2""",9166
NA,"""Rhode Island""","""44""","""2020""","""2020""","""Unknown or Not Stated""","""9""",17
NA,"""Rhode Island""","""44""","""2021""","""2021""","""Yes""","""1""",1126
NA,"""Rhode Island""","""44""","""2021""","""2021""","""No""","""2""",9324
NA,"""Rhode Island""","""44""","""2021""","""2021""","""Unknown or Not Stated""","""9""",14
NA,"""South Carolina""","""45""","""2016""","""2016""","""Yes""","""1""",4248
NA,"""South Carolina""","""45""","""2016""","""2016""","""No""","""2""",53092
NA,"""South Carolina""","""45""","""2017""","""2017""","""Yes""","""1""",4737
NA,"""South Carolina""","""45""","""2017""","""2017""","""No""","""2""",52289
NA,"""South Carolina""","""45""","""2018""","""2018""","""Yes""","""1""",4945
NA,"""South Carolina""","""45""","""2018""","""2018""","""No""","""2""",51720
NA,"""South Carolina""","""45""","""2019""","""2019""","""Yes""","""1""",4935
NA,"""South Carolina""","""45""","""2019""","""2019""","""No""","""2""",52099
NA,"""South Carolina""","""45""","""2020""","""2020""","""Yes""","""1""",5098
NA,"""South Carolina""","""45""","""2020""","""2020""","""No""","""2""",50601
NA,"""South Carolina""","""45""","""2021""","""2021""","""Yes""","""1""",5345
NA,"""South Carolina""","""45""","""2021""","""2021""","""No""","""2""",51773
NA,"""South Carolina""","""45""","""2021""","""2021""","""Unknown or Not Stated""","""9""",67
NA,"""South Dakota""","""46""","""2016""","""2016""","""Yes""","""1""",724
NA,"""South Dakota""","""46""","""2016""","""2016""","""No""","""2""",11550
NA,"""South Dakota""","""46""","""2017""","""2017""","""Yes""","""1""",749
NA,"""South Dakota""","""46""","""2017""","""2017""","""No""","""2""",11381
NA,"""South Dakota""","""46""","""2018""","""2018""","""Yes""","""1""",803
NA,"""South Dakota""","""46""","""2018""","""2018""","""No""","""2""",11078
NA,"""South Dakota""","""46""","""2018""","""2018""","""Unknown or Not Stated""","""9""",12
NA,"""South Dakota""","""46""","""2019""","""2019""","""Yes""","""1""",819
NA,"""South Dakota""","""46""","""2019""","""2019""","""No""","""2""",10627
NA,"""South Dakota""","""46""","""2020""","""2020""","""Yes""","""1""",807
NA,"""South Dakota""","""46""","""2020""","""2020""","""No""","""2""",10144
NA,"""South Dakota""","""46""","""2021""","""2021""","""Yes""","""1""",935
NA,"""South Dakota""","""46""","""2021""","""2021""","""No""","""2""",10429
NA,"""Tennessee""","""47""","""2016""","""2016""","""Yes""","""1""",4557
NA,"""Tennessee""","""47""","""2016""","""2016""","""No""","""2""",76246
NA,"""Tennessee""","""47""","""2017""","""2017""","""Yes""","""1""",4686
NA,"""Tennessee""","""47""","""2017""","""2017""","""No""","""2""",76262
NA,"""Tennessee""","""47""","""2017""","""2017""","""Unknown or Not Stated""","""9""",68
NA,"""Tennessee""","""47""","""2018""","""2018""","""Yes""","""1""",5039
NA,"""Tennessee""","""47""","""2018""","""2018""","""No""","""2""",75671
NA,"""Tennessee""","""47""","""2018""","""2018""","""Unknown or Not Stated""","""9""",41
NA,"""Tennessee""","""47""","""2019""","""2019""","""Yes""","""1""",6198
NA,"""Tennessee""","""47""","""2019""","""2019""","""No""","""2""",74248
NA,"""Tennessee""","""47""","""2020""","""2020""","""Yes""","""1""",6482
NA,"""Tennessee""","""47""","""2020""","""2020""","""No""","""2""",72205
NA,"""Tennessee""","""47""","""2021""","""2021""","""Yes""","""1""",7470
NA,"""Tennessee""","""47""","""2021""","""2021""","""No""","""2""",74242
NA,"""Texas""","""48""","""2016""","""2016""","""Yes""","""1""",24273
NA,"""Texas""","""48""","""2016""","""2016""","""No""","""2""",373772
NA,"""Texas""","""48""","""2017""","""2017""","""Yes""","""1""",25241
NA,"""Texas""","""48""","""2017""","""2017""","""No""","""2""",356808
NA,"""Texas""","""48""","""2018""","""2018""","""Yes""","""1""",26995
NA,"""Texas""","""48""","""2018""","""2018""","""No""","""2""",351596
NA,"""Texas""","""48""","""2018""","""2018""","""Unknown or Not Stated""","""9""",33
NA,"""Texas""","""48""","""2019""","""2019""","""Yes""","""1""",27834
NA,"""Texas""","""48""","""2019""","""2019""","""No""","""2""",349365
NA,"""Texas""","""48""","""2019""","""2019""","""Unknown or Not Stated""","""9""",400
NA,"""Texas""","""48""","""2020""","""2020""","""Yes""","""1""",28114
NA,"""Texas""","""48""","""2020""","""2020""","""No""","""2""",339579
NA,"""Texas""","""48""","""2020""","""2020""","""Unknown or Not Stated""","""9""",497
NA,"""Texas""","""48""","""2021""","""2021""","""Yes""","""1""",30191
NA,"""Texas""","""48""","""2021""","""2021""","""No""","""2""",342845
NA,"""Texas""","""48""","""2021""","""2021""","""Unknown or Not Stated""","""9""",558
NA,"""Utah""","""49""","""2016""","""2016""","""Yes""","""1""",2942
NA,"""Utah""","""49""","""2016""","""2016""","""No""","""2""",47522
NA,"""Utah""","""49""","""2017""","""2017""","""Yes""","""1""",3335
NA,"""Utah""","""49""","""2017""","""2017""","""No""","""2""",45249
NA,"""Utah""","""49""","""2018""","""2018""","""Yes""","""1""",3517
NA,"""Utah""","""49""","""2018""","""2018""","""No""","""2""",43691
NA,"""Utah""","""49""","""2019""","""2019""","""Yes""","""1""",3595
NA,"""Utah""","""49""","""2019""","""2019""","""No""","""2""",43231
NA,"""Utah""","""49""","""2020""","""2020""","""Yes""","""1""",3499
NA,"""Utah""","""49""","""2020""","""2020""","""No""","""2""",42203
NA,"""Utah""","""49""","""2021""","""2021""","""Yes""","""1""",3876
NA,"""Utah""","""49""","""2021""","""2021""","""No""","""2""",42836
NA,"""Vermont""","""50""","""2016""","""2016""","""Yes""","""1""",466
NA,"""Vermont""","""50""","""2016""","""2016""","""No""","""2""",5290
NA,"""Vermont""","""50""","""2017""","""2017""","""Yes""","""1""",518
NA,"""Vermont""","""50""","""2017""","""2017""","""No""","""2""",5137
NA,"""Vermont""","""50""","""2018""","""2018""","""Yes""","""1""",482
NA,"""Vermont""","""50""","""2018""","""2018""","""No""","""2""",4948
NA,"""Vermont""","""50""","""2019""","""2019""","""Yes""","""1""",550
NA,"""Vermont""","""50""","""2019""","""2019""","""No""","""2""",4810
NA,"""Vermont""","""50""","""2020""","""2020""","""Yes""","""1""",523
NA,"""Vermont""","""50""","""2020""","""2020""","""No""","""2""",4610
NA,"""Vermont""","""50""","""2021""","""2021""","""Yes""","""1""",594
NA,"""Vermont""","""50""","""2021""","""2021""","""No""","""2""",4790
NA,"""Virginia""","""51""","""2016""","""2016""","""Yes""","""1""",4571
NA,"""Virginia""","""51""","""2016""","""2016""","""No""","""2""",97885
NA,"""Virginia""","""51""","""2017""","""2017""","""Yes""","""1""",4883
NA,"""Virginia""","""51""","""2017""","""2017""","""No""","""2""",95507
NA,"""Virginia""","""51""","""2018""","""2018""","""Yes""","""1""",6209
NA,"""Virginia""","""51""","""2018""","""2018""","""No""","""2""",93633
NA,"""Virginia""","""51""","""2019""","""2019""","""Yes""","""1""",6768
NA,"""Virginia""","""51""","""2019""","""2019""","""No""","""2""",90655
NA,"""Virginia""","""51""","""2020""","""2020""","""Yes""","""1""",7806
NA,"""Virginia""","""51""","""2020""","""2020""","""No""","""2""",86940
NA,"""Virginia""","""51""","""2021""","""2021""","""Yes""","""1""",9146
NA,"""Virginia""","""51""","""2021""","""2021""","""No""","""2""",86675
NA,"""Washington""","""53""","""2016""","""2016""","""Yes""","""1""",5702
NA,"""Washington""","""53""","""2016""","""2016""","""No""","""2""",84370
NA,"""Washington""","""53""","""2016""","""2016""","""Unknown or Not Stated""","""9""",433
NA,"""Washington""","""53""","""2017""","""2017""","""Yes""","""1""",6211
NA,"""Washington""","""53""","""2017""","""2017""","""No""","""2""",80974
NA,"""Washington""","""53""","""2017""","""2017""","""Unknown or Not Stated""","""9""",377
NA,"""Washington""","""53""","""2018""","""2018""","""Yes""","""1""",6676
NA,"""Washington""","""53""","""2018""","""2018""","""No""","""2""",79409
NA,"""Washington""","""53""","""2019""","""2019""","""Yes""","""1""",7350
NA,"""Washington""","""53""","""2019""","""2019""","""No""","""2""",77518
NA,"""Washington""","""53""","""2019""","""2019""","""Unknown or Not Stated""","""9""",27
NA,"""Washington""","""53""","""2020""","""2020""","""Yes""","""1""",7834
NA,"""Washington""","""53""","""2020""","""2020""","""No""","""2""",74674
NA,"""Washington""","""53""","""2020""","""2020""","""Unknown or Not Stated""","""9""",578
NA,"""Washington""","""53""","""2021""","""2021""","""Yes""","""1""",8460
NA,"""Washington""","""53""","""2021""","""2021""","""No""","""2""",74470
NA,"""Washington""","""53""","""2021""","""2021""","""Unknown or Not Stated""","""9""",981
NA,"""West Virginia""","""54""","""2016""","""2016""","""Yes""","""1""",1245
NA,"""West Virginia""","""54""","""2016""","""2016""","""No""","""2""",17736
NA,"""West Virginia""","""54""","""2016""","""2016""","""Unknown or Not Stated""","""9""",98
NA,"""West Virginia""","""54""","""2017""","""2017""","""Yes""","""1""",1360
NA,"""West Virginia""","""54""","""2017""","""2017""","""No""","""2""",17219
NA,"""West Virginia""","""54""","""2017""","""2017""","""Unknown or Not Stated""","""9""",96
NA,"""West Virginia""","""54""","""2018""","""2018""","""Yes""","""1""",1641
NA,"""West Virginia""","""54""","""2018""","""2018""","""No""","""2""",16531
NA,"""West Virginia""","""54""","""2018""","""2018""","""Unknown or Not Stated""","""9""",76
NA,"""West Virginia""","""54""","""2019""","""2019""","""Yes""","""1""",1642
NA,"""West Virginia""","""54""","""2019""","""2019""","""No""","""2""",16403
NA,"""West Virginia""","""54""","""2019""","""2019""","""Unknown or Not Stated""","""9""",91
NA,"""West Virginia""","""54""","""2020""","""2020""","""Yes""","""1""",1692
NA,"""West Virginia""","""54""","""2020""","""2020""","""No""","""2""",15538
NA,"""West Virginia""","""54""","""2020""","""2020""","""Unknown or Not Stated""","""9""",93
NA,"""West Virginia""","""54""","""2021""","""2021""","""Yes""","""1""",1944
NA,"""West Virginia""","""54""","""2021""","""2021""","""No""","""2""",15159
NA,"""West Virginia""","""54""","""2021""","""2021""","""Unknown or Not Stated""","""9""",95
NA,"""Wisconsin""","""55""","""2016""","""2016""","""Yes""","""1""",4103
NA,"""Wisconsin""","""55""","""2016""","""2016""","""No""","""2""",62299
NA,"""Wisconsin""","""55""","""2016""","""2016""","""Unknown or Not Stated""","""9""",213
NA,"""Wisconsin""","""55""","""2017""","""2017""","""Yes""","""1""",4337
NA,"""Wisconsin""","""55""","""2017""","""2017""","""No""","""2""",60464
NA,"""Wisconsin""","""55""","""2017""","""2017""","""Unknown or Not Stated""","""9""",174
NA,"""Wisconsin""","""55""","""2018""","""2018""","""Yes""","""1""",5001
NA,"""Wisconsin""","""55""","""2018""","""2018""","""No""","""2""",58909
NA,"""Wisconsin""","""55""","""2018""","""2018""","""Unknown or Not Stated""","""9""",188
NA,"""Wisconsin""","""55""","""2019""","""2019""","""Yes""","""1""",5337
NA,"""Wisconsin""","""55""","""2019""","""2019""","""No""","""2""",57722
NA,"""Wisconsin""","""55""","""2019""","""2019""","""Unknown or Not Stated""","""9""",211
NA,"""Wisconsin""","""55""","""2020""","""2020""","""Yes""","""1""",5127
NA,"""Wisconsin""","""55""","""2020""","""2020""","""No""","""2""",55401
NA,"""Wisconsin""","""55""","""2020""","""2020""","""Unknown or Not Stated""","""9""",66
NA,"""Wisconsin""","""55""","""2021""","""2021""","""Yes""","""1""",5646
NA,"""Wisconsin""","""55""","""2021""","""2021""","""No""","""2""",56040
NA,"""Wisconsin""","""55""","""2021""","""2021""","""Unknown or Not Stated""","""9""",95
NA,"""Wyoming""","""56""","""2016""","""2016""","""Yes""","""1""",415
NA,"""Wyoming""","""56""","""2016""","""2016""","""No""","""2""",6971
NA,"""Wyoming""","""56""","""2017""","""2017""","""Yes""","""1""",480
NA,"""Wyoming""","""56""","""2017""","""2017""","""No""","""2""",6422
NA,"""Wyoming""","""56""","""2018""","""2018""","""Yes""","""1""",568
NA,"""Wyoming""","""56""","""2018""","""2018""","""No""","""2""",5994
NA,"""Wyoming""","""56""","""2019""","""2019""","""Yes""","""1""",548
NA,"""Wyoming""","""56""","""2019""","""2019""","""No""","""2""",6017
NA,"""Wyoming""","""56""","""2020""","""2020""","""Yes""","""1""",617
NA,"""Wyoming""","""56""","""2020""","""2020""","""No""","""2""",5510
NA,"""Wyoming""","""56""","""2021""","""2021""","""Yes""","""1""",666
NA,"""Wyoming""","""56""","""2021""","""2021""","""No""","""2""",5569
