"""Notes""","""State of Residence""","""State of Residence Code""","""Year""","""Year Code""","""Gestational Diabetes""","""Gestational Diabetes Code""","Births"
NA,"""Alabama""","""01""","""2016""","""2016""","""Yes""","""1""",2805
NA,"""Alabama""","""01""","""2016""","""2016""","""No""","""2""",56343
NA,"""Alabama""","""01""","""2017""","""2017""","""Yes""","""1""",3010
NA,"""Alabama""","""01""","""2017""","""2017""","""No""","""2""",55928
NA,"""Alabama""","""01""","""2018""","""2018""","""Yes""","""1""",3030
NA,"""Alabama""","""01""","""2018""","""2018""","""No""","""2""",54727
NA,"""Alabama""","""01""","""2019""","""2019""","""Yes""","""1""",3390
NA,"""Alabama""","""01""","""2019""","""2019""","""No""","""2""",55221
NA,"""Alabama""","""01""","""2020""","""2020""","""Yes""","""1""",3514
NA,"""Alabama""","""01""","""2020""","""2020""","""No""","""2""",54131
NA,"""Alabama""","""01""","""2021""","""2021""","""Yes""","""1""",3833
NA,"""Alabama""","""01""","""2021""","""2021""","""No""","""2""",54221
NA,"""Alaska""","""02""","""2016""","""2016""","""Yes""","""1""",1050
NA,"""Alaska""","""02""","""2016""","""2016""","""No""","""2""",10084
NA,"""Alaska""","""02""","""2016""","""2016""","""Unknown or Not Stated""","""9""",75
NA,"""Alaska""","""02""","""2017""","""2017""","""Yes""","""1""",1035
NA,"""Alaska""","""02""","""2017""","""2017""","""No""","""2""",9307
NA,"""Alaska""","""02""","""2017""","""2017""","""Unknown or Not Stated""","""9""",103
NA,"""Alaska""","""02""","""2018""","""2018""","""Yes""","""1""",1109
NA,"""Alaska""","""02""","""2018""","""2018""","""No""","""2""",8858
NA,"""Alaska""","""02""","""2018""","""2018""","""Unknown or Not Stated""","""9""",119
NA,"""Alaska""","""02""","""2019""","""2019""","""Yes""","""1""",1143
NA,"""Alaska""","""02""","""2019""","""2019""","""No""","""2""",8597
NA,"""Alaska""","""02""","""2019""","""2019""","""Unknown or Not Stated""","""9""",82
NA,"""Alaska""","""02""","""2020""","""2020""","""Yes""","""1""",1183
NA,"""Alaska""","""02""","""2020""","""2020""","""No""","""2""",8207
NA,"""Alaska""","""02""","""2020""","""2020""","""Unknown or Not Stated""","""9""",79
NA,"""Alaska""","""02""","""2021""","""2021""","""Yes""","""1""",1238
NA,"""Alaska""","""02""","""2021""","""2021""","""No""","""2""",8072
NA,"""Alaska""","""02""","""2021""","""2021""","""Unknown or Not Stated""","""9""",57
NA,"""Arizona""","""04""","""2016""","""2016""","""Yes""","""1""",6423
NA,"""Arizona""","""04""","""2016""","""2016""","""No""","""2""",78097
NA,"""Arizona""","""04""","""2017""","""2017""","""Yes""","""1""",6258
NA,"""Arizona""","""04""","""2017""","""2017""","""No""","""2""",75614
NA,"""Arizona""","""04""","""2018""","""2018""","""Yes""","""1""",6851
NA,"""Arizona""","""04""","""2018""","""2018""","""No""","""2""",73872
NA,"""Arizona""","""04""","""2019""","""2019""","""Yes""","""1""",6889
NA,"""Arizona""","""04""","""2019""","""2019""","""No""","""2""",72484
NA,"""Arizona""","""04""","""2020""","""2020""","""Yes""","""1""",7333
NA,"""Arizona""","""04""","""2020""","""2020""","""No""","""2""",69613
NA,"""Arizona""","""04""","""2021""","""2021""","""Yes""","""1""",7713
NA,"""Arizona""","""04""","""2021""","""2021""","""No""","""2""",70203
NA,"""Arkansas""","""05""","""2016""","""2016""","""Yes""","""1""",1785
NA,"""Arkansas""","""05""","""2016""","""2016""","""No""","""2""",36489
NA,"""Arkansas""","""05""","""2017""","""2017""","""Yes""","""1""",1802
NA,"""Arkansas""","""05""","""2017""","""2017""","""No""","""2""",35715
NA,"""Arkansas""","""05""","""2018""","""2018""","""Yes""","""1""",1877
NA,"""Arkansas""","""05""","""2018""","""2018""","""No""","""2""",35138
NA,"""Arkansas""","""05""","""2019""","""2019""","""Yes""","""1""",2072
NA,"""Arkansas""","""05""","""2019""","""2019""","""No""","""2""",34491
NA,"""Arkansas""","""05""","""2020""","""2020""","""Yes""","""1""",2318
NA,"""Arkansas""","""05""","""2020""","""2020""","""No""","""2""",32933
NA,"""Arkansas""","""05""","""2021""","""2021""","""Yes""","""1""",2448
NA,"""Arkansas""","""05""","""2021""","""2021""","""No""","""2""",33516
NA,"""California""","""06""","""2016""","""2016""","""Yes""","""1""",28925
NA,"""California""","""06""","""2016""","""2016""","""No""","""2""",459899
NA,"""California""","""06""","""2017""","""2017""","""Yes""","""1""",30260
NA,"""California""","""06""","""2017""","""2017""","""No""","""2""",441395
NA,"""California""","""06""","""2018""","""2018""","""Yes""","""1""",30942
NA,"""California""","""06""","""2018""","""2018""","""No""","""2""",423969
NA,"""California""","""06""","""2019""","""2019""","""Yes""","""1""",32462
NA,"""California""","""06""","""2019""","""2019""","""No""","""2""",413672
NA,"""California""","""06""","""2019""","""2019""","""Unknown or Not Stated""","""9""",345
NA,"""California""","""06""","""2020""","""2020""","""Yes""","""1""",34093
NA,"""California""","""06""","""2020""","""2020""","""No""","""2""",385947
NA,"""California""","""06""","""2020""","""2020""","""Unknown or Not Stated""","""9""",219
NA,"""California""","""06""","""2021""","""2021""","""Yes""","""1""",36183
NA,"""California""","""06""","""2021""","""2021""","""No""","""2""",384184
NA,"""California""","""06""","""2021""","""2021""","""Unknown or Not Stated""","""9""",241
NA,"""Colorado""","""08""","""2016""","""2016""","""Yes""","""1""",2893
NA,"""Colorado""","""08""","""2016""","""2016""","""No""","""2""",63708
NA,"""Colorado""","""08""","""2016""","""2016""","""Unknown or Not Stated""","""9""",12
NA,"""Colorado""","""08""","""2017""","""2017""","""Yes""","""1""",3068
NA,"""Colorado""","""08""","""2017""","""2017""","""No""","""2""",61305
NA,"""Colorado""","""08""","""2018""","""2018""","""Yes""","""1""",3334
NA,"""Colorado""","""08""","""2018""","""2018""","""No""","""2""",59543
NA,"""Colorado""","""08""","""2019""","""2019""","""Yes""","""1""",3311
NA,"""Colorado""","""08""","""2019""","""2019""","""No""","""2""",59548
NA,"""Colorado""","""08""","""2019""","""2019""","""Unknown or Not Stated""","""9""",10
NA,"""Colorado""","""08""","""2020""","""2020""","""Yes""","""1""",3683
NA,"""Colorado""","""08""","""2020""","""2020""","""No""","""2""",57796
NA,"""Colorado""","""08""","""2020""","""2020""","""Unknown or Not Stated""","""9""",15
NA,"""Colorado""","""08""","""2021""","""2021""","""Yes""","""1""",4034
NA,"""Colorado""","""08""","""2021""","""2021""","""No""","""2""",58906
NA,"""Connecticut""","""09""","""2016""","""2016""","""Yes""","""1""",2325
NA,"""Connecticut""","""09""","""2016""","""2016""","""No""","""2""",32996
NA,"""Connecticut""","""09""","""2016""","""2016""","""Unknown or Not Stated""","""9""",694
NA,"""Connecticut""","""09""","""2017""","""2017""","""Yes""","""1""",2382
NA,"""Connecticut""","""09""","""2017""","""2017""","""No""","""2""",32566
NA,"""Connecticut""","""09""","""2017""","""2017""","""Unknown or Not Stated""","""9""",273
NA,"""Connecticut""","""09""","""2018""","""2018""","""Yes""","""1""",2388
NA,"""Connecticut""","""09""","""2018""","""2018""","""No""","""2""",32226
NA,"""Connecticut""","""09""","""2018""","""2018""","""Unknown or Not Stated""","""9""",111
NA,"""Connecticut""","""09""","""2019""","""2019""","""Yes""","""1""",2518
NA,"""Connecticut""","""09""","""2019""","""2019""","""No""","""2""",31619
NA,"""Connecticut""","""09""","""2019""","""2019""","""Unknown or Not Stated""","""9""",121
NA,"""Connecticut""","""09""","""2020""","""2020""","""Yes""","""1""",2492
NA,"""Connecticut""","""09""","""2020""","""2020""","""No""","""2""",30829
NA,"""Connecticut""","""09""","""2020""","""2020""","""Unknown or Not Stated""","""9""",139
NA,"""Connecticut""","""09""","""2021""","""2021""","""Yes""","""1""",2856
NA,"""Connecticut""","""09""","""2021""","""2021""","""No""","""2""",32789
NA,"""Connecticut""","""09""","""2021""","""2021""","""Unknown or Not Stated""","""9""",25
NA,"""Delaware""","""10""","""2016""","""2016""","""Yes""","""1""",797
NA,"""Delaware""","""10""","""2016""","""2016""","""No""","""2""",10194
NA,"""Delaware""","""10""","""2017""","""2017""","""Yes""","""1""",845
NA,"""Delaware""","""10""","""2017""","""2017""","""No""","""2""",10009
NA,"""Delaware""","""10""","""2018""","""2018""","""Yes""","""1""",840
NA,"""Delaware""","""10""","""2018""","""2018""","""No""","""2""",9777
NA,"""Delaware""","""10""","""2019""","""2019""","""Yes""","""1""",597
NA,"""Delaware""","""10""","""2019""","""2019""","""No""","""2""",9950
NA,"""Delaware""","""10""","""2019""","""2019""","""Unknown or Not Stated""","""9""",15
NA,"""Delaware""","""10""","""2020""","""2020""","""Yes""","""1""",953
NA,"""Delaware""","""10""","""2020""","""2020""","""No""","""2""",9407
NA,"""Delaware""","""10""","""2020""","""2020""","""Unknown or Not Stated""","""9""",32
NA,"""Delaware""","""10""","""2021""","""2021""","""Yes""","""1""",881
NA,"""Delaware""","""10""","""2021""","""2021""","""No""","""2""",9575
NA,"""Delaware""","""10""","""2021""","""2021""","""Unknown or Not Stated""","""9""",26
NA,"""District of Columbia""","""11""","""2016""","""2016""","""Yes""","""1""",372
NA,"""District of Columbia""","""11""","""2016""","""2016""","""No""","""2""",9471
NA,"""District of Columbia""","""11""","""2016""","""2016""","""Unknown or Not Stated""","""9""",15
NA,"""District of Columbia""","""11""","""2017""","""2017""","""Yes""","""1""",317
NA,"""District of Columbia""","""11""","""2017""","""2017""","""No""","""2""",9242
NA,"""District of Columbia""","""11""","""2018""","""2018""","""Yes""","""1""",361
NA,"""District of Columbia""","""11""","""2018""","""2018""","""No""","""2""",8849
NA,"""District of Columbia""","""11""","""2019""","""2019""","""Yes""","""1""",411
NA,"""District of Columbia""","""11""","""2019""","""2019""","""No""","""2""",8664
NA,"""District of Columbia""","""11""","""2020""","""2020""","""Yes""","""1""",512
NA,"""District of Columbia""","""11""","""2020""","""2020""","""No""","""2""",8358
NA,"""District of Columbia""","""11""","""2021""","""2021""","""Yes""","""1""",533
NA,"""District of Columbia""","""11""","""2021""","""2021""","""No""","""2""",8121
NA,"""Florida""","""12""","""2016""","""2016""","""Yes""","""1""",10223
NA,"""Florida""","""12""","""2016""","""2016""","""No""","""2""",214383
NA,"""Florida""","""12""","""2016""","""2016""","""Unknown or Not Stated""","""9""",416
NA,"""Florida""","""12""","""2017""","""2017""","""Yes""","""1""",11656
NA,"""Florida""","""12""","""2017""","""2017""","""No""","""2""",211470
NA,"""Florida""","""12""","""2017""","""2017""","""Unknown or Not Stated""","""9""",504
NA,"""Florida""","""12""","""2018""","""2018""","""Yes""","""1""",13385
NA,"""Florida""","""12""","""2018""","""2018""","""No""","""2""",207685
NA,"""Florida""","""12""","""2018""","""2018""","""Unknown or Not Stated""","""9""",472
NA,"""Florida""","""12""","""2019""","""2019""","""Yes""","""1""",14080
NA,"""Florida""","""12""","""2019""","""2019""","""No""","""2""",205605
NA,"""Florida""","""12""","""2019""","""2019""","""Unknown or Not Stated""","""9""",317
NA,"""Florida""","""12""","""2020""","""2020""","""Yes""","""1""",14898
NA,"""Florida""","""12""","""2020""","""2020""","""No""","""2""",194479
NA,"""Florida""","""12""","""2020""","""2020""","""Unknown or Not Stated""","""9""",294
NA,"""Florida""","""12""","""2021""","""2021""","""Yes""","""1""",15631
NA,"""Florida""","""12""","""2021""","""2021""","""No""","""2""",199950
NA,"""Florida""","""12""","""2021""","""2021""","""Unknown or Not Stated""","""9""",679
NA,"""Georgia""","""13""","""2016""","""2016""","""Yes""","""1""",5905
NA,"""Georgia""","""13""","""2016""","""2016""","""No""","""2""",123789
NA,"""Georgia""","""13""","""2016""","""2016""","""Unknown or Not Stated""","""9""",348
NA,"""Georgia""","""13""","""2017""","""2017""","""Yes""","""1""",6332
NA,"""Georgia""","""13""","""2017""","""2017""","""No""","""2""",122529
NA,"""Georgia""","""13""","""2017""","""2017""","""Unknown or Not Stated""","""9""",382
NA,"""Georgia""","""13""","""2018""","""2018""","""Yes""","""1""",6229
NA,"""Georgia""","""13""","""2018""","""2018""","""No""","""2""",119682
NA,"""Georgia""","""13""","""2018""","""2018""","""Unknown or Not Stated""","""9""",261
NA,"""Georgia""","""13""","""2019""","""2019""","""Yes""","""1""",6763
NA,"""Georgia""","""13""","""2019""","""2019""","""No""","""2""",119407
NA,"""Georgia""","""13""","""2019""","""2019""","""Unknown or Not Stated""","""9""",201
NA,"""Georgia""","""13""","""2020""","""2020""","""Yes""","""1""",7434
NA,"""Georgia""","""13""","""2020""","""2020""","""No""","""2""",114896
NA,"""Georgia""","""13""","""2020""","""2020""","""Unknown or Not Stated""","""9""",143
NA,"""Georgia""","""13""","""2021""","""2021""","""Yes""","""1""",8772
NA,"""Georgia""","""13""","""2021""","""2021""","""No""","""2""",115132
NA,"""Georgia""","""13""","""2021""","""2021""","""Unknown or Not Stated""","""9""",169
NA,"""Hawaii""","""15""","""2016""","""2016""","""Yes""","""1""",1283
NA,"""Hawaii""","""15""","""2016""","""2016""","""No""","""2""",16776
NA,"""Hawaii""","""15""","""2017""","""2017""","""Yes""","""1""",1407
NA,"""Hawaii""","""15""","""2017""","""2017""","""No""","""2""",16110
NA,"""Hawaii""","""15""","""2018""","""2018""","""Yes""","""1""",1205
NA,"""Hawaii""","""15""","""2018""","""2018""","""No""","""2""",15767
NA,"""Hawaii""","""15""","""2019""","""2019""","""Yes""","""1""",1177
NA,"""Hawaii""","""15""","""2019""","""2019""","""No""","""2""",15620
NA,"""Hawaii""","""15""","""2020""","""2020""","""Yes""","""1""",1345
NA,"""Hawaii""","""15""","""2020""","""2020""","""No""","""2""",14439
NA,"""Hawaii""","""15""","""2021""","""2021""","""Yes""","""1""",1276
NA,"""Hawaii""","""15""","""2021""","""2021""","""No""","""2""",14344
NA,"""Idaho""","""16""","""2016""","""2016""","""Yes""","""1""",1116
NA,"""Idaho""","""16""","""2016""","""2016""","""No""","""2""",21342
NA,"""Idaho""","""16""","""2016""","""2016""","""Unknown or Not Stated""","""9""",24
NA,"""Idaho""","""16""","""2017""","""2017""","""Yes""","""1""",1097
NA,"""Idaho""","""16""","""2017""","""2017""","""No""","""2""",21067
NA,"""Idaho""","""16""","""2017""","""2017""","""Unknown or Not Stated""","""9""",17
NA,"""Idaho""","""16""","""2018""","""2018""","""Yes""","""1""",1110
NA,"""Idaho""","""16""","""2018""","""2018""","""No""","""2""",20272
NA,"""Idaho""","""16""","""2018""","""2018""","""Unknown or Not Stated""","""9""",21
NA,"""Idaho""","""16""","""2019""","""2019""","""Yes""","""1""",1122
NA,"""Idaho""","""16""","""2019""","""2019""","""No""","""2""",20928
NA,"""Idaho""","""16""","""2019""","""2019""","""Unknown or Not Stated""","""9""",13
NA,"""Idaho""","""16""","""2020""","""2020""","""Yes""","""1""",1246
NA,"""Idaho""","""16""","""2020""","""2020""","""No""","""2""",20269
NA,"""Idaho""","""16""","""2020""","""2020""","""Unknown or Not Stated""","""9""",18
NA,"""Idaho""","""16""","""2021""","""2021""","""Yes""","""1""",1477
NA,"""Idaho""","""16""","""2021""","""2021""","""No""","""2""",20931
NA,"""Idaho""","""16""","""2021""","""2021""","""Unknown or Not Stated""","""9""",19
NA,"""Illinois""","""17""","""2016""","""2016""","""Yes""","""1""",10198
NA,"""Illinois""","""17""","""2016""","""2016""","""No""","""2""",144021
NA,"""Illinois""","""17""","""2016""","""2016""","""Unknown or Not Stated""","""9""",226
NA,"""Illinois""","""17""","""2017""","""2017""","""Yes""","""1""",10657
NA,"""Illinois""","""17""","""2017""","""2017""","""No""","""2""",138368
NA,"""Illinois""","""17""","""2017""","""2017""","""Unknown or Not Stated""","""9""",365
NA,"""Illinois""","""17""","""2018""","""2018""","""Yes""","""1""",10717
NA,"""Illinois""","""17""","""2018""","""2018""","""No""","""2""",133845
NA,"""Illinois""","""17""","""2018""","""2018""","""Unknown or Not Stated""","""9""",253
NA,"""Illinois""","""17""","""2019""","""2019""","""Yes""","""1""",11376
NA,"""Illinois""","""17""","""2019""","""2019""","""No""","""2""",128630
NA,"""Illinois""","""17""","""2019""","""2019""","""Unknown or Not Stated""","""9""",122
NA,"""Illinois""","""17""","""2020""","""2020""","""Yes""","""1""",12085
NA,"""Illinois""","""17""","""2020""","""2020""","""No""","""2""",121045
NA,"""Illinois""","""17""","""2020""","""2020""","""Unknown or Not Stated""","""9""",168
NA,"""Illinois""","""17""","""2021""","""2021""","""Yes""","""1""",12676
NA,"""Illinois""","""17""","""2021""","""2021""","""No""","""2""",119390
NA,"""Illinois""","""17""","""2021""","""2021""","""Unknown or Not Stated""","""9""",123
NA,"""Indiana""","""18""","""2016""","""2016""","""Yes""","""1""",5152
NA,"""Indiana""","""18""","""2016""","""2016""","""No""","""2""",77935
NA,"""Indiana""","""18""","""2017""","""2017""","""Yes""","""1""",5252
NA,"""Indiana""","""18""","""2017""","""2017""","""No""","""2""",76908
NA,"""Indiana""","""18""","""2017""","""2017""","""Unknown or Not Stated""","""9""",10
NA,"""Indiana""","""18""","""2018""","""2018""","""Yes""","""1""",5527
NA,"""Indiana""","""18""","""2018""","""2018""","""No""","""2""",76110
NA,"""Indiana""","""18""","""2019""","""2019""","""Yes""","""1""",5878
NA,"""Indiana""","""18""","""2019""","""2019""","""No""","""2""",74977
NA,"""Indiana""","""18""","""2020""","""2020""","""Yes""","""1""",6185
NA,"""Indiana""","""18""","""2020""","""2020""","""No""","""2""",72384
NA,"""Indiana""","""18""","""2020""","""2020""","""Unknown or Not Stated""","""9""",47
NA,"""Indiana""","""18""","""2021""","""2021""","""Yes""","""1""",6668
NA,"""Indiana""","""18""","""2021""","""2021""","""No""","""2""",72817
NA,"""Indiana""","""18""","""2021""","""2021""","""Unknown or Not Stated""","""9""",461
NA,"""Iowa""","""19""","""2016""","""2016""","""Yes""","""1""",2997
NA,"""Iowa""","""19""","""2016""","""2016""","""No""","""2""",36405
NA,"""Iowa""","""19""","""2017""","""2017""","""Yes""","""1""",3228
NA,"""Iowa""","""19""","""2017""","""2017""","""No""","""2""",35200
NA,"""Iowa""","""19""","""2018""","""2018""","""Yes""","""1""",3170
NA,"""Iowa""","""19""","""2018""","""2018""","""No""","""2""",34615
NA,"""Iowa""","""19""","""2019""","""2019""","""Yes""","""1""",3341
NA,"""Iowa""","""19""","""2019""","""2019""","""No""","""2""",34306
NA,"""Iowa""","""19""","""2020""","""2020""","""Yes""","""1""",3381
NA,"""Iowa""","""19""","""2020""","""2020""","""No""","""2""",32732
NA,"""Iowa""","""19""","""2021""","""2021""","""Yes""","""1""",3797
NA,"""Iowa""","""19""","""2021""","""2021""","""No""","""2""",33030
NA,"""Kansas""","""20""","""2016""","""2016""","""Yes""","""1""",2245
NA,"""Kansas""","""20""","""2016""","""2016""","""No""","""2""",35808
NA,"""Kansas""","""20""","""2017""","""2017""","""Yes""","""1""",2323
NA,"""Kansas""","""20""","""2017""","""2017""","""No""","""2""",34196
NA,"""Kansas""","""20""","""2018""","""2018""","""Yes""","""1""",2496
NA,"""Kansas""","""20""","""2018""","""2018""","""No""","""2""",33765
NA,"""Kansas""","""20""","""2019""","""2019""","""Yes""","""1""",2601
NA,"""Kansas""","""20""","""2019""","""2019""","""No""","""2""",32794
NA,"""Kansas""","""20""","""2020""","""2020""","""Yes""","""1""",2989
NA,"""Kansas""","""20""","""2020""","""2020""","""No""","""2""",31386
NA,"""Kansas""","""20""","""2021""","""2021""","""Yes""","""1""",3094
NA,"""Kansas""","""20""","""2021""","""2021""","""No""","""2""",31609
NA,"""Kentucky""","""21""","""2016""","""2016""","""Yes""","""1""",3113
NA,"""Kentucky""","""21""","""2016""","""2016""","""No""","""2""",52055
NA,"""Kentucky""","""21""","""2016""","""2016""","""Unknown or Not Stated""","""9""",281
NA,"""Kentucky""","""21""","""2017""","""2017""","""Yes""","""1""",3355
NA,"""Kentucky""","""21""","""2017""","""2017""","""No""","""2""",51205
NA,"""Kentucky""","""21""","""2017""","""2017""","""Unknown or Not Stated""","""9""",192
NA,"""Kentucky""","""21""","""2018""","""2018""","""Yes""","""1""",3368
NA,"""Kentucky""","""21""","""2018""","""2018""","""No""","""2""",50414
NA,"""Kentucky""","""21""","""2018""","""2018""","""Unknown or Not Stated""","""9""",140
NA,"""Kentucky""","""21""","""2019""","""2019""","""Yes""","""1""",3654
NA,"""Kentucky""","""21""","""2019""","""2019""","""No""","""2""",49269
NA,"""Kentucky""","""21""","""2019""","""2019""","""Unknown or Not Stated""","""9""",146
NA,"""Kentucky""","""21""","""2020""","""2020""","""Yes""","""1""",4089
NA,"""Kentucky""","""21""","""2020""","""2020""","""No""","""2""",47036
NA,"""Kentucky""","""21""","""2020""","""2020""","""Unknown or Not Stated""","""9""",543
NA,"""Kentucky""","""21""","""2021""","""2021""","""Yes""","""1""",4293
NA,"""Kentucky""","""21""","""2021""","""2021""","""No""","""2""",47682
NA,"""Kentucky""","""21""","""2021""","""2021""","""Unknown or Not Stated""","""9""",239
NA,"""Louisiana""","""22""","""2016""","""2016""","""Yes""","""1""",3242
NA,"""Louisiana""","""22""","""2016""","""2016""","""No""","""2""",59936
NA,"""Louisiana""","""22""","""2017""","""2017""","""Yes""","""1""",3504
NA,"""Louisiana""","""22""","""2017""","""2017""","""No""","""2""",57514
NA,"""Louisiana""","""22""","""2018""","""2018""","""Yes""","""1""",3590
NA,"""Louisiana""","""22""","""2018""","""2018""","""No""","""2""",56025
NA,"""Louisiana""","""22""","""2019""","""2019""","""Yes""","""1""",3478
NA,"""Louisiana""","""22""","""2019""","""2019""","""No""","""2""",55462
NA,"""Louisiana""","""22""","""2020""","""2020""","""Yes""","""1""",4343
NA,"""Louisiana""","""22""","""2020""","""2020""","""No""","""2""",52984
NA,"""Louisiana""","""22""","""2021""","""2021""","""Yes""","""1""",4474
NA,"""Louisiana""","""22""","""2021""","""2021""","""No""","""2""",52961
NA,"""Maine""","""23""","""2016""","""2016""","""Yes""","""1""",789
NA,"""Maine""","""23""","""2016""","""2016""","""No""","""2""",11901
NA,"""Maine""","""23""","""2016""","""2016""","""Unknown or Not Stated""","""9""",15
NA,"""Maine""","""23""","""2017""","""2017""","""Yes""","""1""",816
NA,"""Maine""","""23""","""2017""","""2017""","""No""","""2""",11480
NA,"""Maine""","""23""","""2018""","""2018""","""Yes""","""1""",921
NA,"""Maine""","""23""","""2018""","""2018""","""No""","""2""",11389
NA,"""Maine""","""23""","""2019""","""2019""","""Yes""","""1""",999
NA,"""Maine""","""23""","""2019""","""2019""","""No""","""2""",10778
NA,"""Maine""","""23""","""2020""","""2020""","""Yes""","""1""",1057
NA,"""Maine""","""23""","""2020""","""2020""","""No""","""2""",10482
NA,"""Maine""","""23""","""2021""","""2021""","""Yes""","""1""",1154
NA,"""Maine""","""23""","""2021""","""2021""","""No""","""2""",10852
NA,"""Maryland""","""24""","""2016""","""2016""","""Yes""","""1""",4880
NA,"""Maryland""","""24""","""2016""","""2016""","""No""","""2""",68245
NA,"""Maryland""","""24""","""2016""","""2016""","""Unknown or Not Stated""","""9""",11
NA,"""Maryland""","""24""","""2017""","""2017""","""Yes""","""1""",5235
NA,"""Maryland""","""24""","""2017""","""2017""","""No""","""2""",66337
NA,"""Maryland""","""24""","""2017""","""2017""","""Unknown or Not Stated""","""9""",69
NA,"""Maryland""","""24""","""2018""","""2018""","""Yes""","""1""",5200
NA,"""Maryland""","""24""","""2018""","""2018""","""No""","""2""",65838
NA,"""Maryland""","""24""","""2018""","""2018""","""Unknown or Not Stated""","""9""",42
NA,"""Maryland""","""24""","""2019""","""2019""","""Yes""","""1""",5229
NA,"""Maryland""","""24""","""2019""","""2019""","""No""","""2""",64909
NA,"""Maryland""","""24""","""2019""","""2019""","""Unknown or Not Stated""","""9""",40
NA,"""Maryland""","""24""","""2020""","""2020""","""Yes""","""1""",6110
NA,"""Maryland""","""24""","""2020""","""2020""","""No""","""2""",62405
NA,"""Maryland""","""24""","""2020""","""2020""","""Unknown or Not Stated""","""9""",39
NA,"""Maryland""","""24""","""2021""","""2021""","""Yes""","""1""",6357
NA,"""Maryland""","""24""","""2021""","""2021""","""No""","""2""",61886
NA,"""Maryland""","""24""","""2021""","""2021""","""Unknown or Not Stated""","""9""",42
NA,"""Massachusetts""","""25""","""2016""","""2016""","""Yes""","""1""",4006
NA,"""Massachusetts""","""25""","""2016""","""2016""","""No""","""2""",67215
NA,"""Massachusetts""","""25""","""2016""","""2016""","""Unknown or Not Stated""","""9""",96
NA,"""Massachusetts""","""25""","""2017""","""2017""","""Yes""","""1""",4575
NA,"""Massachusetts""","""25""","""2017""","""2017""","""No""","""2""",66056
NA,"""Massachusetts""","""25""","""2017""","""2017""","""Unknown or Not Stated""","""9""",71
NA,"""Massachusetts""","""25""","""2018""","""2018""","""Yes""","""1""",4812
NA,"""Massachusetts""","""25""","""2018""","""2018""","""No""","""2""",64221
NA,"""Massachusetts""","""25""","""2018""","""2018""","""Unknown or Not Stated""","""9""",76
NA,"""Massachusetts""","""25""","""2019""","""2019""","""Yes""","""1""",4887
NA,"""Massachusetts""","""25""","""2019""","""2019""","""No""","""2""",64093
NA,"""Massachusetts""","""25""","""2019""","""2019""","""Unknown or Not Stated""","""9""",137
NA,"""Massachusetts""","""25""","""2020""","""2020""","""Yes""","""1""",5219
NA,"""Massachusetts""","""25""","""2020""","""2020""","""No""","""2""",60976
NA,"""Massachusetts""","""25""","""2020""","""2020""","""Unknown or Not Stated""","""9""",233
NA,"""Massachusetts""","""25""","""2021""","""2021""","""Yes""","""1""",5841
NA,"""Massachusetts""","""25""","""2021""","""2021""","""No""","""2""",63084
NA,"""Massachusetts""","""25""","""2021""","""2021""","""Unknown or Not Stated""","""9""",212
NA,"""Michigan""","""26""","""2016""","""2016""","""Yes""","""1""",5961
NA,"""Michigan""","""26""","""2016""","""2016""","""No""","""2""",107086
NA,"""Michigan""","""26""","""2016""","""2016""","""Unknown or Not Stated""","""9""",268
NA,"""Michigan""","""26""","""2017""","""2017""","""Yes""","""1""",6293
NA,"""Michigan""","""26""","""2017""","""2017""","""No""","""2""",104821
NA,"""Michigan""","""26""","""2017""","""2017""","""Unknown or Not Stated""","""9""",312
NA,"""Michigan""","""26""","""2018""","""2018""","""Yes""","""1""",6478
NA,"""Michigan""","""26""","""2018""","""2018""","""No""","""2""",103285
NA,"""Michigan""","""26""","""2018""","""2018""","""Unknown or Not Stated""","""9""",269
NA,"""Michigan""","""26""","""2019""","""2019""","""Yes""","""1""",6575
NA,"""Michigan""","""26""","""2019""","""2019""","""No""","""2""",101072
NA,"""Michigan""","""26""","""2019""","""2019""","""Unknown or Not Stated""","""9""",239
NA,"""Michigan""","""26""","""2020""","""2020""","""Yes""","""1""",7232
NA,"""Michigan""","""26""","""2020""","""2020""","""No""","""2""",96660
NA,"""Michigan""","""26""","""2020""","""2020""","""Unknown or Not Stated""","""9""",182
NA,"""Michigan""","""26""","""2021""","""2021""","""Yes""","""1""",8079
NA,"""Michigan""","""26""","""2021""","""2021""","""No""","""2""",96756
NA,"""Michigan""","""26""","""2021""","""2021""","""Unknown or Not Stated""","""9""",145
NA,"""Minnesota""","""27""","""2016""","""2016""","""Yes""","""1""",4735
NA,"""Minnesota""","""27""","""2016""","""2016""","""No""","""2""",64950
NA,"""Minnesota""","""27""","""2016""","""2016""","""Unknown or Not Stated""","""9""",64
NA,"""Minnesota""","""27""","""2017""","""2017""","""Yes""","""1""",5102
NA,"""Minnesota""","""27""","""2017""","""2017""","""No""","""2""",63390
NA,"""Minnesota""","""27""","""2017""","""2017""","""Unknown or Not Stated""","""9""",103
NA,"""Minnesota""","""27""","""2018""","""2018""","""Yes""","""1""",4950
NA,"""Minnesota""","""27""","""2018""","""2018""","""No""","""2""",62351
NA,"""Minnesota""","""27""","""2018""","""2018""","""Unknown or Not Stated""","""9""",43
NA,"""Minnesota""","""27""","""2019""","""2019""","""Yes""","""1""",4857
NA,"""Minnesota""","""27""","""2019""","""2019""","""No""","""2""",61091
NA,"""Minnesota""","""27""","""2019""","""2019""","""Unknown or Not Stated""","""9""",79
NA,"""Minnesota""","""27""","""2020""","""2020""","""Yes""","""1""",5366
NA,"""Minnesota""","""27""","""2020""","""2020""","""No""","""2""",58023
NA,"""Minnesota""","""27""","""2020""","""2020""","""Unknown or Not Stated""","""9""",54
NA,"""Minnesota""","""27""","""2021""","""2021""","""Yes""","""1""",6031
NA,"""Minnesota""","""27""","""2021""","""2021""","""No""","""2""",58349
NA,"""Minnesota""","""27""","""2021""","""2021""","""Unknown or Not Stated""","""9""",45
NA,"""Mississippi""","""28""","""2016""","""2016""","""Yes""","""1""",1312
NA,"""Mississippi""","""28""","""2016""","""2016""","""No""","""2""",36605
NA,"""Mississippi""","""28""","""2016""","""2016""","""Unknown or Not Stated""","""9""",11
NA,"""Mississippi""","""28""","""2017""","""2017""","""Yes""","""1""",1415
NA,"""Mississippi""","""28""","""2017""","""2017""","""No""","""2""",35932
NA,"""Mississippi""","""28""","""2017""","""2017""","""Unknown or Not Stated""","""9""",10
NA,"""Mississippi""","""28""","""2018""","""2018""","""Yes""","""1""",1397
NA,"""Mississippi""","""28""","""2018""","""2018""","""No""","""2""",35586
NA,"""Mississippi""","""28""","""2018""","""2018""","""Unknown or Not Stated""","""9""",17
NA,"""Mississippi""","""28""","""2019""","""2019""","""Yes""","""1""",1495
NA,"""Mississippi""","""28""","""2019""","""2019""","""No""","""2""",35130
NA,"""Mississippi""","""28""","""2019""","""2019""","""Unknown or Not Stated""","""9""",11
NA,"""Mississippi""","""28""","""2020""","""2020""","""Yes""","""1""",1678
NA,"""Mississippi""","""28""","""2020""","""2020""","""No""","""2""",33790
NA,"""Mississippi""","""28""","""2021""","""2021""","""Yes""","""1""",1889
NA,"""Mississippi""","""28""","""2021""","""2021""","""No""","""2""",33258
NA,"""Missouri""","""29""","""2016""","""2016""","""Yes""","""1""",4558
NA,"""Missouri""","""29""","""2016""","""2016""","""No""","""2""",70146
NA,"""Missouri""","""29""","""2017""","""2017""","""Yes""","""1""",4861
NA,"""Missouri""","""29""","""2017""","""2017""","""No""","""2""",68173
NA,"""Missouri""","""29""","""2018""","""2018""","""Yes""","""1""",5073
NA,"""Missouri""","""29""","""2018""","""2018""","""No""","""2""",68196
NA,"""Missouri""","""29""","""2019""","""2019""","""Yes""","""1""",5301
NA,"""Missouri""","""29""","""2019""","""2019""","""No""","""2""",66823
NA,"""Missouri""","""29""","""2020""","""2020""","""Yes""","""1""",5937
NA,"""Missouri""","""29""","""2020""","""2020""","""No""","""2""",63346
NA,"""Missouri""","""29""","""2021""","""2021""","""Yes""","""1""",6107
NA,"""Missouri""","""29""","""2021""","""2021""","""No""","""2""",63344
NA,"""Montana""","""30""","""2016""","""2016""","""Yes""","""1""",528
NA,"""Montana""","""30""","""2016""","""2016""","""No""","""2""",11742
NA,"""Montana""","""30""","""2016""","""2016""","""Unknown or Not Stated""","""9""",12
NA,"""Montana""","""30""","""2017""","""2017""","""Yes""","""1""",526
NA,"""Montana""","""30""","""2017""","""2017""","""No""","""2""",11266
NA,"""Montana""","""30""","""2018""","""2018""","""Yes""","""1""",568
NA,"""Montana""","""30""","""2018""","""2018""","""No""","""2""",10939
NA,"""Montana""","""30""","""2019""","""2019""","""Yes""","""1""",554
NA,"""Montana""","""30""","""2019""","""2019""","""No""","""2""",10523
NA,"""Montana""","""30""","""2020""","""2020""","""Yes""","""1""",677
NA,"""Montana""","""30""","""2020""","""2020""","""No""","""2""",10113
NA,"""Montana""","""30""","""2021""","""2021""","""Yes""","""1""",728
NA,"""Montana""","""30""","""2021""","""2021""","""No""","""2""",10503
NA,"""Nebraska""","""31""","""2016""","""2016""","""Yes""","""1""",1679
NA,"""Nebraska""","""31""","""2016""","""2016""","""No""","""2""",24873
NA,"""Nebraska""","""31""","""2016""","""2016""","""Unknown or Not Stated""","""9""",37
NA,"""Nebraska""","""31""","""2017""","""2017""","""Yes""","""1""",1795
NA,"""Nebraska""","""31""","""2017""","""2017""","""No""","""2""",24000
NA,"""Nebraska""","""31""","""2017""","""2017""","""Unknown or Not Stated""","""9""",26
NA,"""Nebraska""","""31""","""2018""","""2018""","""Yes""","""1""",1662
NA,"""Nebraska""","""31""","""2018""","""2018""","""No""","""2""",23799
NA,"""Nebraska""","""31""","""2018""","""2018""","""Unknown or Not Stated""","""9""",27
NA,"""Nebraska""","""31""","""2019""","""2019""","""Yes""","""1""",1744
NA,"""Nebraska""","""31""","""2019""","""2019""","""No""","""2""",22981
NA,"""Nebraska""","""31""","""2019""","""2019""","""Unknown or Not Stated""","""9""",30
NA,"""Nebraska""","""31""","""2020""","""2020""","""Yes""","""1""",1915
NA,"""Nebraska""","""31""","""2020""","""2020""","""No""","""2""",22324
NA,"""Nebraska""","""31""","""2020""","""2020""","""Unknown or Not Stated""","""9""",52
NA,"""Nebraska""","""31""","""2021""","""2021""","""Yes""","""1""",2212
NA,"""Nebraska""","""31""","""2021""","""2021""","""No""","""2""",22360
NA,"""Nebraska""","""31""","""2021""","""2021""","""Unknown or Not Stated""","""9""",37
NA,"""Nevada""","""32""","""2016""","""2016""","""Yes""","""1""",2372
NA,"""Nevada""","""32""","""2016""","""2016""","""No""","""2""",33888
NA,"""Nevada""","""32""","""2017""","""2017""","""Yes""","""1""",2501
NA,"""Nevada""","""32""","""2017""","""2017""","""No""","""2""",33255
NA,"""Nevada""","""32""","""2018""","""2018""","""Yes""","""1""",2559
NA,"""Nevada""","""32""","""2018""","""2018""","""No""","""2""",33121
NA,"""Nevada""","""32""","""2019""","""2019""","""Yes""","""1""",2412
NA,"""Nevada""","""32""","""2019""","""2019""","""No""","""2""",32659
NA,"""Nevada""","""32""","""2020""","""2020""","""Yes""","""1""",2700
NA,"""Nevada""","""32""","""2020""","""2020""","""No""","""2""",30953
NA,"""Nevada""","""32""","""2021""","""2021""","""Yes""","""1""",2918
NA,"""Nevada""","""32""","""2021""","""2021""","""No""","""2""",30768
NA,"""New Hampshire""","""33""","""2016""","""2016""","""Yes""","""1""",650
NA,"""New Hampshire""","""33""","""2016""","""2016""","""No""","""2""",11510
NA,"""New Hampshire""","""33""","""2016""","""2016""","""Unknown or Not Stated""","""9""",107
NA,"""New Hampshire""","""33""","""2017""","""2017""","""Yes""","""1""",777
NA,"""New Hampshire""","""33""","""2017""","""2017""","""No""","""2""",11292
NA,"""New Hampshire""","""33""","""2017""","""2017""","""Unknown or Not Stated""","""9""",47
NA,"""New Hampshire""","""33""","""2018""","""2018""","""Yes""","""1""",864
NA,"""New Hampshire""","""33""","""2018""","""2018""","""No""","""2""",11084
NA,"""New Hampshire""","""33""","""2018""","""2018""","""Unknown or Not Stated""","""9""",47
NA,"""New Hampshire""","""33""","""2019""","""2019""","""Yes""","""1""",862
NA,"""New Hampshire""","""33""","""2019""","""2019""","""No""","""2""",10933
NA,"""New Hampshire""","""33""","""2019""","""2019""","""Unknown or Not Stated""","""9""",44
NA,"""New Hampshire""","""33""","""2020""","""2020""","""Yes""","""1""",958
NA,"""New Hampshire""","""33""","""2020""","""2020""","""No""","""2""",10797
NA,"""New Hampshire""","""33""","""2020""","""2020""","""Unknown or Not Stated""","""9""",36
NA,"""New Hampshire""","""33""","""2021""","""2021""","""Yes""","""1""",1013
NA,"""New Hampshire""","""33""","""2021""","""2021""","""No""","""2""",11575
NA,"""New Hampshire""","""33""","""2021""","""2021""","""Unknown or Not Stated""","""9""",37
NA,"""New Jersey""","""34""","""2016""","""2016""","""Yes""","""1""",7547
NA,"""New Jersey""","""34""","""2016""","""2016""","""No""","""2""",95093
NA,"""New Jersey""","""34""","""2017""","""2017""","""Yes""","""1""",7938
NA,"""New Jersey""","""34""","""2017""","""2017""","""No""","""2""",93305
NA,"""New Jersey""","""34""","""2018""","""2018""","""Yes""","""1""",8557
NA,"""New Jersey""","""34""","""2018""","""2018""","""No""","""2""",92659
NA,"""New Jersey""","""34""","""2019""","""2019""","""Yes""","""1""",8548
NA,"""New Jersey""","""34""","""2019""","""2019""","""No""","""2""",91031
NA,"""New Jersey""","""34""","""2020""","""2020""","""Yes""","""1""",9367
NA,"""New Jersey""","""34""","""2020""","""2020""","""No""","""2""",88579
NA,"""New Jersey""","""34""","""2021""","""2021""","""Yes""","""1""",9994
NA,"""New Jersey""","""34""","""2021""","""2021""","""No""","""2""",91494
NA,"""New Mexico""","""35""","""2016""","""2016""","""Yes""","""1""",1405
NA,"""New Mexico""","""35""","""2016""","""2016""","""No""","""2""",23287
NA,"""New Mexico""","""35""","""2017""","""2017""","""Yes""","""1""",1320
NA,"""New Mexico""","""35""","""2017""","""2017""","""No""","""2""",22447
NA,"""New Mexico""","""35""","""2018""","""2018""","""Yes""","""1""",1255
NA,"""New Mexico""","""35""","""2018""","""2018""","""No""","""2""",21784
NA,"""New Mexico""","""35""","""2019""","""2019""","""Yes""","""1""",1203
NA,"""New Mexico""","""35""","""2019""","""2019""","""No""","""2""",21752
NA,"""New Mexico""","""35""","""2020""","""2020""","""Yes""","""1""",1415
NA,"""New Mexico""","""35""","""2020""","""2020""","""No""","""2""",20486
NA,"""New Mexico""","""35""","""2021""","""2021""","""Yes""","""1""",1509
NA,"""New Mexico""","""35""","""2021""","""2021""","""No""","""2""",19880
NA,"""New York""","""36""","""2016""","""2016""","""Yes""","""1""",17618
NA,"""New York""","""36""","""2016""","""2016""","""No""","""2""",216447
NA,"""New York""","""36""","""2016""","""2016""","""Unknown or Not Stated""","""9""",218
NA,"""New York""","""36""","""2017""","""2017""","""Yes""","""1""",17730
NA,"""New York""","""36""","""2017""","""2017""","""No""","""2""",211601
NA,"""New York""","""36""","""2017""","""2017""","""Unknown or Not Stated""","""9""",406
NA,"""New York""","""36""","""2018""","""2018""","""Yes""","""1""",18265
NA,"""New York""","""36""","""2018""","""2018""","""No""","""2""",207479
NA,"""New York""","""36""","""2018""","""2018""","""Unknown or Not Stated""","""9""",494
NA,"""New York""","""36""","""2019""","""2019""","""Yes""","""1""",17952
NA,"""New York""","""36""","""2019""","""2019""","""No""","""2""",203103
NA,"""New York""","""36""","""2019""","""2019""","""Unknown or Not Stated""","""9""",484
NA,"""New York""","""36""","""2020""","""2020""","""Yes""","""1""",18804
NA,"""New York""","""36""","""2020""","""2020""","""No""","""2""",190136
NA,"""New York""","""36""","""2020""","""2020""","""Unknown or Not Stated""","""9""",398
NA,"""New York""","""36""","""2021""","""2021""","""Yes""","""1""",19482
NA,"""New York""","""36""","""2021""","""2021""","""No""","""2""",190809
NA,"""New York""","""36""","""2021""","""2021""","""Unknown or Not Stated""","""9""",451
NA,"""North Carolina""","""37""","""2016""","""2016""","""Yes""","""1""",6859
NA,"""North Carolina""","""37""","""2016""","""2016""","""No""","""2""",113904
NA,"""North Carolina""","""37""","""2016""","""2016""","""Unknown or Not Stated""","""9""",16
NA,"""North Carolina""","""37""","""2017""","""2017""","""Yes""","""1""",7677
NA,"""North Carolina""","""37""","""2017""","""2017""","""No""","""2""",112438
NA,"""North Carolina""","""37""","""2017""","""2017""","""Unknown or Not Stated""","""9""",10
NA,"""North Carolina""","""37""","""2018""","""2018""","""Yes""","""1""",7803
NA,"""North Carolina""","""37""","""2018""","""2018""","""No""","""2""",111131
NA,"""North Carolina""","""37""","""2018""","""2018""","""Unknown or Not Stated""","""9""",20
NA,"""North Carolina""","""37""","""2019""","""2019""","""Yes""","""1""",7462
NA,"""North Carolina""","""37""","""2019""","""2019""","""No""","""2""",111257
NA,"""North Carolina""","""37""","""2020""","""2020""","""Yes""","""1""",8591
NA,"""North Carolina""","""37""","""2020""","""2020""","""No""","""2""",108130
NA,"""North Carolina""","""37""","""2021""","""2021""","""Yes""","""1""",9888
NA,"""North Carolina""","""37""","""2021""","""2021""","""No""","""2""",110555
NA,"""North Carolina""","""37""","""2021""","""2021""","""Unknown or Not Stated""","""9""",23
NA,"""North Dakota""","""38""","""2016""","""2016""","""Yes""","""1""",655
NA,"""North Dakota""","""38""","""2016""","""2016""","""No""","""2""",10728
NA,"""North Dakota""","""38""","""2017""","""2017""","""Yes""","""1""",603
NA,"""North Dakota""","""38""","""2017""","""2017""","""No""","""2""",10133
NA,"""North Dakota""","""38""","""2018""","""2018""","""Yes""","""1""",646
NA,"""North Dakota""","""38""","""2018""","""2018""","""No""","""2""",9988
NA,"""North Dakota""","""38""","""2019""","""2019""","""Yes""","""1""",612
NA,"""North Dakota""","""38""","""2019""","""2019""","""No""","""2""",9842
NA,"""North Dakota""","""38""","""2020""","""2020""","""Yes""","""1""",634
NA,"""North Dakota""","""38""","""2020""","""2020""","""No""","""2""",9425
NA,"""North Dakota""","""38""","""2021""","""2021""","""Yes""","""1""",764
NA,"""North Dakota""","""38""","""2021""","""2021""","""No""","""2""",9348
NA,"""Ohio""","""39""","""2016""","""2016""","""Yes""","""1""",10238
NA,"""Ohio""","""39""","""2016""","""2016""","""No""","""2""",127820
NA,"""Ohio""","""39""","""2016""","""2016""","""Unknown or Not Stated""","""9""",27
NA,"""Ohio""","""39""","""2017""","""2017""","""Yes""","""1""",10553
NA,"""Ohio""","""39""","""2017""","""2017""","""No""","""2""",126265
NA,"""Ohio""","""39""","""2017""","""2017""","""Unknown or Not Stated""","""9""",14
NA,"""Ohio""","""39""","""2018""","""2018""","""Yes""","""1""",10850
NA,"""Ohio""","""39""","""2018""","""2018""","""No""","""2""",124272
NA,"""Ohio""","""39""","""2018""","""2018""","""Unknown or Not Stated""","""9""",12
NA,"""Ohio""","""39""","""2019""","""2019""","""Yes""","""1""",11032
NA,"""Ohio""","""39""","""2019""","""2019""","""No""","""2""",123421
NA,"""Ohio""","""39""","""2020""","""2020""","""Yes""","""1""",11541
NA,"""Ohio""","""39""","""2020""","""2020""","""No""","""2""",117634
NA,"""Ohio""","""39""","""2020""","""2020""","""Unknown or Not Stated""","""9""",16
NA,"""Ohio""","""39""","""2021""","""2021""","""Yes""","""1""",12040
NA,"""Ohio""","""39""","""2021""","""2021""","""No""","""2""",117732
NA,"""Ohio""","""39""","""2021""","""2021""","""Unknown or Not Stated""","""9""",19
NA,"""Oklahoma""","""40""","""2016""","""2016""","""Yes""","""1""",2505
NA,"""Oklahoma""","""40""","""2016""","""2016""","""No""","""2""",50086
NA,"""Oklahoma""","""40""","""2017""","""2017""","""Yes""","""1""",2552
NA,"""Oklahoma""","""40""","""2017""","""2017""","""No""","""2""",47661
NA,"""Oklahoma""","""40""","""2018""","""2018""","""Yes""","""1""",2719
NA,"""Oklahoma""","""40""","""2018""","""2018""","""No""","""2""",47081
NA,"""Oklahoma""","""40""","""2019""","""2019""","""Yes""","""1""",2907
NA,"""Oklahoma""","""40""","""2019""","""2019""","""No""","""2""",46234
NA,"""Oklahoma""","""40""","""2020""","""2020""","""Yes""","""1""",3053
NA,"""Oklahoma""","""40""","""2020""","""2020""","""No""","""2""",44570
NA,"""Oklahoma""","""40""","""2021""","""2021""","""Yes""","""1""",3199
NA,"""Oklahoma""","""40""","""2021""","""2021""","""No""","""2""",45205
NA,"""Oregon""","""41""","""2016""","""2016""","""Yes""","""1""",3731
NA,"""Oregon""","""41""","""2016""","""2016""","""No""","""2""",41802
NA,"""Oregon""","""41""","""2017""","""2017""","""Yes""","""1""",3799
NA,"""Oregon""","""41""","""2017""","""2017""","""No""","""2""",39832
NA,"""Oregon""","""41""","""2018""","""2018""","""Yes""","""1""",3839
NA,"""Oregon""","""41""","""2018""","""2018""","""No""","""2""",38349
NA,"""Oregon""","""41""","""2019""","""2019""","""Yes""","""1""",3862
NA,"""Oregon""","""41""","""2019""","""2019""","""No""","""2""",37994
NA,"""Oregon""","""41""","""2020""","""2020""","""Yes""","""1""",4021
NA,"""Oregon""","""41""","""2020""","""2020""","""No""","""2""",35797
NA,"""Oregon""","""41""","""2021""","""2021""","""Yes""","""1""",4495
NA,"""Oregon""","""41""","""2021""","""2021""","""No""","""2""",36419
NA,"""Pennsylvania""","""42""","""2016""","""2016""","""Yes""","""1""",7659
NA,"""Pennsylvania""","""42""","""2016""","""2016""","""No""","""2""",131729
NA,"""Pennsylvania""","""42""","""2016""","""2016""","""Unknown or Not Stated""","""9""",21
NA,"""Pennsylvania""","""42""","""2017""","""2017""","""Yes""","""1""",8067
NA,"""Pennsylvania""","""42""","""2017""","""2017""","""No""","""2""",129650
NA,"""Pennsylvania""","""42""","""2017""","""2017""","""Unknown or Not Stated""","""9""",28
NA,"""Pennsylvania""","""42""","""2018""","""2018""","""Yes""","""1""",8754
NA,"""Pennsylvania""","""42""","""2018""","""2018""","""No""","""2""",126881
NA,"""Pennsylvania""","""42""","""2018""","""2018""","""Unknown or Not Stated""","""9""",38
NA,"""Pennsylvania""","""42""","""2019""","""2019""","""Yes""","""1""",8861
NA,"""Pennsylvania""","""42""","""2019""","""2019""","""No""","""2""",125337
NA,"""Pennsylvania""","""42""","""2019""","""2019""","""Unknown or Not Stated""","""9""",32
NA,"""Pennsylvania""","""42""","""2020""","""2020""","""Yes""","""1""",9955
NA,"""Pennsylvania""","""42""","""2020""","""2020""","""No""","""2""",120693
NA,"""Pennsylvania""","""42""","""2020""","""2020""","""Unknown or Not Stated""","""9""",45
NA,"""Pennsylvania""","""42""","""2021""","""2021""","""Yes""","""1""",11681
NA,"""Pennsylvania""","""42""","""2021""","""2021""","""No""","""2""",120668
NA,"""Pennsylvania""","""42""","""2021""","""2021""","""Unknown or Not Stated""","""9""",273
NA,"""Rhode Island""","""44""","""2016""","""2016""","""Yes""","""1""",710
NA,"""Rhode Island""","""44""","""2016""","""2016""","""No""","""2""",10081
NA,"""Rhode Island""","""44""","""2017""","""2017""","""Yes""","""1""",762
NA,"""Rhode Island""","""44""","""2017""","""2017""","""No""","""2""",9873
NA,"""Rhode Island""","""44""","""2018""","""2018""","""Yes""","""1""",807
NA,"""Rhode Island""","""44""","""2018""","""2018""","""No""","""2""",9694
NA,"""Rhode Island""","""44""","""2019""","""2019""","""Yes""","""1""",784
NA,"""Rhode Island""","""44""","""2019""","""2019""","""No""","""2""",9377
NA,"""Rhode Island""","""44""","""2019""","""2019""","""Unknown or Not Stated""","""9""",14
NA,"""Rhode Island""","""44""","""2020""","""2020""","""Yes""","""1""",855
NA,"""Rhode Island""","""44""","""2020""","""2020""","""No""","""2""",9229
NA,"""Rhode Island""","""44""","""2020""","""2020""","""Unknown or Not Stated""","""9""",17
NA,"""Rhode Island""","""44""","""2021""","""2021""","""Yes""","""1""",931
NA,"""Rhode Island""","""44""","""2021""","""2021""","""No""","""2""",9519
NA,"""Rhode Island""","""44""","""2021""","""2021""","""Unknown or Not Stated""","""9""",14
NA,"""South Carolina""","""45""","""2016""","""2016""","""Yes""","""1""",3770
NA,"""South Carolina""","""45""","""2016""","""2016""","""No""","""2""",53570
NA,"""South Carolina""","""45""","""2017""","""2017""","""Yes""","""1""",3574
NA,"""South Carolina""","""45""","""2017""","""2017""","""No""","""2""",53452
NA,"""South Carolina""","""45""","""2018""","""2018""","""Yes""","""1""",3739
NA,"""South Carolina""","""45""","""2018""","""2018""","""No""","""2""",52926
NA,"""South Carolina""","""45""","""2019""","""2019""","""Yes""","""1""",3659
NA,"""South Carolina""","""45""","""2019""","""2019""","""No""","""2""",53375
NA,"""South Carolina""","""45""","""2020""","""2020""","""Yes""","""1""",4204
NA,"""South Carolina""","""45""","""2020""","""2020""","""No""","""2""",51495
NA,"""South Carolina""","""45""","""2021""","""2021""","""Yes""","""1""",4150
NA,"""South Carolina""","""45""","""2021""","""2021""","""No""","""2""",52968
NA,"""South Carolina""","""45""","""2021""","""2021""","""Unknown or Not Stated""","""9""",67
NA,"""South Dakota""","""46""","""2016""","""2016""","""Yes""","""1""",955
NA,"""South Dakota""","""46""","""2016""","""2016""","""No""","""2""",11319
NA,"""South Dakota""","""46""","""2017""","""2017""","""Yes""","""1""",953
NA,"""South Dakota""","""46""","""2017""","""2017""","""No""","""2""",11177
NA,"""South Dakota""","""46""","""2018""","""2018""","""Yes""","""1""",990
NA,"""South Dakota""","""46""","""2018""","""2018""","""No""","""2""",10891
NA,"""South Dakota""","""46""","""2018""","""2018""","""Unknown or Not Stated""","""9""",12
NA,"""South Dakota""","""46""","""2019""","""2019""","""Yes""","""1""",1007
NA,"""South Dakota""","""46""","""2019""","""2019""","""No""","""2""",10439
NA,"""South Dakota""","""46""","""2020""","""2020""","""Yes""","""1""",1031
NA,"""South Dakota""","""46""","""2020""","""2020""","""No""","""2""",9920
NA,"""South Dakota""","""46""","""2021""","""2021""","""Yes""","""1""",1226
NA,"""South Dakota""","""46""","""2021""","""2021""","""No""","""2""",10138
NA,"""Tennessee""","""47""","""2016""","""2016""","""Yes""","""1""",4623
NA,"""Tennessee""","""47""","""2016""","""2016""","""No""","""2""",76180
NA,"""Tennessee""","""47""","""2017""","""2017""","""Yes""","""1""",4971
NA,"""Tennessee""","""47""","""2017""","""2017""","""No""","""2""",75977
NA,"""Tennessee""","""47""","""2017""","""2017""","""Unknown or Not Stated""","""9""",68
NA,"""Tennessee""","""47""","""2018""","""2018""","""Yes""","""1""",4889
NA,"""Tennessee""","""47""","""2018""","""2018""","""No""","""2""",75821
NA,"""Tennessee""","""47""","""2018""","""2018""","""Unknown or Not Stated""","""9""",41
NA,"""Tennessee""","""47""","""2019""","""2019""","""Yes""","""1""",5550
NA,"""Tennessee""","""47""","""2019""","""2019""","""No""","""2""",74896
NA,"""Tennessee""","""47""","""2020""","""2020""","""Yes""","""1""",5972
NA,"""Tennessee""","""47""","""2020""","""2020""","""No""","""2""",72715
NA,"""Tennessee""","""47""","""2021""","""2021""","""Yes""","""1""",6758
NA,"""Tennessee""","""47""","""2021""","""2021""","""No""","""2""",74954
NA,"""Texas""","""48""","""2016""","""2016""","""Yes""","""1""",19766
NA,"""Texas""","""48""","""2016""","""2016""","""No""","""2""",378279
NA,"""Texas""","""48""","""2017""","""2017""","""Yes""","""1""",20152
NA,"""Texas""","""48""","""2017""","""2017""","""No""","""2""",361897
NA,"""Texas""","""48""","""2018""","""2018""","""Yes""","""1""",20233
NA,"""Texas""","""48""","""2018""","""2018""","""No""","""2""",358358
NA,"""Texas""","""48""","""2018""","""2018""","""Unknown or Not Stated""","""9""",33
NA,"""Texas""","""48""","""2019""","""2019""","""Yes""","""1""",20856
NA,"""Texas""","""48""","""2019""","""2019""","""No""","""2""",356343
NA,"""Texas""","""48""","""2019""","""2019""","""Unknown or Not Stated""","""9""",400
NA,"""Texas""","""48""","""2020""","""2020""","""Yes""","""1""",23608
NA,"""Texas""","""48""","""2020""","""2020""","""No""","""2""",344085
NA,"""Texas""","""48""","""2020""","""2020""","""Unknown or Not Stated""","""9""",497
NA,"""Texas""","""48""","""2021""","""2021""","""Yes""","""1""",24881
NA,"""Texas""","""48""","""2021""","""2021""","""No""","""2""",348155
NA,"""Texas""","""48""","""2021""","""2021""","""Unknown or Not Stated""","""9""",558
NA,"""Utah""","""49""","""2016""","""2016""","""Yes""","""1""",2999
NA,"""Utah""","""49""","""2016""","""2016""","""No""","""2""",47465
NA,"""Utah""","""49""","""2017""","""2017""","""Yes""","""1""",3028
NA,"""Utah""","""49""","""2017""","""2017""","""No""","""2""",45556
NA,"""Utah""","""49""","""2018""","""2018""","""Yes""","""1""",3092
NA,"""Utah""","""49""","""2018""","""2018""","""No""","""2""",44116
NA,"""Utah""","""49""","""2019""","""2019""","""Yes""","""1""",2885
NA,"""Utah""","""49""","""2019""","""2019""","""No""","""2""",43941
NA,"""Utah""","""49""","""2020""","""2020""","""Yes""","""1""",3116
NA,"""Utah""","""49""","""2020""","""2020""","""No""","""2""",42586
NA,"""Utah""","""49""","""2021""","""2021""","""Yes""","""1""",3522
NA,"""Utah""","""49""","""2021""","""2021""","""No""","""2""",43190
NA,"""Vermont""","""50""","""2016""","""2016""","""Yes""","""1""",276
NA,"""Vermont""","""50""","""2016""","""2016""","""No""","""2""",5480
NA,"""Vermont""","""50""","""2017""","""2017""","""Yes""","""1""",332
NA,"""Vermont""","""50""","""2017""","""2017""","""No""","""2""",5323
NA,"""Vermont""","""50""","""2018""","""2018""","""Yes""","""1""",347
NA,"""Vermont""","""50""","""2018""","""2018""","""No""","""2""",5083
NA,"""Vermont""","""50""","""2019""","""2019""","""Yes""","""1""",334
NA,"""Vermont""","""50""","""2019""","""2019""","""No""","""2""",5026
NA,"""Vermont""","""50""","""2020""","""2020""","""Yes""","""1""",377
NA,"""Vermont""","""50""","""2020""","""2020""","""No""","""2""",4756
NA,"""Vermont""","""50""","""2021""","""2021""","""Yes""","""1""",480
NA,"""Vermont""","""50""","""2021""","""2021""","""No""","""2""",4904
NA,"""Virginia""","""51""","""2016""","""2016""","""Yes""","""1""",5856
NA,"""Virginia""","""51""","""2016""","""2016""","""No""","""2""",96600
NA,"""Virginia""","""51""","""2017""","""2017""","""Yes""","""1""",5357
NA,"""Virginia""","""51""","""2017""","""2017""","""No""","""2""",95033
NA,"""Virginia""","""51""","""2018""","""2018""","""Yes""","""1""",5591
NA,"""Virginia""","""51""","""2018""","""2018""","""No""","""2""",94251
NA,"""Virginia""","""51""","""2019""","""2019""","""Yes""","""1""",5592
NA,"""Virginia""","""51""","""2019""","""2019""","""No""","""2""",91831
NA,"""Virginia""","""51""","""2020""","""2020""","""Yes""","""1""",6753
NA,"""Virginia""","""51""","""2020""","""2020""","""No""","""2""",87993
NA,"""Virginia""","""51""","""2021""","""2021""","""Yes""","""1""",7597
NA,"""Virginia""","""51""","""2021""","""2021""","""No""","""2""",88224
NA,"""Washington""","""53""","""2016""","""2016""","""Yes""","""1""",7658
NA,"""Washington""","""53""","""2016""","""2016""","""No""","""2""",82414
NA,"""Washington""","""53""","""2016""","""2016""","""Unknown or Not Stated""","""9""",433
NA,"""Washington""","""53""","""2017""","""2017""","""Yes""","""1""",7883
NA,"""Washington""","""53""","""2017""","""2017""","""No""","""2""",79302
NA,"""Washington""","""53""","""2017""","""2017""","""Unknown or Not Stated""","""9""",377
NA,"""Washington""","""53""","""2018""","""2018""","""Yes""","""1""",8166
NA,"""Washington""","""53""","""2018""","""2018""","""No""","""2""",77919
NA,"""Washington""","""53""","""2019""","""2019""","""Yes""","""1""",8378
NA,"""Washington""","""53""","""2019""","""2019""","""No""","""2""",76490
NA,"""Washington""","""53""","""2019""","""2019""","""Unknown or Not Stated""","""9""",27
NA,"""Washington""","""53""","""2020""","""2020""","""Yes""","""1""",9023
NA,"""Washington""","""53""","""2020""","""2020""","""No""","""2""",73485
NA,"""Washington""","""53""","""2020""","""2020""","""Unknown or Not Stated""","""9""",578
NA,"""Washington""","""53""","""2021""","""2021""","""Yes""","""1""",9886
NA,"""Washington""","""53""","""2021""","""2021""","""No""","""2""",73044
NA,"""Washington""","""53""","""2021""","""2021""","""Unknown or Not Stated""","""9""",981
NA,"""West Virginia""","""54""","""2016""","""2016""","""Yes""","""1""",1254
NA,"""West Virginia""","""54""","""2016""","""2016""","""No""","""2""",17727
NA,"""West Virginia""","""54""","""2016""","""2016""","""Unknown or Not Stated""","""9""",98
NA,"""West Virginia""","""54""","""2017""","""2017""","""Yes""","""1""",1195
NA,"""West Virginia""","""54""","""2017""","""2017""","""No""","""2""",17384
NA,"""West Virginia""","""54""","""2017""","""2017""","""Unknown or Not Stated""","""9""",96
NA,"""West Virginia""","""54""","""2018""","""2018""","""Yes""","""1""",1112
NA,"""West Virginia""","""54""","""2018""","""2018""","""No""","""2""",17060
NA,"""West Virginia""","""54""","""2018""","""2018""","""Unknown or Not Stated""","""9""",76
NA,"""West Virginia""","""54""","""2019""","""2019""","""Yes""","""1""",1105
NA,"""West Virginia""","""54""","""2019""","""2019""","""No""","""2""",16940
NA,"""West Virginia""","""54""","""2019""","""2019""","""Unknown or Not Stated""","""9""",91
NA,"""West Virginia""","""54""","""2020""","""2020""","""Yes""","""1""",1156
NA,"""West Virginia""","""54""","""2020""","""2020""","""No""","""2""",16074
NA,"""West Virginia""","""54""","""2020""","""2020""","""Unknown or Not Stated""","""9""",93
NA,"""West Virginia""","""54""","""2021""","""2021""","""Yes""","""1""",1341
NA,"""West Virginia""","""54""","""2021""","""2021""","""No""","""2""",15762
NA,"""West Virginia""","""54""","""2021""","""2021""","""Unknown or Not Stated""","""9""",95
NA,"""Wisconsin""","""55""","""2016""","""2016""","""Yes""","""1""",4178
NA,"""Wisconsin""","""55""","""2016""","""2016""","""No""","""2""",62224
NA,"""Wisconsin""","""55""","""2016""","""2016""","""Unknown or Not Stated""","""9""",213
NA,"""Wisconsin""","""55""","""2017""","""2017""","""Yes""","""1""",4292
NA,"""Wisconsin""","""55""","""2017""","""2017""","""No""","""2""",60509
NA,"""Wisconsin""","""55""","""2017""","""2017""","""Unknown or Not Stated""","""9""",174
NA,"""Wisconsin""","""55""","""2018""","""2018""","""Yes""","""1""",4516
NA,"""Wisconsin""","""55""","""2018""","""2018""","""No""","""2""",59394
NA,"""Wisconsin""","""55""","""2018""","""2018""","""Unknown or Not Stated""","""9""",188
NA,"""Wisconsin""","""55""","""2019""","""2019""","""Yes""","""1""",4555
NA,"""Wisconsin""","""55""","""2019""","""2019""","""No""","""2""",58504
NA,"""Wisconsin""","""55""","""2019""","""2019""","""Unknown or Not Stated""","""9""",211
NA,"""Wisconsin""","""55""","""2020""","""2020""","""Yes""","""1""",5047
NA,"""Wisconsin""","""55""","""2020""","""2020""","""No""","""2""",55481
NA,"""Wisconsin""","""55""","""2020""","""2020""","""Unknown or Not Stated""","""9""",66
NA,"""Wisconsin""","""55""","""2021""","""2021""","""Yes""","""1""",5186
NA,"""Wisconsin""","""55""","""2021""","""2021""","""No""","""2""",56500
NA,"""Wisconsin""","""55""","""2021""","""2021""","""Unknown or Not Stated""","""9""",95
NA,"""Wyoming""","""56""","""2016""","""2016""","""Yes""","""1""",266
NA,"""Wyoming""","""56""","""2016""","""2016""","""No""","""2""",7120
NA,"""Wyoming""","""56""","""2017""","""2017""","""Yes""","""1""",294
NA,"""Wyoming""","""56""","""2017""","""2017""","""No""","""2""",6608
NA,"""Wyoming""","""56""","""2018""","""2018""","""Yes""","""1""",339
NA,"""Wyoming""","""56""","""2018""","""2018""","""No""","""2""",6223
NA,"""Wyoming""","""56""","""2019""","""2019""","""Yes""","""1""",354
NA,"""Wyoming""","""56""","""2019""","""2019""","""No""","""2""",6211
NA,"""Wyoming""","""56""","""2020""","""2020""","""Yes""","""1""",341
NA,"""Wyoming""","""56""","""2020""","""2020""","""No""","""2""",5786
NA,"""Wyoming""","""56""","""2021""","""2021""","""Yes""","""1""",393
NA,"""Wyoming""","""56""","""2021""","""2021""","""No""","""2""",5842
