"""Notes""","""State of Residence""","""State of Residence Code""","""Year""","""Year Code""","""Infertility Treatment Used""","""Infertility Treatment Used Code""","Births"
NA,"""Alabama""","""01""","""2016""","""2016""","""Yes""","""1""",443
NA,"""Alabama""","""01""","""2016""","""2016""","""No""","""2""",58705
NA,"""Alabama""","""01""","""2017""","""2017""","""Yes""","""1""",387
NA,"""Alabama""","""01""","""2017""","""2017""","""No""","""2""",58551
NA,"""Alabama""","""01""","""2018""","""2018""","""Yes""","""1""",447
NA,"""Alabama""","""01""","""2018""","""2018""","""No""","""2""",57310
NA,"""Alabama""","""01""","""2019""","""2019""","""Yes""","""1""",375
NA,"""Alabama""","""01""","""2019""","""2019""","""No""","""2""",58236
NA,"""Alabama""","""01""","""2020""","""2020""","""Yes""","""1""",361
NA,"""Alabama""","""01""","""2020""","""2020""","""No""","""2""",57284
NA,"""Alabama""","""01""","""2021""","""2021""","""Yes""","""1""",442
NA,"""Alabama""","""01""","""2021""","""2021""","""No""","""2""",57612
NA,"""Alaska""","""02""","""2016""","""2016""","""Yes""","""1""",126
NA,"""Alaska""","""02""","""2016""","""2016""","""No""","""2""",11008
NA,"""Alaska""","""02""","""2016""","""2016""","""Unknown or Not Stated""","""9""",75
NA,"""Alaska""","""02""","""2017""","""2017""","""Yes""","""1""",88
NA,"""Alaska""","""02""","""2017""","""2017""","""No""","""2""",10254
NA,"""Alaska""","""02""","""2017""","""2017""","""Unknown or Not Stated""","""9""",103
NA,"""Alaska""","""02""","""2018""","""2018""","""Yes""","""1""",131
NA,"""Alaska""","""02""","""2018""","""2018""","""No""","""2""",9836
NA,"""Alaska""","""02""","""2018""","""2018""","""Unknown or Not Stated""","""9""",119
NA,"""Alaska""","""02""","""2019""","""2019""","""Yes""","""1""",124
NA,"""Alaska""","""02""","""2019""","""2019""","""No""","""2""",9616
NA,"""Alaska""","""02""","""2019""","""2019""","""Unknown or Not Stated""","""9""",82
NA,"""Alaska""","""02""","""2020""","""2020""","""Yes""","""1""",113
NA,"""Alaska""","""02""","""2020""","""2020""","""No""","""2""",9277
NA,"""Alaska""","""02""","""2020""","""2020""","""Unknown or Not Stated""","""9""",79
NA,"""Alaska""","""02""","""2021""","""2021""","""Yes""","""1""",140
NA,"""Alaska""","""02""","""2021""","""2021""","""No""","""2""",9170
NA,"""Alaska""","""02""","""2021""","""2021""","""Unknown or Not Stated""","""9""",57
NA,"""Arizona""","""04""","""2016""","""2016""","""Yes""","""1""",1453
NA,"""Arizona""","""04""","""2016""","""2016""","""No""","""2""",83067
NA,"""Arizona""","""04""","""2017""","""2017""","""Yes""","""1""",1359
NA,"""Arizona""","""04""","""2017""","""2017""","""No""","""2""",80513
NA,"""Arizona""","""04""","""2018""","""2018""","""Yes""","""1""",1383
NA,"""Arizona""","""04""","""2018""","""2018""","""No""","""2""",79340
NA,"""Arizona""","""04""","""2019""","""2019""","""Yes""","""1""",1371
NA,"""Arizona""","""04""","""2019""","""2019""","""No""","""2""",78002
NA,"""Arizona""","""04""","""2020""","""2020""","""Yes""","""1""",1261
NA,"""Arizona""","""04""","""2020""","""2020""","""No""","""2""",75685
NA,"""Arizona""","""04""","""2021""","""2021""","""Yes""","""1""",1368
NA,"""Arizona""","""04""","""2021""","""2021""","""No""","""2""",76548
NA,"""Arkansas""","""05""","""2016""","""2016""","""Yes""","""1""",225
NA,"""Arkansas""","""05""","""2016""","""2016""","""No""","""2""",38049
NA,"""Arkansas""","""05""","""2017""","""2017""","""Yes""","""1""",281
NA,"""Arkansas""","""05""","""2017""","""2017""","""No""","""2""",37236
NA,"""Arkansas""","""05""","""2018""","""2018""","""Yes""","""1""",301
NA,"""Arkansas""","""05""","""2018""","""2018""","""No""","""2""",36714
NA,"""Arkansas""","""05""","""2019""","""2019""","""Yes""","""1""",234
NA,"""Arkansas""","""05""","""2019""","""2019""","""No""","""2""",36329
NA,"""Arkansas""","""05""","""2020""","""2020""","""Yes""","""1""",239
NA,"""Arkansas""","""05""","""2020""","""2020""","""No""","""2""",35012
NA,"""Arkansas""","""05""","""2021""","""2021""","""Yes""","""1""",299
NA,"""Arkansas""","""05""","""2021""","""2021""","""No""","""2""",35665
NA,"""California""","""06""","""2016""","""2016""","""Yes""","""1""",6660
NA,"""California""","""06""","""2016""","""2016""","""No""","""2""",482164
NA,"""California""","""06""","""2017""","""2017""","""Yes""","""1""",7390
NA,"""California""","""06""","""2017""","""2017""","""No""","""2""",464265
NA,"""California""","""06""","""2018""","""2018""","""Yes""","""1""",7879
NA,"""California""","""06""","""2018""","""2018""","""No""","""2""",447032
NA,"""California""","""06""","""2019""","""2019""","""Yes""","""1""",8732
NA,"""California""","""06""","""2019""","""2019""","""No""","""2""",437402
NA,"""California""","""06""","""2019""","""2019""","""Unknown or Not Stated""","""9""",345
NA,"""California""","""06""","""2020""","""2020""","""Yes""","""1""",8742
NA,"""California""","""06""","""2020""","""2020""","""No""","""2""",411298
NA,"""California""","""06""","""2020""","""2020""","""Unknown or Not Stated""","""9""",219
NA,"""California""","""06""","""2021""","""2021""","""Yes""","""1""",9542
NA,"""California""","""06""","""2021""","""2021""","""No""","""2""",410825
NA,"""California""","""06""","""2021""","""2021""","""Unknown or Not Stated""","""9""",241
NA,"""Colorado""","""08""","""2016""","""2016""","""Yes""","""1""",1524
NA,"""Colorado""","""08""","""2016""","""2016""","""No""","""2""",65077
NA,"""Colorado""","""08""","""2016""","""2016""","""Unknown or Not Stated""","""9""",12
NA,"""Colorado""","""08""","""2017""","""2017""","""Yes""","""1""",1572
NA,"""Colorado""","""08""","""2017""","""2017""","""No""","""2""",62801
NA,"""Colorado""","""08""","""2018""","""2018""","""Yes""","""1""",1650
NA,"""Colorado""","""08""","""2018""","""2018""","""No""","""2""",61227
NA,"""Colorado""","""08""","""2019""","""2019""","""Yes""","""1""",1712
NA,"""Colorado""","""08""","""2019""","""2019""","""No""","""2""",61147
NA,"""Colorado""","""08""","""2019""","""2019""","""Unknown or Not Stated""","""9""",10
NA,"""Colorado""","""08""","""2020""","""2020""","""Yes""","""1""",1628
NA,"""Colorado""","""08""","""2020""","""2020""","""No""","""2""",59851
NA,"""Colorado""","""08""","""2020""","""2020""","""Unknown or Not Stated""","""9""",15
NA,"""Colorado""","""08""","""2021""","""2021""","""Yes""","""1""",1877
NA,"""Colorado""","""08""","""2021""","""2021""","""No""","""2""",61063
NA,"""Connecticut""","""09""","""2016""","""2016""","""Yes""","""1""",1293
NA,"""Connecticut""","""09""","""2016""","""2016""","""No""","""2""",34028
NA,"""Connecticut""","""09""","""2016""","""2016""","""Unknown or Not Stated""","""9""",694
NA,"""Connecticut""","""09""","""2017""","""2017""","""Yes""","""1""",1375
NA,"""Connecticut""","""09""","""2017""","""2017""","""No""","""2""",33573
NA,"""Connecticut""","""09""","""2017""","""2017""","""Unknown or Not Stated""","""9""",273
NA,"""Connecticut""","""09""","""2018""","""2018""","""Yes""","""1""",1380
NA,"""Connecticut""","""09""","""2018""","""2018""","""No""","""2""",33234
NA,"""Connecticut""","""09""","""2018""","""2018""","""Unknown or Not Stated""","""9""",111
NA,"""Connecticut""","""09""","""2019""","""2019""","""Yes""","""1""",1365
NA,"""Connecticut""","""09""","""2019""","""2019""","""No""","""2""",32772
NA,"""Connecticut""","""09""","""2019""","""2019""","""Unknown or Not Stated""","""9""",121
NA,"""Connecticut""","""09""","""2020""","""2020""","""Yes""","""1""",1299
NA,"""Connecticut""","""09""","""2020""","""2020""","""No""","""2""",32022
NA,"""Connecticut""","""09""","""2020""","""2020""","""Unknown or Not Stated""","""9""",139
NA,"""Connecticut""","""09""","""2021""","""2021""","""Yes""","""1""",1531
NA,"""Connecticut""","""09""","""2021""","""2021""","""No""","""2""",34114
NA,"""Connecticut""","""09""","""2021""","""2021""","""Unknown or Not Stated""","""9""",25
NA,"""Delaware""","""10""","""2016""","""2016""","""Yes""","""1""",401
NA,"""Delaware""","""10""","""2016""","""2016""","""No""","""2""",10590
NA,"""Delaware""","""10""","""2017""","""2017""","""Yes""","""1""",359
NA,"""Delaware""","""10""","""2017""","""2017""","""No""","""2""",10495
NA,"""Delaware""","""10""","""2018""","""2018""","""Yes""","""1""",309
NA,"""Delaware""","""10""","""2018""","""2018""","""No""","""2""",10308
NA,"""Delaware""","""10""","""2019""","""2019""","""Yes""","""1""",292
NA,"""Delaware""","""10""","""2019""","""2019""","""No""","""2""",10255
NA,"""Delaware""","""10""","""2019""","""2019""","""Unknown or Not Stated""","""9""",15
NA,"""Delaware""","""10""","""2020""","""2020""","""Yes""","""1""",269
NA,"""Delaware""","""10""","""2020""","""2020""","""No""","""2""",10091
NA,"""Delaware""","""10""","""2020""","""2020""","""Unknown or Not Stated""","""9""",32
NA,"""Delaware""","""10""","""2021""","""2021""","""Yes""","""1""",253
NA,"""Delaware""","""10""","""2021""","""2021""","""No""","""2""",10203
NA,"""Delaware""","""10""","""2021""","""2021""","""Unknown or Not Stated""","""9""",26
NA,"""District of Columbia""","""11""","""2016""","""2016""","""Yes""","""1""",212
NA,"""District of Columbia""","""11""","""2016""","""2016""","""No""","""2""",9631
NA,"""District of Columbia""","""11""","""2016""","""2016""","""Unknown or Not Stated""","""9""",15
NA,"""District of Columbia""","""11""","""2017""","""2017""","""Yes""","""1""",350
NA,"""District of Columbia""","""11""","""2017""","""2017""","""No""","""2""",9209
NA,"""District of Columbia""","""11""","""2018""","""2018""","""Yes""","""1""",368
NA,"""District of Columbia""","""11""","""2018""","""2018""","""No""","""2""",8842
NA,"""District of Columbia""","""11""","""2019""","""2019""","""Yes""","""1""",433
NA,"""District of Columbia""","""11""","""2019""","""2019""","""No""","""2""",8642
NA,"""District of Columbia""","""11""","""2020""","""2020""","""Yes""","""1""",515
NA,"""District of Columbia""","""11""","""2020""","""2020""","""No""","""2""",8355
NA,"""District of Columbia""","""11""","""2021""","""2021""","""Yes""","""1""",445
NA,"""District of Columbia""","""11""","""2021""","""2021""","""No""","""2""",8209
NA,"""Florida""","""12""","""2016""","""2016""","""Yes""","""1""",1441
NA,"""Florida""","""12""","""2016""","""2016""","""No""","""2""",223165
NA,"""Florida""","""12""","""2016""","""2016""","""Unknown or Not Stated""","""9""",416
NA,"""Florida""","""12""","""2017""","""2017""","""Yes""","""1""",1506
NA,"""Florida""","""12""","""2017""","""2017""","""No""","""2""",221620
NA,"""Florida""","""12""","""2017""","""2017""","""Unknown or Not Stated""","""9""",504
NA,"""Florida""","""12""","""2018""","""2018""","""Yes""","""1""",1474
NA,"""Florida""","""12""","""2018""","""2018""","""No""","""2""",219596
NA,"""Florida""","""12""","""2018""","""2018""","""Unknown or Not Stated""","""9""",472
NA,"""Florida""","""12""","""2019""","""2019""","""Yes""","""1""",1455
NA,"""Florida""","""12""","""2019""","""2019""","""No""","""2""",218230
NA,"""Florida""","""12""","""2019""","""2019""","""Unknown or Not Stated""","""9""",317
NA,"""Florida""","""12""","""2020""","""2020""","""Yes""","""1""",1508
NA,"""Florida""","""12""","""2020""","""2020""","""No""","""2""",207869
NA,"""Florida""","""12""","""2020""","""2020""","""Unknown or Not Stated""","""9""",294
NA,"""Florida""","""12""","""2021""","""2021""","""Yes""","""1""",1725
NA,"""Florida""","""12""","""2021""","""2021""","""No""","""2""",213856
NA,"""Florida""","""12""","""2021""","""2021""","""Unknown or Not Stated""","""9""",679
NA,"""Georgia""","""13""","""2016""","""2016""","""Yes""","""1""",1400
NA,"""Georgia""","""13""","""2016""","""2016""","""No""","""2""",128294
NA,"""Georgia""","""13""","""2016""","""2016""","""Unknown or Not Stated""","""9""",348
NA,"""Georgia""","""13""","""2017""","""2017""","""Yes""","""1""",1399
NA,"""Georgia""","""13""","""2017""","""2017""","""No""","""2""",127462
NA,"""Georgia""","""13""","""2017""","""2017""","""Unknown or Not Stated""","""9""",382
NA,"""Georgia""","""13""","""2018""","""2018""","""Yes""","""1""",1630
NA,"""Georgia""","""13""","""2018""","""2018""","""No""","""2""",124281
NA,"""Georgia""","""13""","""2018""","""2018""","""Unknown or Not Stated""","""9""",261
NA,"""Georgia""","""13""","""2019""","""2019""","""Yes""","""1""",1620
NA,"""Georgia""","""13""","""2019""","""2019""","""No""","""2""",124550
NA,"""Georgia""","""13""","""2019""","""2019""","""Unknown or Not Stated""","""9""",201
NA,"""Georgia""","""13""","""2020""","""2020""","""Yes""","""1""",1413
NA,"""Georgia""","""13""","""2020""","""2020""","""No""","""2""",120917
NA,"""Georgia""","""13""","""2020""","""2020""","""Unknown or Not Stated""","""9""",143
NA,"""Georgia""","""13""","""2021""","""2021""","""Yes""","""1""",1939
NA,"""Georgia""","""13""","""2021""","""2021""","""No""","""2""",121965
NA,"""Georgia""","""13""","""2021""","""2021""","""Unknown or Not Stated""","""9""",169
NA,"""Hawaii""","""15""","""2016""","""2016""","""Yes""","""1""",306
NA,"""Hawaii""","""15""","""2016""","""2016""","""No""","""2""",17753
NA,"""Hawaii""","""15""","""2017""","""2017""","""Yes""","""1""",279
NA,"""Hawaii""","""15""","""2017""","""2017""","""No""","""2""",17238
NA,"""Hawaii""","""15""","""2018""","""2018""","""Yes""","""1""",261
NA,"""Hawaii""","""15""","""2018""","""2018""","""No""","""2""",16711
NA,"""Hawaii""","""15""","""2019""","""2019""","""Yes""","""1""",259
NA,"""Hawaii""","""15""","""2019""","""2019""","""No""","""2""",16538
NA,"""Hawaii""","""15""","""2020""","""2020""","""Yes""","""1""",289
NA,"""Hawaii""","""15""","""2020""","""2020""","""No""","""2""",15495
NA,"""Hawaii""","""15""","""2021""","""2021""","""Yes""","""1""",252
NA,"""Hawaii""","""15""","""2021""","""2021""","""No""","""2""",15368
NA,"""Idaho""","""16""","""2016""","""2016""","""Yes""","""1""",429
NA,"""Idaho""","""16""","""2016""","""2016""","""No""","""2""",22029
NA,"""Idaho""","""16""","""2016""","""2016""","""Unknown or Not Stated""","""9""",24
NA,"""Idaho""","""16""","""2017""","""2017""","""Yes""","""1""",390
NA,"""Idaho""","""16""","""2017""","""2017""","""No""","""2""",21774
NA,"""Idaho""","""16""","""2017""","""2017""","""Unknown or Not Stated""","""9""",17
NA,"""Idaho""","""16""","""2018""","""2018""","""Yes""","""1""",413
NA,"""Idaho""","""16""","""2018""","""2018""","""No""","""2""",20969
NA,"""Idaho""","""16""","""2018""","""2018""","""Unknown or Not Stated""","""9""",21
NA,"""Idaho""","""16""","""2019""","""2019""","""Yes""","""1""",444
NA,"""Idaho""","""16""","""2019""","""2019""","""No""","""2""",21606
NA,"""Idaho""","""16""","""2019""","""2019""","""Unknown or Not Stated""","""9""",13
NA,"""Idaho""","""16""","""2020""","""2020""","""Yes""","""1""",419
NA,"""Idaho""","""16""","""2020""","""2020""","""No""","""2""",21096
NA,"""Idaho""","""16""","""2020""","""2020""","""Unknown or Not Stated""","""9""",18
NA,"""Idaho""","""16""","""2021""","""2021""","""Yes""","""1""",516
NA,"""Idaho""","""16""","""2021""","""2021""","""No""","""2""",21892
NA,"""Idaho""","""16""","""2021""","""2021""","""Unknown or Not Stated""","""9""",19
NA,"""Illinois""","""17""","""2016""","""2016""","""Yes""","""1""",4925
NA,"""Illinois""","""17""","""2016""","""2016""","""No""","""2""",149294
NA,"""Illinois""","""17""","""2016""","""2016""","""Unknown or Not Stated""","""9""",226
NA,"""Illinois""","""17""","""2017""","""2017""","""Yes""","""1""",5021
NA,"""Illinois""","""17""","""2017""","""2017""","""No""","""2""",144004
NA,"""Illinois""","""17""","""2017""","""2017""","""Unknown or Not Stated""","""9""",365
NA,"""Illinois""","""17""","""2018""","""2018""","""Yes""","""1""",4631
NA,"""Illinois""","""17""","""2018""","""2018""","""No""","""2""",139931
NA,"""Illinois""","""17""","""2018""","""2018""","""Unknown or Not Stated""","""9""",253
NA,"""Illinois""","""17""","""2019""","""2019""","""Yes""","""1""",4465
NA,"""Illinois""","""17""","""2019""","""2019""","""No""","""2""",135541
NA,"""Illinois""","""17""","""2019""","""2019""","""Unknown or Not Stated""","""9""",122
NA,"""Illinois""","""17""","""2020""","""2020""","""Yes""","""1""",4006
NA,"""Illinois""","""17""","""2020""","""2020""","""No""","""2""",129124
NA,"""Illinois""","""17""","""2020""","""2020""","""Unknown or Not Stated""","""9""",168
NA,"""Illinois""","""17""","""2021""","""2021""","""Yes""","""1""",4300
NA,"""Illinois""","""17""","""2021""","""2021""","""No""","""2""",127766
NA,"""Illinois""","""17""","""2021""","""2021""","""Unknown or Not Stated""","""9""",123
NA,"""Indiana""","""18""","""2016""","""2016""","""Yes""","""1""",921
NA,"""Indiana""","""18""","""2016""","""2016""","""No""","""2""",82166
NA,"""Indiana""","""18""","""2017""","""2017""","""Yes""","""1""",1112
NA,"""Indiana""","""18""","""2017""","""2017""","""No""","""2""",81048
NA,"""Indiana""","""18""","""2017""","""2017""","""Unknown or Not Stated""","""9""",10
NA,"""Indiana""","""18""","""2018""","""2018""","""Yes""","""1""",1001
NA,"""Indiana""","""18""","""2018""","""2018""","""No""","""2""",80636
NA,"""Indiana""","""18""","""2019""","""2019""","""Yes""","""1""",1069
NA,"""Indiana""","""18""","""2019""","""2019""","""No""","""2""",79786
NA,"""Indiana""","""18""","""2020""","""2020""","""Yes""","""1""",1073
NA,"""Indiana""","""18""","""2020""","""2020""","""No""","""2""",77496
NA,"""Indiana""","""18""","""2020""","""2020""","""Unknown or Not Stated""","""9""",47
NA,"""Indiana""","""18""","""2021""","""2021""","""Yes""","""1""",1079
NA,"""Indiana""","""18""","""2021""","""2021""","""No""","""2""",78406
NA,"""Indiana""","""18""","""2021""","""2021""","""Unknown or Not Stated""","""9""",461
NA,"""Iowa""","""19""","""2016""","""2016""","""Yes""","""1""",1149
NA,"""Iowa""","""19""","""2016""","""2016""","""No""","""2""",38253
NA,"""Iowa""","""19""","""2017""","""2017""","""Yes""","""1""",1078
NA,"""Iowa""","""19""","""2017""","""2017""","""No""","""2""",37350
NA,"""Iowa""","""19""","""2018""","""2018""","""Yes""","""1""",1139
NA,"""Iowa""","""19""","""2018""","""2018""","""No""","""2""",36646
NA,"""Iowa""","""19""","""2019""","""2019""","""Yes""","""1""",1214
NA,"""Iowa""","""19""","""2019""","""2019""","""No""","""2""",36433
NA,"""Iowa""","""19""","""2020""","""2020""","""Yes""","""1""",1111
NA,"""Iowa""","""19""","""2020""","""2020""","""No""","""2""",35002
NA,"""Iowa""","""19""","""2021""","""2021""","""Yes""","""1""",1222
NA,"""Iowa""","""19""","""2021""","""2021""","""No""","""2""",35605
NA,"""Kansas""","""20""","""2016""","""2016""","""Yes""","""1""",581
NA,"""Kansas""","""20""","""2016""","""2016""","""No""","""2""",37472
NA,"""Kansas""","""20""","""2017""","""2017""","""Yes""","""1""",578
NA,"""Kansas""","""20""","""2017""","""2017""","""No""","""2""",35941
NA,"""Kansas""","""20""","""2018""","""2018""","""Yes""","""1""",566
NA,"""Kansas""","""20""","""2018""","""2018""","""No""","""2""",35695
NA,"""Kansas""","""20""","""2019""","""2019""","""Yes""","""1""",599
NA,"""Kansas""","""20""","""2019""","""2019""","""No""","""2""",34796
NA,"""Kansas""","""20""","""2020""","""2020""","""Yes""","""1""",615
NA,"""Kansas""","""20""","""2020""","""2020""","""No""","""2""",33760
NA,"""Kansas""","""20""","""2021""","""2021""","""Yes""","""1""",683
NA,"""Kansas""","""20""","""2021""","""2021""","""No""","""2""",34020
NA,"""Kentucky""","""21""","""2016""","""2016""","""Yes""","""1""",587
NA,"""Kentucky""","""21""","""2016""","""2016""","""No""","""2""",54581
NA,"""Kentucky""","""21""","""2016""","""2016""","""Unknown or Not Stated""","""9""",281
NA,"""Kentucky""","""21""","""2017""","""2017""","""Yes""","""1""",685
NA,"""Kentucky""","""21""","""2017""","""2017""","""No""","""2""",53875
NA,"""Kentucky""","""21""","""2017""","""2017""","""Unknown or Not Stated""","""9""",192
NA,"""Kentucky""","""21""","""2018""","""2018""","""Yes""","""1""",684
NA,"""Kentucky""","""21""","""2018""","""2018""","""No""","""2""",53098
NA,"""Kentucky""","""21""","""2018""","""2018""","""Unknown or Not Stated""","""9""",140
NA,"""Kentucky""","""21""","""2019""","""2019""","""Yes""","""1""",648
NA,"""Kentucky""","""21""","""2019""","""2019""","""No""","""2""",52275
NA,"""Kentucky""","""21""","""2019""","""2019""","""Unknown or Not Stated""","""9""",146
NA,"""Kentucky""","""21""","""2020""","""2020""","""Yes""","""1""",567
NA,"""Kentucky""","""21""","""2020""","""2020""","""No""","""2""",50558
NA,"""Kentucky""","""21""","""2020""","""2020""","""Unknown or Not Stated""","""9""",543
NA,"""Kentucky""","""21""","""2021""","""2021""","""Yes""","""1""",786
NA,"""Kentucky""","""21""","""2021""","""2021""","""No""","""2""",51189
NA,"""Kentucky""","""21""","""2021""","""2021""","""Unknown or Not Stated""","""9""",239
NA,"""Louisiana""","""22""","""2016""","""2016""","""Yes""","""1""",421
NA,"""Louisiana""","""22""","""2016""","""2016""","""No""","""2""",62757
NA,"""Louisiana""","""22""","""2017""","""2017""","""Yes""","""1""",459
NA,"""Louisiana""","""22""","""2017""","""2017""","""No""","""2""",60559
NA,"""Louisiana""","""22""","""2018""","""2018""","""Yes""","""1""",465
NA,"""Louisiana""","""22""","""2018""","""2018""","""No""","""2""",59150
NA,"""Louisiana""","""22""","""2019""","""2019""","""Yes""","""1""",463
NA,"""Louisiana""","""22""","""2019""","""2019""","""No""","""2""",58477
NA,"""Louisiana""","""22""","""2020""","""2020""","""Yes""","""1""",484
NA,"""Louisiana""","""22""","""2020""","""2020""","""No""","""2""",56843
NA,"""Louisiana""","""22""","""2021""","""2021""","""Yes""","""1""",552
NA,"""Louisiana""","""22""","""2021""","""2021""","""No""","""2""",56883
NA,"""Maine""","""23""","""2016""","""2016""","""Yes""","""1""",206
NA,"""Maine""","""23""","""2016""","""2016""","""No""","""2""",12484
NA,"""Maine""","""23""","""2016""","""2016""","""Unknown or Not Stated""","""9""",15
NA,"""Maine""","""23""","""2017""","""2017""","""Yes""","""1""",237
NA,"""Maine""","""23""","""2017""","""2017""","""No""","""2""",12059
NA,"""Maine""","""23""","""2018""","""2018""","""Yes""","""1""",195
NA,"""Maine""","""23""","""2018""","""2018""","""No""","""2""",12115
NA,"""Maine""","""23""","""2019""","""2019""","""Yes""","""1""",227
NA,"""Maine""","""23""","""2019""","""2019""","""No""","""2""",11550
NA,"""Maine""","""23""","""2020""","""2020""","""Yes""","""1""",269
NA,"""Maine""","""23""","""2020""","""2020""","""No""","""2""",11270
NA,"""Maine""","""23""","""2021""","""2021""","""Yes""","""1""",351
NA,"""Maine""","""23""","""2021""","""2021""","""No""","""2""",11655
NA,"""Maryland""","""24""","""2016""","""2016""","""Yes""","""1""",3128
NA,"""Maryland""","""24""","""2016""","""2016""","""No""","""2""",69997
NA,"""Maryland""","""24""","""2016""","""2016""","""Unknown or Not Stated""","""9""",11
NA,"""Maryland""","""24""","""2017""","""2017""","""Yes""","""1""",3250
NA,"""Maryland""","""24""","""2017""","""2017""","""No""","""2""",68322
NA,"""Maryland""","""24""","""2017""","""2017""","""Unknown or Not Stated""","""9""",69
NA,"""Maryland""","""24""","""2018""","""2018""","""Yes""","""1""",3363
NA,"""Maryland""","""24""","""2018""","""2018""","""No""","""2""",67675
NA,"""Maryland""","""24""","""2018""","""2018""","""Unknown or Not Stated""","""9""",42
NA,"""Maryland""","""24""","""2019""","""2019""","""Yes""","""1""",2947
NA,"""Maryland""","""24""","""2019""","""2019""","""No""","""2""",67191
NA,"""Maryland""","""24""","""2019""","""2019""","""Unknown or Not Stated""","""9""",40
NA,"""Maryland""","""24""","""2020""","""2020""","""Yes""","""1""",2750
NA,"""Maryland""","""24""","""2020""","""2020""","""No""","""2""",65765
NA,"""Maryland""","""24""","""2020""","""2020""","""Unknown or Not Stated""","""9""",39
NA,"""Maryland""","""24""","""2021""","""2021""","""Yes""","""1""",3007
NA,"""Maryland""","""24""","""2021""","""2021""","""No""","""2""",65236
NA,"""Maryland""","""24""","""2021""","""2021""","""Unknown or Not Stated""","""9""",42
NA,"""Massachusetts""","""25""","""2016""","""2016""","""Yes""","""1""",3909
NA,"""Massachusetts""","""25""","""2016""","""2016""","""No""","""2""",67312
NA,"""Massachusetts""","""25""","""2016""","""2016""","""Unknown or Not Stated""","""9""",96
NA,"""Massachusetts""","""25""","""2017""","""2017""","""Yes""","""1""",3810
NA,"""Massachusetts""","""25""","""2017""","""2017""","""No""","""2""",66821
NA,"""Massachusetts""","""25""","""2017""","""2017""","""Unknown or Not Stated""","""9""",71
NA,"""Massachusetts""","""25""","""2018""","""2018""","""Yes""","""1""",3926
NA,"""Massachusetts""","""25""","""2018""","""2018""","""No""","""2""",65107
NA,"""Massachusetts""","""25""","""2018""","""2018""","""Unknown or Not Stated""","""9""",76
NA,"""Massachusetts""","""25""","""2019""","""2019""","""Yes""","""1""",4126
NA,"""Massachusetts""","""25""","""2019""","""2019""","""No""","""2""",64854
NA,"""Massachusetts""","""25""","""2019""","""2019""","""Unknown or Not Stated""","""9""",137
NA,"""Massachusetts""","""25""","""2020""","""2020""","""Yes""","""1""",4111
NA,"""Massachusetts""","""25""","""2020""","""2020""","""No""","""2""",62084
NA,"""Massachusetts""","""25""","""2020""","""2020""","""Unknown or Not Stated""","""9""",233
NA,"""Massachusetts""","""25""","""2021""","""2021""","""Yes""","""1""",4340
NA,"""Massachusetts""","""25""","""2021""","""2021""","""No""","""2""",64585
NA,"""Massachusetts""","""25""","""2021""","""2021""","""Unknown or Not Stated""","""9""",212
NA,"""Michigan""","""26""","""2016""","""2016""","""Yes""","""1""",1407
NA,"""Michigan""","""26""","""2016""","""2016""","""No""","""2""",111640
NA,"""Michigan""","""26""","""2016""","""2016""","""Unknown or Not Stated""","""9""",268
NA,"""Michigan""","""26""","""2017""","""2017""","""Yes""","""1""",1426
NA,"""Michigan""","""26""","""2017""","""2017""","""No""","""2""",109688
NA,"""Michigan""","""26""","""2017""","""2017""","""Unknown or Not Stated""","""9""",312
NA,"""Michigan""","""26""","""2018""","""2018""","""Yes""","""1""",1312
NA,"""Michigan""","""26""","""2018""","""2018""","""No""","""2""",108451
NA,"""Michigan""","""26""","""2018""","""2018""","""Unknown or Not Stated""","""9""",269
NA,"""Michigan""","""26""","""2019""","""2019""","""Yes""","""1""",1502
NA,"""Michigan""","""26""","""2019""","""2019""","""No""","""2""",106145
NA,"""Michigan""","""26""","""2019""","""2019""","""Unknown or Not Stated""","""9""",239
NA,"""Michigan""","""26""","""2020""","""2020""","""Yes""","""1""",1055
NA,"""Michigan""","""26""","""2020""","""2020""","""No""","""2""",102837
NA,"""Michigan""","""26""","""2020""","""2020""","""Unknown or Not Stated""","""9""",182
NA,"""Michigan""","""26""","""2021""","""2021""","""Yes""","""1""",1006
NA,"""Michigan""","""26""","""2021""","""2021""","""No""","""2""",103829
NA,"""Michigan""","""26""","""2021""","""2021""","""Unknown or Not Stated""","""9""",145
NA,"""Minnesota""","""27""","""2016""","""2016""","""Yes""","""1""",1448
NA,"""Minnesota""","""27""","""2016""","""2016""","""No""","""2""",68237
NA,"""Minnesota""","""27""","""2016""","""2016""","""Unknown or Not Stated""","""9""",64
NA,"""Minnesota""","""27""","""2017""","""2017""","""Yes""","""1""",1599
NA,"""Minnesota""","""27""","""2017""","""2017""","""No""","""2""",66893
NA,"""Minnesota""","""27""","""2017""","""2017""","""Unknown or Not Stated""","""9""",103
NA,"""Minnesota""","""27""","""2018""","""2018""","""Yes""","""1""",1650
NA,"""Minnesota""","""27""","""2018""","""2018""","""No""","""2""",65651
NA,"""Minnesota""","""27""","""2018""","""2018""","""Unknown or Not Stated""","""9""",43
NA,"""Minnesota""","""27""","""2019""","""2019""","""Yes""","""1""",1824
NA,"""Minnesota""","""27""","""2019""","""2019""","""No""","""2""",64124
NA,"""Minnesota""","""27""","""2019""","""2019""","""Unknown or Not Stated""","""9""",79
NA,"""Minnesota""","""27""","""2020""","""2020""","""Yes""","""1""",1799
NA,"""Minnesota""","""27""","""2020""","""2020""","""No""","""2""",61590
NA,"""Minnesota""","""27""","""2020""","""2020""","""Unknown or Not Stated""","""9""",54
NA,"""Minnesota""","""27""","""2021""","""2021""","""Yes""","""1""",1977
NA,"""Minnesota""","""27""","""2021""","""2021""","""No""","""2""",62403
NA,"""Minnesota""","""27""","""2021""","""2021""","""Unknown or Not Stated""","""9""",45
NA,"""Mississippi""","""28""","""2016""","""2016""","""Yes""","""1""",225
NA,"""Mississippi""","""28""","""2016""","""2016""","""No""","""2""",37692
NA,"""Mississippi""","""28""","""2016""","""2016""","""Unknown or Not Stated""","""9""",11
NA,"""Mississippi""","""28""","""2017""","""2017""","""Yes""","""1""",234
NA,"""Mississippi""","""28""","""2017""","""2017""","""No""","""2""",37113
NA,"""Mississippi""","""28""","""2017""","""2017""","""Unknown or Not Stated""","""9""",10
NA,"""Mississippi""","""28""","""2018""","""2018""","""Yes""","""1""",237
NA,"""Mississippi""","""28""","""2018""","""2018""","""No""","""2""",36746
NA,"""Mississippi""","""28""","""2018""","""2018""","""Unknown or Not Stated""","""9""",17
NA,"""Mississippi""","""28""","""2019""","""2019""","""Yes""","""1""",245
NA,"""Mississippi""","""28""","""2019""","""2019""","""No""","""2""",36380
NA,"""Mississippi""","""28""","""2019""","""2019""","""Unknown or Not Stated""","""9""",11
NA,"""Mississippi""","""28""","""2020""","""2020""","""Yes""","""1""",242
NA,"""Mississippi""","""28""","""2020""","""2020""","""No""","""2""",35226
NA,"""Mississippi""","""28""","""2021""","""2021""","""Yes""","""1""",272
NA,"""Mississippi""","""28""","""2021""","""2021""","""No""","""2""",34875
NA,"""Missouri""","""29""","""2016""","""2016""","""Yes""","""1""",1064
NA,"""Missouri""","""29""","""2016""","""2016""","""No""","""2""",73640
NA,"""Missouri""","""29""","""2017""","""2017""","""Yes""","""1""",1168
NA,"""Missouri""","""29""","""2017""","""2017""","""No""","""2""",71866
NA,"""Missouri""","""29""","""2018""","""2018""","""Yes""","""1""",1262
NA,"""Missouri""","""29""","""2018""","""2018""","""No""","""2""",72007
NA,"""Missouri""","""29""","""2019""","""2019""","""Yes""","""1""",1285
NA,"""Missouri""","""29""","""2019""","""2019""","""No""","""2""",70839
NA,"""Missouri""","""29""","""2020""","""2020""","""Yes""","""1""",1176
NA,"""Missouri""","""29""","""2020""","""2020""","""No""","""2""",68107
NA,"""Missouri""","""29""","""2021""","""2021""","""Yes""","""1""",1389
NA,"""Missouri""","""29""","""2021""","""2021""","""No""","""2""",68062
NA,"""Montana""","""30""","""2016""","""2016""","""Yes""","""1""",190
NA,"""Montana""","""30""","""2016""","""2016""","""No""","""2""",12080
NA,"""Montana""","""30""","""2016""","""2016""","""Unknown or Not Stated""","""9""",12
NA,"""Montana""","""30""","""2017""","""2017""","""Yes""","""1""",197
NA,"""Montana""","""30""","""2017""","""2017""","""No""","""2""",11595
NA,"""Montana""","""30""","""2018""","""2018""","""Yes""","""1""",193
NA,"""Montana""","""30""","""2018""","""2018""","""No""","""2""",11314
NA,"""Montana""","""30""","""2019""","""2019""","""Yes""","""1""",221
NA,"""Montana""","""30""","""2019""","""2019""","""No""","""2""",10856
NA,"""Montana""","""30""","""2020""","""2020""","""Yes""","""1""",194
NA,"""Montana""","""30""","""2020""","""2020""","""No""","""2""",10596
NA,"""Montana""","""30""","""2021""","""2021""","""Yes""","""1""",231
NA,"""Montana""","""30""","""2021""","""2021""","""No""","""2""",11000
NA,"""Nebraska""","""31""","""2016""","""2016""","""Yes""","""1""",560
NA,"""Nebraska""","""31""","""2016""","""2016""","""No""","""2""",25992
NA,"""Nebraska""","""31""","""2016""","""2016""","""Unknown or Not Stated""","""9""",37
NA,"""Nebraska""","""31""","""2017""","""2017""","""Yes""","""1""",551
NA,"""Nebraska""","""31""","""2017""","""2017""","""No""","""2""",25244
NA,"""Nebraska""","""31""","""2017""","""2017""","""Unknown or Not Stated""","""9""",26
NA,"""Nebraska""","""31""","""2018""","""2018""","""Yes""","""1""",556
NA,"""Nebraska""","""31""","""2018""","""2018""","""No""","""2""",24905
NA,"""Nebraska""","""31""","""2018""","""2018""","""Unknown or Not Stated""","""9""",27
NA,"""Nebraska""","""31""","""2019""","""2019""","""Yes""","""1""",665
NA,"""Nebraska""","""31""","""2019""","""2019""","""No""","""2""",24060
NA,"""Nebraska""","""31""","""2019""","""2019""","""Unknown or Not Stated""","""9""",30
NA,"""Nebraska""","""31""","""2020""","""2020""","""Yes""","""1""",582
NA,"""Nebraska""","""31""","""2020""","""2020""","""No""","""2""",23657
NA,"""Nebraska""","""31""","""2020""","""2020""","""Unknown or Not Stated""","""9""",52
NA,"""Nebraska""","""31""","""2021""","""2021""","""Yes""","""1""",669
NA,"""Nebraska""","""31""","""2021""","""2021""","""No""","""2""",23903
NA,"""Nebraska""","""31""","""2021""","""2021""","""Unknown or Not Stated""","""9""",37
NA,"""Nevada""","""32""","""2016""","""2016""","""Yes""","""1""",587
NA,"""Nevada""","""32""","""2016""","""2016""","""No""","""2""",35673
NA,"""Nevada""","""32""","""2017""","""2017""","""Yes""","""1""",537
NA,"""Nevada""","""32""","""2017""","""2017""","""No""","""2""",35219
NA,"""Nevada""","""32""","""2018""","""2018""","""Yes""","""1""",567
NA,"""Nevada""","""32""","""2018""","""2018""","""No""","""2""",35113
NA,"""Nevada""","""32""","""2019""","""2019""","""Yes""","""1""",622
NA,"""Nevada""","""32""","""2019""","""2019""","""No""","""2""",34449
NA,"""Nevada""","""32""","""2020""","""2020""","""Yes""","""1""",655
NA,"""Nevada""","""32""","""2020""","""2020""","""No""","""2""",32998
NA,"""Nevada""","""32""","""2021""","""2021""","""Yes""","""1""",775
NA,"""Nevada""","""32""","""2021""","""2021""","""No""","""2""",32911
NA,"""New Hampshire""","""33""","""2016""","""2016""","""Yes""","""1""",272
NA,"""New Hampshire""","""33""","""2016""","""2016""","""No""","""2""",11888
NA,"""New Hampshire""","""33""","""2016""","""2016""","""Unknown or Not Stated""","""9""",107
NA,"""New Hampshire""","""33""","""2017""","""2017""","""Yes""","""1""",341
NA,"""New Hampshire""","""33""","""2017""","""2017""","""No""","""2""",11728
NA,"""New Hampshire""","""33""","""2017""","""2017""","""Unknown or Not Stated""","""9""",47
NA,"""New Hampshire""","""33""","""2018""","""2018""","""Yes""","""1""",410
NA,"""New Hampshire""","""33""","""2018""","""2018""","""No""","""2""",11538
NA,"""New Hampshire""","""33""","""2018""","""2018""","""Unknown or Not Stated""","""9""",47
NA,"""New Hampshire""","""33""","""2019""","""2019""","""Yes""","""1""",357
NA,"""New Hampshire""","""33""","""2019""","""2019""","""No""","""2""",11438
NA,"""New Hampshire""","""33""","""2019""","""2019""","""Unknown or Not Stated""","""9""",44
NA,"""New Hampshire""","""33""","""2020""","""2020""","""Yes""","""1""",452
NA,"""New Hampshire""","""33""","""2020""","""2020""","""No""","""2""",11303
NA,"""New Hampshire""","""33""","""2020""","""2020""","""Unknown or Not Stated""","""9""",36
NA,"""New Hampshire""","""33""","""2021""","""2021""","""Yes""","""1""",491
NA,"""New Hampshire""","""33""","""2021""","""2021""","""No""","""2""",12097
NA,"""New Hampshire""","""33""","""2021""","""2021""","""Unknown or Not Stated""","""9""",37
NA,"""New Jersey""","""34""","""2016""","""2016""","""Yes""","""1""",3851
NA,"""New Jersey""","""34""","""2016""","""2016""","""No""","""2""",98789
NA,"""New Jersey""","""34""","""2017""","""2017""","""Yes""","""1""",4178
NA,"""New Jersey""","""34""","""2017""","""2017""","""No""","""2""",97065
NA,"""New Jersey""","""34""","""2018""","""2018""","""Yes""","""1""",4269
NA,"""New Jersey""","""34""","""2018""","""2018""","""No""","""2""",96947
NA,"""New Jersey""","""34""","""2019""","""2019""","""Yes""","""1""",4492
NA,"""New Jersey""","""34""","""2019""","""2019""","""No""","""2""",95087
NA,"""New Jersey""","""34""","""2020""","""2020""","""Yes""","""1""",4338
NA,"""New Jersey""","""34""","""2020""","""2020""","""No""","""2""",93608
NA,"""New Jersey""","""34""","""2021""","""2021""","""Yes""","""1""",4774
NA,"""New Jersey""","""34""","""2021""","""2021""","""No""","""2""",96714
NA,"""New Mexico""","""35""","""2016""","""2016""","""Yes""","""1""",104
NA,"""New Mexico""","""35""","""2016""","""2016""","""No""","""2""",24588
NA,"""New Mexico""","""35""","""2017""","""2017""","""Yes""","""1""",132
NA,"""New Mexico""","""35""","""2017""","""2017""","""No""","""2""",23635
NA,"""New Mexico""","""35""","""2018""","""2018""","""Yes""","""1""",144
NA,"""New Mexico""","""35""","""2018""","""2018""","""No""","""2""",22895
NA,"""New Mexico""","""35""","""2019""","""2019""","""Yes""","""1""",124
NA,"""New Mexico""","""35""","""2019""","""2019""","""No""","""2""",22831
NA,"""New Mexico""","""35""","""2020""","""2020""","""Yes""","""1""",117
NA,"""New Mexico""","""35""","""2020""","""2020""","""No""","""2""",21784
NA,"""New Mexico""","""35""","""2021""","""2021""","""Yes""","""1""",142
NA,"""New Mexico""","""35""","""2021""","""2021""","""No""","""2""",21247
NA,"""New York""","""36""","""2016""","""2016""","""Yes""","""1""",5790
NA,"""New York""","""36""","""2016""","""2016""","""No""","""2""",228275
NA,"""New York""","""36""","""2016""","""2016""","""Unknown or Not Stated""","""9""",218
NA,"""New York""","""36""","""2017""","""2017""","""Yes""","""1""",6275
NA,"""New York""","""36""","""2017""","""2017""","""No""","""2""",223056
NA,"""New York""","""36""","""2017""","""2017""","""Unknown or Not Stated""","""9""",406
NA,"""New York""","""36""","""2018""","""2018""","""Yes""","""1""",6590
NA,"""New York""","""36""","""2018""","""2018""","""No""","""2""",219154
NA,"""New York""","""36""","""2018""","""2018""","""Unknown or Not Stated""","""9""",494
NA,"""New York""","""36""","""2019""","""2019""","""Yes""","""1""",6501
NA,"""New York""","""36""","""2019""","""2019""","""No""","""2""",214554
NA,"""New York""","""36""","""2019""","""2019""","""Unknown or Not Stated""","""9""",484
NA,"""New York""","""36""","""2020""","""2020""","""Yes""","""1""",6218
NA,"""New York""","""36""","""2020""","""2020""","""No""","""2""",202722
NA,"""New York""","""36""","""2020""","""2020""","""Unknown or Not Stated""","""9""",398
NA,"""New York""","""36""","""2021""","""2021""","""Yes""","""1""",6787
NA,"""New York""","""36""","""2021""","""2021""","""No""","""2""",203504
NA,"""New York""","""36""","""2021""","""2021""","""Unknown or Not Stated""","""9""",451
NA,"""North Carolina""","""37""","""2016""","""2016""","""Yes""","""1""",1077
NA,"""North Carolina""","""37""","""2016""","""2016""","""No""","""2""",119686
NA,"""North Carolina""","""37""","""2016""","""2016""","""Unknown or Not Stated""","""9""",16
NA,"""North Carolina""","""37""","""2017""","""2017""","""Yes""","""1""",1330
NA,"""North Carolina""","""37""","""2017""","""2017""","""No""","""2""",118785
NA,"""North Carolina""","""37""","""2017""","""2017""","""Unknown or Not Stated""","""9""",10
NA,"""North Carolina""","""37""","""2018""","""2018""","""Yes""","""1""",1235
NA,"""North Carolina""","""37""","""2018""","""2018""","""No""","""2""",117699
NA,"""North Carolina""","""37""","""2018""","""2018""","""Unknown or Not Stated""","""9""",20
NA,"""North Carolina""","""37""","""2019""","""2019""","""Yes""","""1""",1180
NA,"""North Carolina""","""37""","""2019""","""2019""","""No""","""2""",117539
NA,"""North Carolina""","""37""","""2020""","""2020""","""Yes""","""1""",1273
NA,"""North Carolina""","""37""","""2020""","""2020""","""No""","""2""",115448
NA,"""North Carolina""","""37""","""2021""","""2021""","""Yes""","""1""",1351
NA,"""North Carolina""","""37""","""2021""","""2021""","""No""","""2""",119092
NA,"""North Carolina""","""37""","""2021""","""2021""","""Unknown or Not Stated""","""9""",23
NA,"""North Dakota""","""38""","""2016""","""2016""","""Yes""","""1""",147
NA,"""North Dakota""","""38""","""2016""","""2016""","""No""","""2""",11236
NA,"""North Dakota""","""38""","""2017""","""2017""","""Yes""","""1""",171
NA,"""North Dakota""","""38""","""2017""","""2017""","""No""","""2""",10565
NA,"""North Dakota""","""38""","""2018""","""2018""","""Yes""","""1""",147
NA,"""North Dakota""","""38""","""2018""","""2018""","""No""","""2""",10487
NA,"""North Dakota""","""38""","""2019""","""2019""","""Yes""","""1""",195
NA,"""North Dakota""","""38""","""2019""","""2019""","""No""","""2""",10259
NA,"""North Dakota""","""38""","""2020""","""2020""","""Yes""","""1""",175
NA,"""North Dakota""","""38""","""2020""","""2020""","""No""","""2""",9884
NA,"""North Dakota""","""38""","""2021""","""2021""","""Yes""","""1""",207
NA,"""North Dakota""","""38""","""2021""","""2021""","""No""","""2""",9905
NA,"""Ohio""","""39""","""2016""","""2016""","""Yes""","""1""",2925
NA,"""Ohio""","""39""","""2016""","""2016""","""No""","""2""",135133
NA,"""Ohio""","""39""","""2016""","""2016""","""Unknown or Not Stated""","""9""",27
NA,"""Ohio""","""39""","""2017""","""2017""","""Yes""","""1""",2996
NA,"""Ohio""","""39""","""2017""","""2017""","""No""","""2""",133822
NA,"""Ohio""","""39""","""2017""","""2017""","""Unknown or Not Stated""","""9""",14
NA,"""Ohio""","""39""","""2018""","""2018""","""Yes""","""1""",2873
NA,"""Ohio""","""39""","""2018""","""2018""","""No""","""2""",132249
NA,"""Ohio""","""39""","""2018""","""2018""","""Unknown or Not Stated""","""9""",12
NA,"""Ohio""","""39""","""2019""","""2019""","""Yes""","""1""",2870
NA,"""Ohio""","""39""","""2019""","""2019""","""No""","""2""",131583
NA,"""Ohio""","""39""","""2020""","""2020""","""Yes""","""1""",2660
NA,"""Ohio""","""39""","""2020""","""2020""","""No""","""2""",126515
NA,"""Ohio""","""39""","""2020""","""2020""","""Unknown or Not Stated""","""9""",16
NA,"""Ohio""","""39""","""2021""","""2021""","""Yes""","""1""",2830
NA,"""Ohio""","""39""","""2021""","""2021""","""No""","""2""",126942
NA,"""Ohio""","""39""","""2021""","""2021""","""Unknown or Not Stated""","""9""",19
NA,"""Oklahoma""","""40""","""2016""","""2016""","""Yes""","""1""",390
NA,"""Oklahoma""","""40""","""2016""","""2016""","""No""","""2""",52201
NA,"""Oklahoma""","""40""","""2017""","""2017""","""Yes""","""1""",452
NA,"""Oklahoma""","""40""","""2017""","""2017""","""No""","""2""",49761
NA,"""Oklahoma""","""40""","""2018""","""2018""","""Yes""","""1""",502
NA,"""Oklahoma""","""40""","""2018""","""2018""","""No""","""2""",49298
NA,"""Oklahoma""","""40""","""2019""","""2019""","""Yes""","""1""",565
NA,"""Oklahoma""","""40""","""2019""","""2019""","""No""","""2""",48576
NA,"""Oklahoma""","""40""","""2020""","""2020""","""Yes""","""1""",609
NA,"""Oklahoma""","""40""","""2020""","""2020""","""No""","""2""",47014
NA,"""Oklahoma""","""40""","""2021""","""2021""","""Yes""","""1""",635
NA,"""Oklahoma""","""40""","""2021""","""2021""","""No""","""2""",47769
NA,"""Oregon""","""41""","""2016""","""2016""","""Yes""","""1""",1064
NA,"""Oregon""","""41""","""2016""","""2016""","""No""","""2""",44469
NA,"""Oregon""","""41""","""2017""","""2017""","""Yes""","""1""",1200
NA,"""Oregon""","""41""","""2017""","""2017""","""No""","""2""",42431
NA,"""Oregon""","""41""","""2018""","""2018""","""Yes""","""1""",1274
NA,"""Oregon""","""41""","""2018""","""2018""","""No""","""2""",40914
NA,"""Oregon""","""41""","""2019""","""2019""","""Yes""","""1""",1285
NA,"""Oregon""","""41""","""2019""","""2019""","""No""","""2""",40571
NA,"""Oregon""","""41""","""2020""","""2020""","""Yes""","""1""",1136
NA,"""Oregon""","""41""","""2020""","""2020""","""No""","""2""",38682
NA,"""Oregon""","""41""","""2021""","""2021""","""Yes""","""1""",1294
NA,"""Oregon""","""41""","""2021""","""2021""","""No""","""2""",39620
NA,"""Pennsylvania""","""42""","""2016""","""2016""","""Yes""","""1""",2594
NA,"""Pennsylvania""","""42""","""2016""","""2016""","""No""","""2""",136794
NA,"""Pennsylvania""","""42""","""2016""","""2016""","""Unknown or Not Stated""","""9""",21
NA,"""Pennsylvania""","""42""","""2017""","""2017""","""Yes""","""1""",2643
NA,"""Pennsylvania""","""42""","""2017""","""2017""","""No""","""2""",135074
NA,"""Pennsylvania""","""42""","""2017""","""2017""","""Unknown or Not Stated""","""9""",28
NA,"""Pennsylvania""","""42""","""2018""","""2018""","""Yes""","""1""",2607
NA,"""Pennsylvania""","""42""","""2018""","""2018""","""No""","""2""",133028
NA,"""Pennsylvania""","""42""","""2018""","""2018""","""Unknown or Not Stated""","""9""",38
NA,"""Pennsylvania""","""42""","""2019""","""2019""","""Yes""","""1""",2596
NA,"""Pennsylvania""","""42""","""2019""","""2019""","""No""","""2""",131602
NA,"""Pennsylvania""","""42""","""2019""","""2019""","""Unknown or Not Stated""","""9""",32
NA,"""Pennsylvania""","""42""","""2020""","""2020""","""Yes""","""1""",2693
NA,"""Pennsylvania""","""42""","""2020""","""2020""","""No""","""2""",127955
NA,"""Pennsylvania""","""42""","""2020""","""2020""","""Unknown or Not Stated""","""9""",45
NA,"""Pennsylvania""","""42""","""2021""","""2021""","""Yes""","""1""",3183
NA,"""Pennsylvania""","""42""","""2021""","""2021""","""No""","""2""",129166
NA,"""Pennsylvania""","""42""","""2021""","""2021""","""Unknown or Not Stated""","""9""",273
NA,"""Rhode Island""","""44""","""2016""","""2016""","""Yes""","""1""",204
NA,"""Rhode Island""","""44""","""2016""","""2016""","""No""","""2""",10587
NA,"""Rhode Island""","""44""","""2017""","""2017""","""Yes""","""1""",226
NA,"""Rhode Island""","""44""","""2017""","""2017""","""No""","""2""",10409
NA,"""Rhode Island""","""44""","""2018""","""2018""","""Yes""","""1""",225
NA,"""Rhode Island""","""44""","""2018""","""2018""","""No""","""2""",10276
NA,"""Rhode Island""","""44""","""2019""","""2019""","""Yes""","""1""",218
NA,"""Rhode Island""","""44""","""2019""","""2019""","""No""","""2""",9943
NA,"""Rhode Island""","""44""","""2019""","""2019""","""Unknown or Not Stated""","""9""",14
NA,"""Rhode Island""","""44""","""2020""","""2020""","""Yes""","""1""",201
NA,"""Rhode Island""","""44""","""2020""","""2020""","""No""","""2""",9883
NA,"""Rhode Island""","""44""","""2020""","""2020""","""Unknown or Not Stated""","""9""",17
NA,"""Rhode Island""","""44""","""2021""","""2021""","""Yes""","""1""",206
NA,"""Rhode Island""","""44""","""2021""","""2021""","""No""","""2""",10244
NA,"""Rhode Island""","""44""","""2021""","""2021""","""Unknown or Not Stated""","""9""",14
NA,"""South Carolina""","""45""","""2016""","""2016""","""Yes""","""1""",766
NA,"""South Carolina""","""45""","""2016""","""2016""","""No""","""2""",56574
NA,"""South Carolina""","""45""","""2017""","""2017""","""Yes""","""1""",670
NA,"""South Carolina""","""45""","""2017""","""2017""","""No""","""2""",56356
NA,"""South Carolina""","""45""","""2018""","""2018""","""Yes""","""1""",658
NA,"""South Carolina""","""45""","""2018""","""2018""","""No""","""2""",56007
NA,"""South Carolina""","""45""","""2019""","""2019""","""Yes""","""1""",635
NA,"""South Carolina""","""45""","""2019""","""2019""","""No""","""2""",56399
NA,"""South Carolina""","""45""","""2020""","""2020""","""Yes""","""1""",615
NA,"""South Carolina""","""45""","""2020""","""2020""","""No""","""2""",55084
NA,"""South Carolina""","""45""","""2021""","""2021""","""Yes""","""1""",707
NA,"""South Carolina""","""45""","""2021""","""2021""","""No""","""2""",56411
NA,"""South Carolina""","""45""","""2021""","""2021""","""Unknown or Not Stated""","""9""",67
NA,"""South Dakota""","""46""","""2016""","""2016""","""Yes""","""1""",240
NA,"""South Dakota""","""46""","""2016""","""2016""","""No""","""2""",12034
NA,"""South Dakota""","""46""","""2017""","""2017""","""Yes""","""1""",243
NA,"""South Dakota""","""46""","""2017""","""2017""","""No""","""2""",11887
NA,"""South Dakota""","""46""","""2018""","""2018""","""Yes""","""1""",217
NA,"""South Dakota""","""46""","""2018""","""2018""","""No""","""2""",11664
NA,"""South Dakota""","""46""","""2018""","""2018""","""Unknown or Not Stated""","""9""",12
NA,"""South Dakota""","""46""","""2019""","""2019""","""Yes""","""1""",248
NA,"""South Dakota""","""46""","""2019""","""2019""","""No""","""2""",11198
NA,"""South Dakota""","""46""","""2020""","""2020""","""Yes""","""1""",208
NA,"""South Dakota""","""46""","""2020""","""2020""","""No""","""2""",10743
NA,"""South Dakota""","""46""","""2021""","""2021""","""Yes""","""1""",225
NA,"""South Dakota""","""46""","""2021""","""2021""","""No""","""2""",11139
NA,"""Tennessee""","""47""","""2016""","""2016""","""Yes""","""1""",709
NA,"""Tennessee""","""47""","""2016""","""2016""","""No""","""2""",80094
NA,"""Tennessee""","""47""","""2017""","""2017""","""Yes""","""1""",775
NA,"""Tennessee""","""47""","""2017""","""2017""","""No""","""2""",80173
NA,"""Tennessee""","""47""","""2017""","""2017""","""Unknown or Not Stated""","""9""",68
NA,"""Tennessee""","""47""","""2018""","""2018""","""Yes""","""1""",846
NA,"""Tennessee""","""47""","""2018""","""2018""","""No""","""2""",79864
NA,"""Tennessee""","""47""","""2018""","""2018""","""Unknown or Not Stated""","""9""",41
NA,"""Tennessee""","""47""","""2019""","""2019""","""Yes""","""1""",935
NA,"""Tennessee""","""47""","""2019""","""2019""","""No""","""2""",79511
NA,"""Tennessee""","""47""","""2020""","""2020""","""Yes""","""1""",910
NA,"""Tennessee""","""47""","""2020""","""2020""","""No""","""2""",77777
NA,"""Tennessee""","""47""","""2021""","""2021""","""Yes""","""1""",1057
NA,"""Tennessee""","""47""","""2021""","""2021""","""No""","""2""",80655
NA,"""Texas""","""48""","""2016""","""2016""","""Yes""","""1""",3397
NA,"""Texas""","""48""","""2016""","""2016""","""No""","""2""",394648
NA,"""Texas""","""48""","""2017""","""2017""","""Yes""","""1""",3451
NA,"""Texas""","""48""","""2017""","""2017""","""No""","""2""",378598
NA,"""Texas""","""48""","""2018""","""2018""","""Yes""","""1""",3503
NA,"""Texas""","""48""","""2018""","""2018""","""No""","""2""",375088
NA,"""Texas""","""48""","""2018""","""2018""","""Unknown or Not Stated""","""9""",33
NA,"""Texas""","""48""","""2019""","""2019""","""Yes""","""1""",3857
NA,"""Texas""","""48""","""2019""","""2019""","""No""","""2""",373342
NA,"""Texas""","""48""","""2019""","""2019""","""Unknown or Not Stated""","""9""",400
NA,"""Texas""","""48""","""2020""","""2020""","""Yes""","""1""",3803
NA,"""Texas""","""48""","""2020""","""2020""","""No""","""2""",363890
NA,"""Texas""","""48""","""2020""","""2020""","""Unknown or Not Stated""","""9""",497
NA,"""Texas""","""48""","""2021""","""2021""","""Yes""","""1""",4175
NA,"""Texas""","""48""","""2021""","""2021""","""No""","""2""",368861
NA,"""Texas""","""48""","""2021""","""2021""","""Unknown or Not Stated""","""9""",558
NA,"""Utah""","""49""","""2016""","""2016""","""Yes""","""1""",2993
NA,"""Utah""","""49""","""2016""","""2016""","""No""","""2""",47471
NA,"""Utah""","""49""","""2017""","""2017""","""Yes""","""1""",3200
NA,"""Utah""","""49""","""2017""","""2017""","""No""","""2""",45384
NA,"""Utah""","""49""","""2018""","""2018""","""Yes""","""1""",3331
NA,"""Utah""","""49""","""2018""","""2018""","""No""","""2""",43877
NA,"""Utah""","""49""","""2019""","""2019""","""Yes""","""1""",3308
NA,"""Utah""","""49""","""2019""","""2019""","""No""","""2""",43518
NA,"""Utah""","""49""","""2020""","""2020""","""Yes""","""1""",3206
NA,"""Utah""","""49""","""2020""","""2020""","""No""","""2""",42496
NA,"""Utah""","""49""","""2021""","""2021""","""Yes""","""1""",3317
NA,"""Utah""","""49""","""2021""","""2021""","""No""","""2""",43395
NA,"""Vermont""","""50""","""2016""","""2016""","""Yes""","""1""",203
NA,"""Vermont""","""50""","""2016""","""2016""","""No""","""2""",5553
NA,"""Vermont""","""50""","""2017""","""2017""","""Yes""","""1""",221
NA,"""Vermont""","""50""","""2017""","""2017""","""No""","""2""",5434
NA,"""Vermont""","""50""","""2018""","""2018""","""Yes""","""1""",228
NA,"""Vermont""","""50""","""2018""","""2018""","""No""","""2""",5202
NA,"""Vermont""","""50""","""2019""","""2019""","""Yes""","""1""",222
NA,"""Vermont""","""50""","""2019""","""2019""","""No""","""2""",5138
NA,"""Vermont""","""50""","""2020""","""2020""","""Yes""","""1""",183
NA,"""Vermont""","""50""","""2020""","""2020""","""No""","""2""",4950
NA,"""Vermont""","""50""","""2021""","""2021""","""Yes""","""1""",242
NA,"""Vermont""","""50""","""2021""","""2021""","""No""","""2""",5142
NA,"""Virginia""","""51""","""2016""","""2016""","""Yes""","""1""",1508
NA,"""Virginia""","""51""","""2016""","""2016""","""No""","""2""",100948
NA,"""Virginia""","""51""","""2017""","""2017""","""Yes""","""1""",1577
NA,"""Virginia""","""51""","""2017""","""2017""","""No""","""2""",98813
NA,"""Virginia""","""51""","""2018""","""2018""","""Yes""","""1""",1723
NA,"""Virginia""","""51""","""2018""","""2018""","""No""","""2""",98119
NA,"""Virginia""","""51""","""2019""","""2019""","""Yes""","""1""",1781
NA,"""Virginia""","""51""","""2019""","""2019""","""No""","""2""",95642
NA,"""Virginia""","""51""","""2020""","""2020""","""Yes""","""1""",1935
NA,"""Virginia""","""51""","""2020""","""2020""","""No""","""2""",92811
NA,"""Virginia""","""51""","""2021""","""2021""","""Yes""","""1""",2130
NA,"""Virginia""","""51""","""2021""","""2021""","""No""","""2""",93691
NA,"""Washington""","""53""","""2016""","""2016""","""Yes""","""1""",1698
NA,"""Washington""","""53""","""2016""","""2016""","""No""","""2""",88374
NA,"""Washington""","""53""","""2016""","""2016""","""Unknown or Not Stated""","""9""",433
NA,"""Washington""","""53""","""2017""","""2017""","""Yes""","""1""",1693
NA,"""Washington""","""53""","""2017""","""2017""","""No""","""2""",85492
NA,"""Washington""","""53""","""2017""","""2017""","""Unknown or Not Stated""","""9""",377
NA,"""Washington""","""53""","""2018""","""2018""","""Yes""","""1""",1812
NA,"""Washington""","""53""","""2018""","""2018""","""No""","""2""",84273
NA,"""Washington""","""53""","""2019""","""2019""","""Yes""","""1""",1974
NA,"""Washington""","""53""","""2019""","""2019""","""No""","""2""",82894
NA,"""Washington""","""53""","""2019""","""2019""","""Unknown or Not Stated""","""9""",27
NA,"""Washington""","""53""","""2020""","""2020""","""Yes""","""1""",2078
NA,"""Washington""","""53""","""2020""","""2020""","""No""","""2""",80430
NA,"""Washington""","""53""","""2020""","""2020""","""Unknown or Not Stated""","""9""",578
NA,"""Washington""","""53""","""2021""","""2021""","""Yes""","""1""",2092
NA,"""Washington""","""53""","""2021""","""2021""","""No""","""2""",80838
NA,"""Washington""","""53""","""2021""","""2021""","""Unknown or Not Stated""","""9""",981
NA,"""West Virginia""","""54""","""2016""","""2016""","""Yes""","""1""",174
NA,"""West Virginia""","""54""","""2016""","""2016""","""No""","""2""",18807
NA,"""West Virginia""","""54""","""2016""","""2016""","""Unknown or Not Stated""","""9""",98
NA,"""West Virginia""","""54""","""2017""","""2017""","""Yes""","""1""",213
NA,"""West Virginia""","""54""","""2017""","""2017""","""No""","""2""",18366
NA,"""West Virginia""","""54""","""2017""","""2017""","""Unknown or Not Stated""","""9""",96
NA,"""West Virginia""","""54""","""2018""","""2018""","""Yes""","""1""",201
NA,"""West Virginia""","""54""","""2018""","""2018""","""No""","""2""",17971
NA,"""West Virginia""","""54""","""2018""","""2018""","""Unknown or Not Stated""","""9""",76
NA,"""West Virginia""","""54""","""2019""","""2019""","""Yes""","""1""",287
NA,"""West Virginia""","""54""","""2019""","""2019""","""No""","""2""",17758
NA,"""West Virginia""","""54""","""2019""","""2019""","""Unknown or Not Stated""","""9""",91
NA,"""West Virginia""","""54""","""2020""","""2020""","""Yes""","""1""",210
NA,"""West Virginia""","""54""","""2020""","""2020""","""No""","""2""",17020
NA,"""West Virginia""","""54""","""2020""","""2020""","""Unknown or Not Stated""","""9""",93
NA,"""West Virginia""","""54""","""2021""","""2021""","""Yes""","""1""",193
NA,"""West Virginia""","""54""","""2021""","""2021""","""No""","""2""",16910
NA,"""West Virginia""","""54""","""2021""","""2021""","""Unknown or Not Stated""","""9""",95
NA,"""Wisconsin""","""55""","""2016""","""2016""","""Yes""","""1""",1326
NA,"""Wisconsin""","""55""","""2016""","""2016""","""No""","""2""",65076
NA,"""Wisconsin""","""55""","""2016""","""2016""","""Unknown or Not Stated""","""9""",213
NA,"""Wisconsin""","""55""","""2017""","""2017""","""Yes""","""1""",1360
NA,"""Wisconsin""","""55""","""2017""","""2017""","""No""","""2""",63441
NA,"""Wisconsin""","""55""","""2017""","""2017""","""Unknown or Not Stated""","""9""",174
NA,"""Wisconsin""","""55""","""2018""","""2018""","""Yes""","""1""",1429
NA,"""Wisconsin""","""55""","""2018""","""2018""","""No""","""2""",62481
NA,"""Wisconsin""","""55""","""2018""","""2018""","""Unknown or Not Stated""","""9""",188
NA,"""Wisconsin""","""55""","""2019""","""2019""","""Yes""","""1""",1508
NA,"""Wisconsin""","""55""","""2019""","""2019""","""No""","""2""",61551
NA,"""Wisconsin""","""55""","""2019""","""2019""","""Unknown or Not Stated""","""9""",211
NA,"""Wisconsin""","""55""","""2020""","""2020""","""Yes""","""1""",1329
NA,"""Wisconsin""","""55""","""2020""","""2020""","""No""","""2""",59199
NA,"""Wisconsin""","""55""","""2020""","""2020""","""Unknown or Not Stated""","""9""",66
NA,"""Wisconsin""","""55""","""2021""","""2021""","""Yes""","""1""",1365
NA,"""Wisconsin""","""55""","""2021""","""2021""","""No""","""2""",60321
NA,"""Wisconsin""","""55""","""2021""","""2021""","""Unknown or Not Stated""","""9""",95
NA,"""Wyoming""","""56""","""2016""","""2016""","""Yes""","""1""",91
NA,"""Wyoming""","""56""","""2016""","""2016""","""No""","""2""",7295
NA,"""Wyoming""","""56""","""2017""","""2017""","""Yes""","""1""",96
NA,"""Wyoming""","""56""","""2017""","""2017""","""No""","""2""",6806
NA,"""Wyoming""","""56""","""2018""","""2018""","""Yes""","""1""",112
NA,"""Wyoming""","""56""","""2018""","""2018""","""No""","""2""",6450
NA,"""Wyoming""","""56""","""2019""","""2019""","""Yes""","""1""",124
NA,"""Wyoming""","""56""","""2019""","""2019""","""No""","""2""",6441
NA,"""Wyoming""","""56""","""2020""","""2020""","""Yes""","""1""",112
NA,"""Wyoming""","""56""","""2020""","""2020""","""No""","""2""",6015
NA,"""Wyoming""","""56""","""2021""","""2021""","""Yes""","""1""",99
NA,"""Wyoming""","""56""","""2021""","""2021""","""No""","""2""",6136
