"""Notes""","""State of Residence""","""State of Residence Code""","""Year""","""Year Code""","""Pre-pregnancy Hypertension""","""Pre-pregnancy Hypertension Code""","Births"
NA,"""Alabama""","""01""","""2016""","""2016""","""Yes""","""1""",1494
NA,"""Alabama""","""01""","""2016""","""2016""","""No""","""2""",57654
NA,"""Alabama""","""01""","""2017""","""2017""","""Yes""","""1""",1752
NA,"""Alabama""","""01""","""2017""","""2017""","""No""","""2""",57186
NA,"""Alabama""","""01""","""2018""","""2018""","""Yes""","""1""",1840
NA,"""Alabama""","""01""","""2018""","""2018""","""No""","""2""",55917
NA,"""Alabama""","""01""","""2019""","""2019""","""Yes""","""1""",2060
NA,"""Alabama""","""01""","""2019""","""2019""","""No""","""2""",56551
NA,"""Alabama""","""01""","""2020""","""2020""","""Yes""","""1""",2268
NA,"""Alabama""","""01""","""2020""","""2020""","""No""","""2""",55377
NA,"""Alabama""","""01""","""2021""","""2021""","""Yes""","""1""",2529
NA,"""Alabama""","""01""","""2021""","""2021""","""No""","""2""",55525
NA,"""Alaska""","""02""","""2016""","""2016""","""Yes""","""1""",327
NA,"""Alaska""","""02""","""2016""","""2016""","""No""","""2""",10807
NA,"""Alaska""","""02""","""2016""","""2016""","""Unknown or Not Stated""","""9""",75
NA,"""Alaska""","""02""","""2017""","""2017""","""Yes""","""1""",363
NA,"""Alaska""","""02""","""2017""","""2017""","""No""","""2""",9979
NA,"""Alaska""","""02""","""2017""","""2017""","""Unknown or Not Stated""","""9""",103
NA,"""Alaska""","""02""","""2018""","""2018""","""Yes""","""1""",305
NA,"""Alaska""","""02""","""2018""","""2018""","""No""","""2""",9662
NA,"""Alaska""","""02""","""2018""","""2018""","""Unknown or Not Stated""","""9""",119
NA,"""Alaska""","""02""","""2019""","""2019""","""Yes""","""1""",352
NA,"""Alaska""","""02""","""2019""","""2019""","""No""","""2""",9388
NA,"""Alaska""","""02""","""2019""","""2019""","""Unknown or Not Stated""","""9""",82
NA,"""Alaska""","""02""","""2020""","""2020""","""Yes""","""1""",339
NA,"""Alaska""","""02""","""2020""","""2020""","""No""","""2""",9051
NA,"""Alaska""","""02""","""2020""","""2020""","""Unknown or Not Stated""","""9""",79
NA,"""Alaska""","""02""","""2021""","""2021""","""Yes""","""1""",426
NA,"""Alaska""","""02""","""2021""","""2021""","""No""","""2""",8884
NA,"""Alaska""","""02""","""2021""","""2021""","""Unknown or Not Stated""","""9""",57
NA,"""Arizona""","""04""","""2016""","""2016""","""Yes""","""1""",975
NA,"""Arizona""","""04""","""2016""","""2016""","""No""","""2""",83545
NA,"""Arizona""","""04""","""2017""","""2017""","""Yes""","""1""",1064
NA,"""Arizona""","""04""","""2017""","""2017""","""No""","""2""",80808
NA,"""Arizona""","""04""","""2018""","""2018""","""Yes""","""1""",1133
NA,"""Arizona""","""04""","""2018""","""2018""","""No""","""2""",79590
NA,"""Arizona""","""04""","""2019""","""2019""","""Yes""","""1""",1207
NA,"""Arizona""","""04""","""2019""","""2019""","""No""","""2""",78166
NA,"""Arizona""","""04""","""2020""","""2020""","""Yes""","""1""",1238
NA,"""Arizona""","""04""","""2020""","""2020""","""No""","""2""",75708
NA,"""Arizona""","""04""","""2021""","""2021""","""Yes""","""1""",1442
NA,"""Arizona""","""04""","""2021""","""2021""","""No""","""2""",76474
NA,"""Arkansas""","""05""","""2016""","""2016""","""Yes""","""1""",694
NA,"""Arkansas""","""05""","""2016""","""2016""","""No""","""2""",37580
NA,"""Arkansas""","""05""","""2017""","""2017""","""Yes""","""1""",824
NA,"""Arkansas""","""05""","""2017""","""2017""","""No""","""2""",36693
NA,"""Arkansas""","""05""","""2018""","""2018""","""Yes""","""1""",827
NA,"""Arkansas""","""05""","""2018""","""2018""","""No""","""2""",36188
NA,"""Arkansas""","""05""","""2019""","""2019""","""Yes""","""1""",892
NA,"""Arkansas""","""05""","""2019""","""2019""","""No""","""2""",35671
NA,"""Arkansas""","""05""","""2020""","""2020""","""Yes""","""1""",874
NA,"""Arkansas""","""05""","""2020""","""2020""","""No""","""2""",34377
NA,"""Arkansas""","""05""","""2021""","""2021""","""Yes""","""1""",1088
NA,"""Arkansas""","""05""","""2021""","""2021""","""No""","""2""",34876
NA,"""California""","""06""","""2016""","""2016""","""Yes""","""1""",4157
NA,"""California""","""06""","""2016""","""2016""","""No""","""2""",484667
NA,"""California""","""06""","""2017""","""2017""","""Yes""","""1""",4554
NA,"""California""","""06""","""2017""","""2017""","""No""","""2""",467101
NA,"""California""","""06""","""2018""","""2018""","""Yes""","""1""",4955
NA,"""California""","""06""","""2018""","""2018""","""No""","""2""",449956
NA,"""California""","""06""","""2019""","""2019""","""Yes""","""1""",5350
NA,"""California""","""06""","""2019""","""2019""","""No""","""2""",440784
NA,"""California""","""06""","""2019""","""2019""","""Unknown or Not Stated""","""9""",345
NA,"""California""","""06""","""2020""","""2020""","""Yes""","""1""",6075
NA,"""California""","""06""","""2020""","""2020""","""No""","""2""",413965
NA,"""California""","""06""","""2020""","""2020""","""Unknown or Not Stated""","""9""",219
NA,"""California""","""06""","""2021""","""2021""","""Yes""","""1""",6788
NA,"""California""","""06""","""2021""","""2021""","""No""","""2""",413579
NA,"""California""","""06""","""2021""","""2021""","""Unknown or Not Stated""","""9""",241
NA,"""Colorado""","""08""","""2016""","""2016""","""Yes""","""1""",851
NA,"""Colorado""","""08""","""2016""","""2016""","""No""","""2""",65750
NA,"""Colorado""","""08""","""2016""","""2016""","""Unknown or Not Stated""","""9""",12
NA,"""Colorado""","""08""","""2017""","""2017""","""Yes""","""1""",822
NA,"""Colorado""","""08""","""2017""","""2017""","""No""","""2""",63551
NA,"""Colorado""","""08""","""2018""","""2018""","""Yes""","""1""",983
NA,"""Colorado""","""08""","""2018""","""2018""","""No""","""2""",61894
NA,"""Colorado""","""08""","""2019""","""2019""","""Yes""","""1""",996
NA,"""Colorado""","""08""","""2019""","""2019""","""No""","""2""",61863
NA,"""Colorado""","""08""","""2019""","""2019""","""Unknown or Not Stated""","""9""",10
NA,"""Colorado""","""08""","""2020""","""2020""","""Yes""","""1""",974
NA,"""Colorado""","""08""","""2020""","""2020""","""No""","""2""",60505
NA,"""Colorado""","""08""","""2020""","""2020""","""Unknown or Not Stated""","""9""",15
NA,"""Colorado""","""08""","""2021""","""2021""","""Yes""","""1""",1004
NA,"""Colorado""","""08""","""2021""","""2021""","""No""","""2""",61936
NA,"""Connecticut""","""09""","""2016""","""2016""","""Yes""","""1""",715
NA,"""Connecticut""","""09""","""2016""","""2016""","""No""","""2""",34606
NA,"""Connecticut""","""09""","""2016""","""2016""","""Unknown or Not Stated""","""9""",694
NA,"""Connecticut""","""09""","""2017""","""2017""","""Yes""","""1""",771
NA,"""Connecticut""","""09""","""2017""","""2017""","""No""","""2""",34177
NA,"""Connecticut""","""09""","""2017""","""2017""","""Unknown or Not Stated""","""9""",273
NA,"""Connecticut""","""09""","""2018""","""2018""","""Yes""","""1""",813
NA,"""Connecticut""","""09""","""2018""","""2018""","""No""","""2""",33801
NA,"""Connecticut""","""09""","""2018""","""2018""","""Unknown or Not Stated""","""9""",111
NA,"""Connecticut""","""09""","""2019""","""2019""","""Yes""","""1""",911
NA,"""Connecticut""","""09""","""2019""","""2019""","""No""","""2""",33226
NA,"""Connecticut""","""09""","""2019""","""2019""","""Unknown or Not Stated""","""9""",121
NA,"""Connecticut""","""09""","""2020""","""2020""","""Yes""","""1""",961
NA,"""Connecticut""","""09""","""2020""","""2020""","""No""","""2""",32360
NA,"""Connecticut""","""09""","""2020""","""2020""","""Unknown or Not Stated""","""9""",139
NA,"""Connecticut""","""09""","""2021""","""2021""","""Yes""","""1""",1129
NA,"""Connecticut""","""09""","""2021""","""2021""","""No""","""2""",34516
NA,"""Connecticut""","""09""","""2021""","""2021""","""Unknown or Not Stated""","""9""",25
NA,"""Delaware""","""10""","""2016""","""2016""","""Yes""","""1""",373
NA,"""Delaware""","""10""","""2016""","""2016""","""No""","""2""",10618
NA,"""Delaware""","""10""","""2017""","""2017""","""Yes""","""1""",372
NA,"""Delaware""","""10""","""2017""","""2017""","""No""","""2""",10482
NA,"""Delaware""","""10""","""2018""","""2018""","""Yes""","""1""",351
NA,"""Delaware""","""10""","""2018""","""2018""","""No""","""2""",10266
NA,"""Delaware""","""10""","""2019""","""2019""","""Yes""","""1""",409
NA,"""Delaware""","""10""","""2019""","""2019""","""No""","""2""",10138
NA,"""Delaware""","""10""","""2019""","""2019""","""Unknown or Not Stated""","""9""",15
NA,"""Delaware""","""10""","""2020""","""2020""","""Yes""","""1""",388
NA,"""Delaware""","""10""","""2020""","""2020""","""No""","""2""",9972
NA,"""Delaware""","""10""","""2020""","""2020""","""Unknown or Not Stated""","""9""",32
NA,"""Delaware""","""10""","""2021""","""2021""","""Yes""","""1""",340
NA,"""Delaware""","""10""","""2021""","""2021""","""No""","""2""",10116
NA,"""Delaware""","""10""","""2021""","""2021""","""Unknown or Not Stated""","""9""",26
NA,"""District of Columbia""","""11""","""2016""","""2016""","""Yes""","""1""",233
NA,"""District of Columbia""","""11""","""2016""","""2016""","""No""","""2""",9610
NA,"""District of Columbia""","""11""","""2016""","""2016""","""Unknown or Not Stated""","""9""",15
NA,"""District of Columbia""","""11""","""2017""","""2017""","""Yes""","""1""",208
NA,"""District of Columbia""","""11""","""2017""","""2017""","""No""","""2""",9351
NA,"""District of Columbia""","""11""","""2018""","""2018""","""Yes""","""1""",228
NA,"""District of Columbia""","""11""","""2018""","""2018""","""No""","""2""",8982
NA,"""District of Columbia""","""11""","""2019""","""2019""","""Yes""","""1""",239
NA,"""District of Columbia""","""11""","""2019""","""2019""","""No""","""2""",8836
NA,"""District of Columbia""","""11""","""2020""","""2020""","""Yes""","""1""",326
NA,"""District of Columbia""","""11""","""2020""","""2020""","""No""","""2""",8544
NA,"""District of Columbia""","""11""","""2021""","""2021""","""Yes""","""1""",274
NA,"""District of Columbia""","""11""","""2021""","""2021""","""No""","""2""",8380
NA,"""Florida""","""12""","""2016""","""2016""","""Yes""","""1""",3315
NA,"""Florida""","""12""","""2016""","""2016""","""No""","""2""",221291
NA,"""Florida""","""12""","""2016""","""2016""","""Unknown or Not Stated""","""9""",416
NA,"""Florida""","""12""","""2017""","""2017""","""Yes""","""1""",3493
NA,"""Florida""","""12""","""2017""","""2017""","""No""","""2""",219633
NA,"""Florida""","""12""","""2017""","""2017""","""Unknown or Not Stated""","""9""",504
NA,"""Florida""","""12""","""2018""","""2018""","""Yes""","""1""",3950
NA,"""Florida""","""12""","""2018""","""2018""","""No""","""2""",217120
NA,"""Florida""","""12""","""2018""","""2018""","""Unknown or Not Stated""","""9""",472
NA,"""Florida""","""12""","""2019""","""2019""","""Yes""","""1""",4278
NA,"""Florida""","""12""","""2019""","""2019""","""No""","""2""",215407
NA,"""Florida""","""12""","""2019""","""2019""","""Unknown or Not Stated""","""9""",317
NA,"""Florida""","""12""","""2020""","""2020""","""Yes""","""1""",4698
NA,"""Florida""","""12""","""2020""","""2020""","""No""","""2""",204679
NA,"""Florida""","""12""","""2020""","""2020""","""Unknown or Not Stated""","""9""",294
NA,"""Florida""","""12""","""2021""","""2021""","""Yes""","""1""",4898
NA,"""Florida""","""12""","""2021""","""2021""","""No""","""2""",210683
NA,"""Florida""","""12""","""2021""","""2021""","""Unknown or Not Stated""","""9""",679
NA,"""Georgia""","""13""","""2016""","""2016""","""Yes""","""1""",2701
NA,"""Georgia""","""13""","""2016""","""2016""","""No""","""2""",126993
NA,"""Georgia""","""13""","""2016""","""2016""","""Unknown or Not Stated""","""9""",348
NA,"""Georgia""","""13""","""2017""","""2017""","""Yes""","""1""",2807
NA,"""Georgia""","""13""","""2017""","""2017""","""No""","""2""",126054
NA,"""Georgia""","""13""","""2017""","""2017""","""Unknown or Not Stated""","""9""",382
NA,"""Georgia""","""13""","""2018""","""2018""","""Yes""","""1""",2736
NA,"""Georgia""","""13""","""2018""","""2018""","""No""","""2""",123175
NA,"""Georgia""","""13""","""2018""","""2018""","""Unknown or Not Stated""","""9""",261
NA,"""Georgia""","""13""","""2019""","""2019""","""Yes""","""1""",2984
NA,"""Georgia""","""13""","""2019""","""2019""","""No""","""2""",123186
NA,"""Georgia""","""13""","""2019""","""2019""","""Unknown or Not Stated""","""9""",201
NA,"""Georgia""","""13""","""2020""","""2020""","""Yes""","""1""",3537
NA,"""Georgia""","""13""","""2020""","""2020""","""No""","""2""",118793
NA,"""Georgia""","""13""","""2020""","""2020""","""Unknown or Not Stated""","""9""",143
NA,"""Georgia""","""13""","""2021""","""2021""","""Yes""","""1""",3650
NA,"""Georgia""","""13""","""2021""","""2021""","""No""","""2""",120254
NA,"""Georgia""","""13""","""2021""","""2021""","""Unknown or Not Stated""","""9""",169
NA,"""Hawaii""","""15""","""2016""","""2016""","""Yes""","""1""",256
NA,"""Hawaii""","""15""","""2016""","""2016""","""No""","""2""",17803
NA,"""Hawaii""","""15""","""2017""","""2017""","""Yes""","""1""",173
NA,"""Hawaii""","""15""","""2017""","""2017""","""No""","""2""",17344
NA,"""Hawaii""","""15""","""2018""","""2018""","""Yes""","""1""",196
NA,"""Hawaii""","""15""","""2018""","""2018""","""No""","""2""",16776
NA,"""Hawaii""","""15""","""2019""","""2019""","""Yes""","""1""",219
NA,"""Hawaii""","""15""","""2019""","""2019""","""No""","""2""",16578
NA,"""Hawaii""","""15""","""2020""","""2020""","""Yes""","""1""",306
NA,"""Hawaii""","""15""","""2020""","""2020""","""No""","""2""",15478
NA,"""Hawaii""","""15""","""2021""","""2021""","""Yes""","""1""",311
NA,"""Hawaii""","""15""","""2021""","""2021""","""No""","""2""",15309
NA,"""Idaho""","""16""","""2016""","""2016""","""Yes""","""1""",222
NA,"""Idaho""","""16""","""2016""","""2016""","""No""","""2""",22236
NA,"""Idaho""","""16""","""2016""","""2016""","""Unknown or Not Stated""","""9""",24
NA,"""Idaho""","""16""","""2017""","""2017""","""Yes""","""1""",243
NA,"""Idaho""","""16""","""2017""","""2017""","""No""","""2""",21921
NA,"""Idaho""","""16""","""2017""","""2017""","""Unknown or Not Stated""","""9""",17
NA,"""Idaho""","""16""","""2018""","""2018""","""Yes""","""1""",246
NA,"""Idaho""","""16""","""2018""","""2018""","""No""","""2""",21136
NA,"""Idaho""","""16""","""2018""","""2018""","""Unknown or Not Stated""","""9""",21
NA,"""Idaho""","""16""","""2019""","""2019""","""Yes""","""1""",277
NA,"""Idaho""","""16""","""2019""","""2019""","""No""","""2""",21773
NA,"""Idaho""","""16""","""2019""","""2019""","""Unknown or Not Stated""","""9""",13
NA,"""Idaho""","""16""","""2020""","""2020""","""Yes""","""1""",339
NA,"""Idaho""","""16""","""2020""","""2020""","""No""","""2""",21176
NA,"""Idaho""","""16""","""2020""","""2020""","""Unknown or Not Stated""","""9""",18
NA,"""Idaho""","""16""","""2021""","""2021""","""Yes""","""1""",389
NA,"""Idaho""","""16""","""2021""","""2021""","""No""","""2""",22019
NA,"""Idaho""","""16""","""2021""","""2021""","""Unknown or Not Stated""","""9""",19
NA,"""Illinois""","""17""","""2016""","""2016""","""Yes""","""1""",3053
NA,"""Illinois""","""17""","""2016""","""2016""","""No""","""2""",151166
NA,"""Illinois""","""17""","""2016""","""2016""","""Unknown or Not Stated""","""9""",226
NA,"""Illinois""","""17""","""2017""","""2017""","""Yes""","""1""",3267
NA,"""Illinois""","""17""","""2017""","""2017""","""No""","""2""",145758
NA,"""Illinois""","""17""","""2017""","""2017""","""Unknown or Not Stated""","""9""",365
NA,"""Illinois""","""17""","""2018""","""2018""","""Yes""","""1""",3548
NA,"""Illinois""","""17""","""2018""","""2018""","""No""","""2""",141014
NA,"""Illinois""","""17""","""2018""","""2018""","""Unknown or Not Stated""","""9""",253
NA,"""Illinois""","""17""","""2019""","""2019""","""Yes""","""1""",3733
NA,"""Illinois""","""17""","""2019""","""2019""","""No""","""2""",136273
NA,"""Illinois""","""17""","""2019""","""2019""","""Unknown or Not Stated""","""9""",122
NA,"""Illinois""","""17""","""2020""","""2020""","""Yes""","""1""",3807
NA,"""Illinois""","""17""","""2020""","""2020""","""No""","""2""",129323
NA,"""Illinois""","""17""","""2020""","""2020""","""Unknown or Not Stated""","""9""",168
NA,"""Illinois""","""17""","""2021""","""2021""","""Yes""","""1""",4073
NA,"""Illinois""","""17""","""2021""","""2021""","""No""","""2""",127993
NA,"""Illinois""","""17""","""2021""","""2021""","""Unknown or Not Stated""","""9""",123
NA,"""Indiana""","""18""","""2016""","""2016""","""Yes""","""1""",1271
NA,"""Indiana""","""18""","""2016""","""2016""","""No""","""2""",81816
NA,"""Indiana""","""18""","""2017""","""2017""","""Yes""","""1""",1521
NA,"""Indiana""","""18""","""2017""","""2017""","""No""","""2""",80639
NA,"""Indiana""","""18""","""2017""","""2017""","""Unknown or Not Stated""","""9""",10
NA,"""Indiana""","""18""","""2018""","""2018""","""Yes""","""1""",1622
NA,"""Indiana""","""18""","""2018""","""2018""","""No""","""2""",80015
NA,"""Indiana""","""18""","""2019""","""2019""","""Yes""","""1""",1934
NA,"""Indiana""","""18""","""2019""","""2019""","""No""","""2""",78921
NA,"""Indiana""","""18""","""2020""","""2020""","""Yes""","""1""",2117
NA,"""Indiana""","""18""","""2020""","""2020""","""No""","""2""",76452
NA,"""Indiana""","""18""","""2020""","""2020""","""Unknown or Not Stated""","""9""",47
NA,"""Indiana""","""18""","""2021""","""2021""","""Yes""","""1""",2707
NA,"""Indiana""","""18""","""2021""","""2021""","""No""","""2""",76778
NA,"""Indiana""","""18""","""2021""","""2021""","""Unknown or Not Stated""","""9""",461
NA,"""Iowa""","""19""","""2016""","""2016""","""Yes""","""1""",669
NA,"""Iowa""","""19""","""2016""","""2016""","""No""","""2""",38733
NA,"""Iowa""","""19""","""2017""","""2017""","""Yes""","""1""",749
NA,"""Iowa""","""19""","""2017""","""2017""","""No""","""2""",37679
NA,"""Iowa""","""19""","""2018""","""2018""","""Yes""","""1""",861
NA,"""Iowa""","""19""","""2018""","""2018""","""No""","""2""",36924
NA,"""Iowa""","""19""","""2019""","""2019""","""Yes""","""1""",836
NA,"""Iowa""","""19""","""2019""","""2019""","""No""","""2""",36811
NA,"""Iowa""","""19""","""2020""","""2020""","""Yes""","""1""",881
NA,"""Iowa""","""19""","""2020""","""2020""","""No""","""2""",35232
NA,"""Iowa""","""19""","""2021""","""2021""","""Yes""","""1""",1097
NA,"""Iowa""","""19""","""2021""","""2021""","""No""","""2""",35730
NA,"""Kansas""","""20""","""2016""","""2016""","""Yes""","""1""",500
NA,"""Kansas""","""20""","""2016""","""2016""","""No""","""2""",37553
NA,"""Kansas""","""20""","""2017""","""2017""","""Yes""","""1""",595
NA,"""Kansas""","""20""","""2017""","""2017""","""No""","""2""",35924
NA,"""Kansas""","""20""","""2018""","""2018""","""Yes""","""1""",662
NA,"""Kansas""","""20""","""2018""","""2018""","""No""","""2""",35599
NA,"""Kansas""","""20""","""2019""","""2019""","""Yes""","""1""",776
NA,"""Kansas""","""20""","""2019""","""2019""","""No""","""2""",34619
NA,"""Kansas""","""20""","""2020""","""2020""","""Yes""","""1""",930
NA,"""Kansas""","""20""","""2020""","""2020""","""No""","""2""",33445
NA,"""Kansas""","""20""","""2021""","""2021""","""Yes""","""1""",838
NA,"""Kansas""","""20""","""2021""","""2021""","""No""","""2""",33865
NA,"""Kentucky""","""21""","""2016""","""2016""","""Yes""","""1""",1213
NA,"""Kentucky""","""21""","""2016""","""2016""","""No""","""2""",53955
NA,"""Kentucky""","""21""","""2016""","""2016""","""Unknown or Not Stated""","""9""",281
NA,"""Kentucky""","""21""","""2017""","""2017""","""Yes""","""1""",1244
NA,"""Kentucky""","""21""","""2017""","""2017""","""No""","""2""",53316
NA,"""Kentucky""","""21""","""2017""","""2017""","""Unknown or Not Stated""","""9""",192
NA,"""Kentucky""","""21""","""2018""","""2018""","""Yes""","""1""",1385
NA,"""Kentucky""","""21""","""2018""","""2018""","""No""","""2""",52397
NA,"""Kentucky""","""21""","""2018""","""2018""","""Unknown or Not Stated""","""9""",140
NA,"""Kentucky""","""21""","""2019""","""2019""","""Yes""","""1""",1572
NA,"""Kentucky""","""21""","""2019""","""2019""","""No""","""2""",51351
NA,"""Kentucky""","""21""","""2019""","""2019""","""Unknown or Not Stated""","""9""",146
NA,"""Kentucky""","""21""","""2020""","""2020""","""Yes""","""1""",1672
NA,"""Kentucky""","""21""","""2020""","""2020""","""No""","""2""",49453
NA,"""Kentucky""","""21""","""2020""","""2020""","""Unknown or Not Stated""","""9""",543
NA,"""Kentucky""","""21""","""2021""","""2021""","""Yes""","""1""",1883
NA,"""Kentucky""","""21""","""2021""","""2021""","""No""","""2""",50092
NA,"""Kentucky""","""21""","""2021""","""2021""","""Unknown or Not Stated""","""9""",239
NA,"""Louisiana""","""22""","""2016""","""2016""","""Yes""","""1""",2135
NA,"""Louisiana""","""22""","""2016""","""2016""","""No""","""2""",61043
NA,"""Louisiana""","""22""","""2017""","""2017""","""Yes""","""1""",2273
NA,"""Louisiana""","""22""","""2017""","""2017""","""No""","""2""",58745
NA,"""Louisiana""","""22""","""2018""","""2018""","""Yes""","""1""",2319
NA,"""Louisiana""","""22""","""2018""","""2018""","""No""","""2""",57296
NA,"""Louisiana""","""22""","""2019""","""2019""","""Yes""","""1""",2372
NA,"""Louisiana""","""22""","""2019""","""2019""","""No""","""2""",56568
NA,"""Louisiana""","""22""","""2020""","""2020""","""Yes""","""1""",2772
NA,"""Louisiana""","""22""","""2020""","""2020""","""No""","""2""",54555
NA,"""Louisiana""","""22""","""2021""","""2021""","""Yes""","""1""",2930
NA,"""Louisiana""","""22""","""2021""","""2021""","""No""","""2""",54505
NA,"""Maine""","""23""","""2016""","""2016""","""Yes""","""1""",245
NA,"""Maine""","""23""","""2016""","""2016""","""No""","""2""",12445
NA,"""Maine""","""23""","""2016""","""2016""","""Unknown or Not Stated""","""9""",15
NA,"""Maine""","""23""","""2017""","""2017""","""Yes""","""1""",255
NA,"""Maine""","""23""","""2017""","""2017""","""No""","""2""",12041
NA,"""Maine""","""23""","""2018""","""2018""","""Yes""","""1""",295
NA,"""Maine""","""23""","""2018""","""2018""","""No""","""2""",12015
NA,"""Maine""","""23""","""2019""","""2019""","""Yes""","""1""",364
NA,"""Maine""","""23""","""2019""","""2019""","""No""","""2""",11413
NA,"""Maine""","""23""","""2020""","""2020""","""Yes""","""1""",555
NA,"""Maine""","""23""","""2020""","""2020""","""No""","""2""",10984
NA,"""Maine""","""23""","""2021""","""2021""","""Yes""","""1""",800
NA,"""Maine""","""23""","""2021""","""2021""","""No""","""2""",11206
NA,"""Maryland""","""24""","""2016""","""2016""","""Yes""","""1""",2120
NA,"""Maryland""","""24""","""2016""","""2016""","""No""","""2""",71005
NA,"""Maryland""","""24""","""2016""","""2016""","""Unknown or Not Stated""","""9""",11
NA,"""Maryland""","""24""","""2017""","""2017""","""Yes""","""1""",2115
NA,"""Maryland""","""24""","""2017""","""2017""","""No""","""2""",69457
NA,"""Maryland""","""24""","""2017""","""2017""","""Unknown or Not Stated""","""9""",69
NA,"""Maryland""","""24""","""2018""","""2018""","""Yes""","""1""",2218
NA,"""Maryland""","""24""","""2018""","""2018""","""No""","""2""",68820
NA,"""Maryland""","""24""","""2018""","""2018""","""Unknown or Not Stated""","""9""",42
NA,"""Maryland""","""24""","""2019""","""2019""","""Yes""","""1""",2189
NA,"""Maryland""","""24""","""2019""","""2019""","""No""","""2""",67949
NA,"""Maryland""","""24""","""2019""","""2019""","""Unknown or Not Stated""","""9""",40
NA,"""Maryland""","""24""","""2020""","""2020""","""Yes""","""1""",2557
NA,"""Maryland""","""24""","""2020""","""2020""","""No""","""2""",65958
NA,"""Maryland""","""24""","""2020""","""2020""","""Unknown or Not Stated""","""9""",39
NA,"""Maryland""","""24""","""2021""","""2021""","""Yes""","""1""",2528
NA,"""Maryland""","""24""","""2021""","""2021""","""No""","""2""",65715
NA,"""Maryland""","""24""","""2021""","""2021""","""Unknown or Not Stated""","""9""",42
NA,"""Massachusetts""","""25""","""2016""","""2016""","""Yes""","""1""",1275
NA,"""Massachusetts""","""25""","""2016""","""2016""","""No""","""2""",69946
NA,"""Massachusetts""","""25""","""2016""","""2016""","""Unknown or Not Stated""","""9""",96
NA,"""Massachusetts""","""25""","""2017""","""2017""","""Yes""","""1""",1388
NA,"""Massachusetts""","""25""","""2017""","""2017""","""No""","""2""",69243
NA,"""Massachusetts""","""25""","""2017""","""2017""","""Unknown or Not Stated""","""9""",71
NA,"""Massachusetts""","""25""","""2018""","""2018""","""Yes""","""1""",1402
NA,"""Massachusetts""","""25""","""2018""","""2018""","""No""","""2""",67631
NA,"""Massachusetts""","""25""","""2018""","""2018""","""Unknown or Not Stated""","""9""",76
NA,"""Massachusetts""","""25""","""2019""","""2019""","""Yes""","""1""",1255
NA,"""Massachusetts""","""25""","""2019""","""2019""","""No""","""2""",67725
NA,"""Massachusetts""","""25""","""2019""","""2019""","""Unknown or Not Stated""","""9""",137
NA,"""Massachusetts""","""25""","""2020""","""2020""","""Yes""","""1""",1580
NA,"""Massachusetts""","""25""","""2020""","""2020""","""No""","""2""",64615
NA,"""Massachusetts""","""25""","""2020""","""2020""","""Unknown or Not Stated""","""9""",233
NA,"""Massachusetts""","""25""","""2021""","""2021""","""Yes""","""1""",1923
NA,"""Massachusetts""","""25""","""2021""","""2021""","""No""","""2""",67002
NA,"""Massachusetts""","""25""","""2021""","""2021""","""Unknown or Not Stated""","""9""",212
NA,"""Michigan""","""26""","""2016""","""2016""","""Yes""","""1""",1768
NA,"""Michigan""","""26""","""2016""","""2016""","""No""","""2""",111279
NA,"""Michigan""","""26""","""2016""","""2016""","""Unknown or Not Stated""","""9""",268
NA,"""Michigan""","""26""","""2017""","""2017""","""Yes""","""1""",1843
NA,"""Michigan""","""26""","""2017""","""2017""","""No""","""2""",109271
NA,"""Michigan""","""26""","""2017""","""2017""","""Unknown or Not Stated""","""9""",312
NA,"""Michigan""","""26""","""2018""","""2018""","""Yes""","""1""",2072
NA,"""Michigan""","""26""","""2018""","""2018""","""No""","""2""",107691
NA,"""Michigan""","""26""","""2018""","""2018""","""Unknown or Not Stated""","""9""",269
NA,"""Michigan""","""26""","""2019""","""2019""","""Yes""","""1""",2291
NA,"""Michigan""","""26""","""2019""","""2019""","""No""","""2""",105356
NA,"""Michigan""","""26""","""2019""","""2019""","""Unknown or Not Stated""","""9""",239
NA,"""Michigan""","""26""","""2020""","""2020""","""Yes""","""1""",2599
NA,"""Michigan""","""26""","""2020""","""2020""","""No""","""2""",101293
NA,"""Michigan""","""26""","""2020""","""2020""","""Unknown or Not Stated""","""9""",182
NA,"""Michigan""","""26""","""2021""","""2021""","""Yes""","""1""",2764
NA,"""Michigan""","""26""","""2021""","""2021""","""No""","""2""",102071
NA,"""Michigan""","""26""","""2021""","""2021""","""Unknown or Not Stated""","""9""",145
NA,"""Minnesota""","""27""","""2016""","""2016""","""Yes""","""1""",849
NA,"""Minnesota""","""27""","""2016""","""2016""","""No""","""2""",68836
NA,"""Minnesota""","""27""","""2016""","""2016""","""Unknown or Not Stated""","""9""",64
NA,"""Minnesota""","""27""","""2017""","""2017""","""Yes""","""1""",810
NA,"""Minnesota""","""27""","""2017""","""2017""","""No""","""2""",67682
NA,"""Minnesota""","""27""","""2017""","""2017""","""Unknown or Not Stated""","""9""",103
NA,"""Minnesota""","""27""","""2018""","""2018""","""Yes""","""1""",960
NA,"""Minnesota""","""27""","""2018""","""2018""","""No""","""2""",66341
NA,"""Minnesota""","""27""","""2018""","""2018""","""Unknown or Not Stated""","""9""",43
NA,"""Minnesota""","""27""","""2019""","""2019""","""Yes""","""1""",1163
NA,"""Minnesota""","""27""","""2019""","""2019""","""No""","""2""",64785
NA,"""Minnesota""","""27""","""2019""","""2019""","""Unknown or Not Stated""","""9""",79
NA,"""Minnesota""","""27""","""2020""","""2020""","""Yes""","""1""",1295
NA,"""Minnesota""","""27""","""2020""","""2020""","""No""","""2""",62094
NA,"""Minnesota""","""27""","""2020""","""2020""","""Unknown or Not Stated""","""9""",54
NA,"""Minnesota""","""27""","""2021""","""2021""","""Yes""","""1""",1541
NA,"""Minnesota""","""27""","""2021""","""2021""","""No""","""2""",62839
NA,"""Minnesota""","""27""","""2021""","""2021""","""Unknown or Not Stated""","""9""",45
NA,"""Mississippi""","""28""","""2016""","""2016""","""Yes""","""1""",1172
NA,"""Mississippi""","""28""","""2016""","""2016""","""No""","""2""",36745
NA,"""Mississippi""","""28""","""2016""","""2016""","""Unknown or Not Stated""","""9""",11
NA,"""Mississippi""","""28""","""2017""","""2017""","""Yes""","""1""",1272
NA,"""Mississippi""","""28""","""2017""","""2017""","""No""","""2""",36075
NA,"""Mississippi""","""28""","""2017""","""2017""","""Unknown or Not Stated""","""9""",10
NA,"""Mississippi""","""28""","""2018""","""2018""","""Yes""","""1""",1327
NA,"""Mississippi""","""28""","""2018""","""2018""","""No""","""2""",35656
NA,"""Mississippi""","""28""","""2018""","""2018""","""Unknown or Not Stated""","""9""",17
NA,"""Mississippi""","""28""","""2019""","""2019""","""Yes""","""1""",1553
NA,"""Mississippi""","""28""","""2019""","""2019""","""No""","""2""",35072
NA,"""Mississippi""","""28""","""2019""","""2019""","""Unknown or Not Stated""","""9""",11
NA,"""Mississippi""","""28""","""2020""","""2020""","""Yes""","""1""",1526
NA,"""Mississippi""","""28""","""2020""","""2020""","""No""","""2""",33942
NA,"""Mississippi""","""28""","""2021""","""2021""","""Yes""","""1""",1581
NA,"""Mississippi""","""28""","""2021""","""2021""","""No""","""2""",33566
NA,"""Missouri""","""29""","""2016""","""2016""","""Yes""","""1""",1706
NA,"""Missouri""","""29""","""2016""","""2016""","""No""","""2""",72998
NA,"""Missouri""","""29""","""2017""","""2017""","""Yes""","""1""",1960
NA,"""Missouri""","""29""","""2017""","""2017""","""No""","""2""",71074
NA,"""Missouri""","""29""","""2018""","""2018""","""Yes""","""1""",2045
NA,"""Missouri""","""29""","""2018""","""2018""","""No""","""2""",71224
NA,"""Missouri""","""29""","""2019""","""2019""","""Yes""","""1""",2264
NA,"""Missouri""","""29""","""2019""","""2019""","""No""","""2""",69860
NA,"""Missouri""","""29""","""2020""","""2020""","""Yes""","""1""",2383
NA,"""Missouri""","""29""","""2020""","""2020""","""No""","""2""",66900
NA,"""Missouri""","""29""","""2021""","""2021""","""Yes""","""1""",2576
NA,"""Missouri""","""29""","""2021""","""2021""","""No""","""2""",66875
NA,"""Montana""","""30""","""2016""","""2016""","""Yes""","""1""",102
NA,"""Montana""","""30""","""2016""","""2016""","""No""","""2""",12168
NA,"""Montana""","""30""","""2016""","""2016""","""Unknown or Not Stated""","""9""",12
NA,"""Montana""","""30""","""2017""","""2017""","""Yes""","""1""",134
NA,"""Montana""","""30""","""2017""","""2017""","""No""","""2""",11658
NA,"""Montana""","""30""","""2018""","""2018""","""Yes""","""1""",122
NA,"""Montana""","""30""","""2018""","""2018""","""No""","""2""",11385
NA,"""Montana""","""30""","""2019""","""2019""","""Yes""","""1""",149
NA,"""Montana""","""30""","""2019""","""2019""","""No""","""2""",10928
NA,"""Montana""","""30""","""2020""","""2020""","""Yes""","""1""",170
NA,"""Montana""","""30""","""2020""","""2020""","""No""","""2""",10620
NA,"""Montana""","""30""","""2021""","""2021""","""Yes""","""1""",181
NA,"""Montana""","""30""","""2021""","""2021""","""No""","""2""",11050
NA,"""Nebraska""","""31""","""2016""","""2016""","""Yes""","""1""",450
NA,"""Nebraska""","""31""","""2016""","""2016""","""No""","""2""",26102
NA,"""Nebraska""","""31""","""2016""","""2016""","""Unknown or Not Stated""","""9""",37
NA,"""Nebraska""","""31""","""2017""","""2017""","""Yes""","""1""",482
NA,"""Nebraska""","""31""","""2017""","""2017""","""No""","""2""",25313
NA,"""Nebraska""","""31""","""2017""","""2017""","""Unknown or Not Stated""","""9""",26
NA,"""Nebraska""","""31""","""2018""","""2018""","""Yes""","""1""",487
NA,"""Nebraska""","""31""","""2018""","""2018""","""No""","""2""",24974
NA,"""Nebraska""","""31""","""2018""","""2018""","""Unknown or Not Stated""","""9""",27
NA,"""Nebraska""","""31""","""2019""","""2019""","""Yes""","""1""",591
NA,"""Nebraska""","""31""","""2019""","""2019""","""No""","""2""",24134
NA,"""Nebraska""","""31""","""2019""","""2019""","""Unknown or Not Stated""","""9""",30
NA,"""Nebraska""","""31""","""2020""","""2020""","""Yes""","""1""",658
NA,"""Nebraska""","""31""","""2020""","""2020""","""No""","""2""",23581
NA,"""Nebraska""","""31""","""2020""","""2020""","""Unknown or Not Stated""","""9""",52
NA,"""Nebraska""","""31""","""2021""","""2021""","""Yes""","""1""",715
NA,"""Nebraska""","""31""","""2021""","""2021""","""No""","""2""",23857
NA,"""Nebraska""","""31""","""2021""","""2021""","""Unknown or Not Stated""","""9""",37
NA,"""Nevada""","""32""","""2016""","""2016""","""Yes""","""1""",442
NA,"""Nevada""","""32""","""2016""","""2016""","""No""","""2""",35818
NA,"""Nevada""","""32""","""2017""","""2017""","""Yes""","""1""",464
NA,"""Nevada""","""32""","""2017""","""2017""","""No""","""2""",35292
NA,"""Nevada""","""32""","""2018""","""2018""","""Yes""","""1""",472
NA,"""Nevada""","""32""","""2018""","""2018""","""No""","""2""",35208
NA,"""Nevada""","""32""","""2019""","""2019""","""Yes""","""1""",490
NA,"""Nevada""","""32""","""2019""","""2019""","""No""","""2""",34581
NA,"""Nevada""","""32""","""2020""","""2020""","""Yes""","""1""",634
NA,"""Nevada""","""32""","""2020""","""2020""","""No""","""2""",33019
NA,"""Nevada""","""32""","""2021""","""2021""","""Yes""","""1""",672
NA,"""Nevada""","""32""","""2021""","""2021""","""No""","""2""",33014
NA,"""New Hampshire""","""33""","""2016""","""2016""","""Yes""","""1""",195
NA,"""New Hampshire""","""33""","""2016""","""2016""","""No""","""2""",11965
NA,"""New Hampshire""","""33""","""2016""","""2016""","""Unknown or Not Stated""","""9""",107
NA,"""New Hampshire""","""33""","""2017""","""2017""","""Yes""","""1""",225
NA,"""New Hampshire""","""33""","""2017""","""2017""","""No""","""2""",11844
NA,"""New Hampshire""","""33""","""2017""","""2017""","""Unknown or Not Stated""","""9""",47
NA,"""New Hampshire""","""33""","""2018""","""2018""","""Yes""","""1""",280
NA,"""New Hampshire""","""33""","""2018""","""2018""","""No""","""2""",11668
NA,"""New Hampshire""","""33""","""2018""","""2018""","""Unknown or Not Stated""","""9""",47
NA,"""New Hampshire""","""33""","""2019""","""2019""","""Yes""","""1""",210
NA,"""New Hampshire""","""33""","""2019""","""2019""","""No""","""2""",11585
NA,"""New Hampshire""","""33""","""2019""","""2019""","""Unknown or Not Stated""","""9""",44
NA,"""New Hampshire""","""33""","""2020""","""2020""","""Yes""","""1""",311
NA,"""New Hampshire""","""33""","""2020""","""2020""","""No""","""2""",11444
NA,"""New Hampshire""","""33""","""2020""","""2020""","""Unknown or Not Stated""","""9""",36
NA,"""New Hampshire""","""33""","""2021""","""2021""","""Yes""","""1""",309
NA,"""New Hampshire""","""33""","""2021""","""2021""","""No""","""2""",12279
NA,"""New Hampshire""","""33""","""2021""","""2021""","""Unknown or Not Stated""","""9""",37
NA,"""New Jersey""","""34""","""2016""","""2016""","""Yes""","""1""",1769
NA,"""New Jersey""","""34""","""2016""","""2016""","""No""","""2""",100871
NA,"""New Jersey""","""34""","""2017""","""2017""","""Yes""","""1""",1752
NA,"""New Jersey""","""34""","""2017""","""2017""","""No""","""2""",99491
NA,"""New Jersey""","""34""","""2018""","""2018""","""Yes""","""1""",2042
NA,"""New Jersey""","""34""","""2018""","""2018""","""No""","""2""",99174
NA,"""New Jersey""","""34""","""2019""","""2019""","""Yes""","""1""",2110
NA,"""New Jersey""","""34""","""2019""","""2019""","""No""","""2""",97469
NA,"""New Jersey""","""34""","""2020""","""2020""","""Yes""","""1""",2263
NA,"""New Jersey""","""34""","""2020""","""2020""","""No""","""2""",95683
NA,"""New Jersey""","""34""","""2021""","""2021""","""Yes""","""1""",2537
NA,"""New Jersey""","""34""","""2021""","""2021""","""No""","""2""",98951
NA,"""New Mexico""","""35""","""2016""","""2016""","""Yes""","""1""",267
NA,"""New Mexico""","""35""","""2016""","""2016""","""No""","""2""",24425
NA,"""New Mexico""","""35""","""2017""","""2017""","""Yes""","""1""",338
NA,"""New Mexico""","""35""","""2017""","""2017""","""No""","""2""",23429
NA,"""New Mexico""","""35""","""2018""","""2018""","""Yes""","""1""",500
NA,"""New Mexico""","""35""","""2018""","""2018""","""No""","""2""",22539
NA,"""New Mexico""","""35""","""2019""","""2019""","""Yes""","""1""",589
NA,"""New Mexico""","""35""","""2019""","""2019""","""No""","""2""",22366
NA,"""New Mexico""","""35""","""2020""","""2020""","""Yes""","""1""",468
NA,"""New Mexico""","""35""","""2020""","""2020""","""No""","""2""",21433
NA,"""New Mexico""","""35""","""2021""","""2021""","""Yes""","""1""",575
NA,"""New Mexico""","""35""","""2021""","""2021""","""No""","""2""",20814
NA,"""New York""","""36""","""2016""","""2016""","""Yes""","""1""",4371
NA,"""New York""","""36""","""2016""","""2016""","""No""","""2""",229694
NA,"""New York""","""36""","""2016""","""2016""","""Unknown or Not Stated""","""9""",218
NA,"""New York""","""36""","""2017""","""2017""","""Yes""","""1""",4452
NA,"""New York""","""36""","""2017""","""2017""","""No""","""2""",224879
NA,"""New York""","""36""","""2017""","""2017""","""Unknown or Not Stated""","""9""",406
NA,"""New York""","""36""","""2018""","""2018""","""Yes""","""1""",4646
NA,"""New York""","""36""","""2018""","""2018""","""No""","""2""",221098
NA,"""New York""","""36""","""2018""","""2018""","""Unknown or Not Stated""","""9""",494
NA,"""New York""","""36""","""2019""","""2019""","""Yes""","""1""",4864
NA,"""New York""","""36""","""2019""","""2019""","""No""","""2""",216191
NA,"""New York""","""36""","""2019""","""2019""","""Unknown or Not Stated""","""9""",484
NA,"""New York""","""36""","""2020""","""2020""","""Yes""","""1""",5146
NA,"""New York""","""36""","""2020""","""2020""","""No""","""2""",203794
NA,"""New York""","""36""","""2020""","""2020""","""Unknown or Not Stated""","""9""",398
NA,"""New York""","""36""","""2021""","""2021""","""Yes""","""1""",5576
NA,"""New York""","""36""","""2021""","""2021""","""No""","""2""",204715
NA,"""New York""","""36""","""2021""","""2021""","""Unknown or Not Stated""","""9""",451
NA,"""North Carolina""","""37""","""2016""","""2016""","""Yes""","""1""",2635
NA,"""North Carolina""","""37""","""2016""","""2016""","""No""","""2""",118128
NA,"""North Carolina""","""37""","""2016""","""2016""","""Unknown or Not Stated""","""9""",16
NA,"""North Carolina""","""37""","""2017""","""2017""","""Yes""","""1""",2854
NA,"""North Carolina""","""37""","""2017""","""2017""","""No""","""2""",117261
NA,"""North Carolina""","""37""","""2017""","""2017""","""Unknown or Not Stated""","""9""",10
NA,"""North Carolina""","""37""","""2018""","""2018""","""Yes""","""1""",3154
NA,"""North Carolina""","""37""","""2018""","""2018""","""No""","""2""",115780
NA,"""North Carolina""","""37""","""2018""","""2018""","""Unknown or Not Stated""","""9""",20
NA,"""North Carolina""","""37""","""2019""","""2019""","""Yes""","""1""",3326
NA,"""North Carolina""","""37""","""2019""","""2019""","""No""","""2""",115393
NA,"""North Carolina""","""37""","""2020""","""2020""","""Yes""","""1""",3611
NA,"""North Carolina""","""37""","""2020""","""2020""","""No""","""2""",113110
NA,"""North Carolina""","""37""","""2021""","""2021""","""Yes""","""1""",4086
NA,"""North Carolina""","""37""","""2021""","""2021""","""No""","""2""",116357
NA,"""North Carolina""","""37""","""2021""","""2021""","""Unknown or Not Stated""","""9""",23
NA,"""North Dakota""","""38""","""2016""","""2016""","""Yes""","""1""",166
NA,"""North Dakota""","""38""","""2016""","""2016""","""No""","""2""",11217
NA,"""North Dakota""","""38""","""2017""","""2017""","""Yes""","""1""",158
NA,"""North Dakota""","""38""","""2017""","""2017""","""No""","""2""",10578
NA,"""North Dakota""","""38""","""2018""","""2018""","""Yes""","""1""",171
NA,"""North Dakota""","""38""","""2018""","""2018""","""No""","""2""",10463
NA,"""North Dakota""","""38""","""2019""","""2019""","""Yes""","""1""",215
NA,"""North Dakota""","""38""","""2019""","""2019""","""No""","""2""",10239
NA,"""North Dakota""","""38""","""2020""","""2020""","""Yes""","""1""",242
NA,"""North Dakota""","""38""","""2020""","""2020""","""No""","""2""",9817
NA,"""North Dakota""","""38""","""2021""","""2021""","""Yes""","""1""",282
NA,"""North Dakota""","""38""","""2021""","""2021""","""No""","""2""",9830
NA,"""Ohio""","""39""","""2016""","""2016""","""Yes""","""1""",4195
NA,"""Ohio""","""39""","""2016""","""2016""","""No""","""2""",133863
NA,"""Ohio""","""39""","""2016""","""2016""","""Unknown or Not Stated""","""9""",27
NA,"""Ohio""","""39""","""2017""","""2017""","""Yes""","""1""",4317
NA,"""Ohio""","""39""","""2017""","""2017""","""No""","""2""",132501
NA,"""Ohio""","""39""","""2017""","""2017""","""Unknown or Not Stated""","""9""",14
NA,"""Ohio""","""39""","""2018""","""2018""","""Yes""","""1""",4434
NA,"""Ohio""","""39""","""2018""","""2018""","""No""","""2""",130688
NA,"""Ohio""","""39""","""2018""","""2018""","""Unknown or Not Stated""","""9""",12
NA,"""Ohio""","""39""","""2019""","""2019""","""Yes""","""1""",4679
NA,"""Ohio""","""39""","""2019""","""2019""","""No""","""2""",129774
NA,"""Ohio""","""39""","""2020""","""2020""","""Yes""","""1""",4830
NA,"""Ohio""","""39""","""2020""","""2020""","""No""","""2""",124345
NA,"""Ohio""","""39""","""2020""","""2020""","""Unknown or Not Stated""","""9""",16
NA,"""Ohio""","""39""","""2021""","""2021""","""Yes""","""1""",5402
NA,"""Ohio""","""39""","""2021""","""2021""","""No""","""2""",124370
NA,"""Ohio""","""39""","""2021""","""2021""","""Unknown or Not Stated""","""9""",19
NA,"""Oklahoma""","""40""","""2016""","""2016""","""Yes""","""1""",1114
NA,"""Oklahoma""","""40""","""2016""","""2016""","""No""","""2""",51477
NA,"""Oklahoma""","""40""","""2017""","""2017""","""Yes""","""1""",1250
NA,"""Oklahoma""","""40""","""2017""","""2017""","""No""","""2""",48963
NA,"""Oklahoma""","""40""","""2018""","""2018""","""Yes""","""1""",1385
NA,"""Oklahoma""","""40""","""2018""","""2018""","""No""","""2""",48415
NA,"""Oklahoma""","""40""","""2019""","""2019""","""Yes""","""1""",1496
NA,"""Oklahoma""","""40""","""2019""","""2019""","""No""","""2""",47645
NA,"""Oklahoma""","""40""","""2020""","""2020""","""Yes""","""1""",1533
NA,"""Oklahoma""","""40""","""2020""","""2020""","""No""","""2""",46090
NA,"""Oklahoma""","""40""","""2021""","""2021""","""Yes""","""1""",1603
NA,"""Oklahoma""","""40""","""2021""","""2021""","""No""","""2""",46801
NA,"""Oregon""","""41""","""2016""","""2016""","""Yes""","""1""",799
NA,"""Oregon""","""41""","""2016""","""2016""","""No""","""2""",44734
NA,"""Oregon""","""41""","""2017""","""2017""","""Yes""","""1""",872
NA,"""Oregon""","""41""","""2017""","""2017""","""No""","""2""",42759
NA,"""Oregon""","""41""","""2018""","""2018""","""Yes""","""1""",943
NA,"""Oregon""","""41""","""2018""","""2018""","""No""","""2""",41245
NA,"""Oregon""","""41""","""2019""","""2019""","""Yes""","""1""",1092
NA,"""Oregon""","""41""","""2019""","""2019""","""No""","""2""",40764
NA,"""Oregon""","""41""","""2020""","""2020""","""Yes""","""1""",1091
NA,"""Oregon""","""41""","""2020""","""2020""","""No""","""2""",38727
NA,"""Oregon""","""41""","""2021""","""2021""","""Yes""","""1""",1234
NA,"""Oregon""","""41""","""2021""","""2021""","""No""","""2""",39680
NA,"""Pennsylvania""","""42""","""2016""","""2016""","""Yes""","""1""",2630
NA,"""Pennsylvania""","""42""","""2016""","""2016""","""No""","""2""",136758
NA,"""Pennsylvania""","""42""","""2016""","""2016""","""Unknown or Not Stated""","""9""",21
NA,"""Pennsylvania""","""42""","""2017""","""2017""","""Yes""","""1""",2830
NA,"""Pennsylvania""","""42""","""2017""","""2017""","""No""","""2""",134887
NA,"""Pennsylvania""","""42""","""2017""","""2017""","""Unknown or Not Stated""","""9""",28
NA,"""Pennsylvania""","""42""","""2018""","""2018""","""Yes""","""1""",2988
NA,"""Pennsylvania""","""42""","""2018""","""2018""","""No""","""2""",132647
NA,"""Pennsylvania""","""42""","""2018""","""2018""","""Unknown or Not Stated""","""9""",38
NA,"""Pennsylvania""","""42""","""2019""","""2019""","""Yes""","""1""",3090
NA,"""Pennsylvania""","""42""","""2019""","""2019""","""No""","""2""",131108
NA,"""Pennsylvania""","""42""","""2019""","""2019""","""Unknown or Not Stated""","""9""",32
NA,"""Pennsylvania""","""42""","""2020""","""2020""","""Yes""","""1""",3943
NA,"""Pennsylvania""","""42""","""2020""","""2020""","""No""","""2""",126705
NA,"""Pennsylvania""","""42""","""2020""","""2020""","""Unknown or Not Stated""","""9""",45
NA,"""Pennsylvania""","""42""","""2021""","""2021""","""Yes""","""1""",4235
NA,"""Pennsylvania""","""42""","""2021""","""2021""","""No""","""2""",128114
NA,"""Pennsylvania""","""42""","""2021""","""2021""","""Unknown or Not Stated""","""9""",273
NA,"""Rhode Island""","""44""","""2016""","""2016""","""Yes""","""1""",194
NA,"""Rhode Island""","""44""","""2016""","""2016""","""No""","""2""",10597
NA,"""Rhode Island""","""44""","""2017""","""2017""","""Yes""","""1""",180
NA,"""Rhode Island""","""44""","""2017""","""2017""","""No""","""2""",10455
NA,"""Rhode Island""","""44""","""2018""","""2018""","""Yes""","""1""",212
NA,"""Rhode Island""","""44""","""2018""","""2018""","""No""","""2""",10289
NA,"""Rhode Island""","""44""","""2019""","""2019""","""Yes""","""1""",228
NA,"""Rhode Island""","""44""","""2019""","""2019""","""No""","""2""",9933
NA,"""Rhode Island""","""44""","""2019""","""2019""","""Unknown or Not Stated""","""9""",14
NA,"""Rhode Island""","""44""","""2020""","""2020""","""Yes""","""1""",272
NA,"""Rhode Island""","""44""","""2020""","""2020""","""No""","""2""",9812
NA,"""Rhode Island""","""44""","""2020""","""2020""","""Unknown or Not Stated""","""9""",17
NA,"""Rhode Island""","""44""","""2021""","""2021""","""Yes""","""1""",290
NA,"""Rhode Island""","""44""","""2021""","""2021""","""No""","""2""",10160
NA,"""Rhode Island""","""44""","""2021""","""2021""","""Unknown or Not Stated""","""9""",14
NA,"""South Carolina""","""45""","""2016""","""2016""","""Yes""","""1""",1697
NA,"""South Carolina""","""45""","""2016""","""2016""","""No""","""2""",55643
NA,"""South Carolina""","""45""","""2017""","""2017""","""Yes""","""1""",1775
NA,"""South Carolina""","""45""","""2017""","""2017""","""No""","""2""",55251
NA,"""South Carolina""","""45""","""2018""","""2018""","""Yes""","""1""",1950
NA,"""South Carolina""","""45""","""2018""","""2018""","""No""","""2""",54715
NA,"""South Carolina""","""45""","""2019""","""2019""","""Yes""","""1""",2031
NA,"""South Carolina""","""45""","""2019""","""2019""","""No""","""2""",55003
NA,"""South Carolina""","""45""","""2020""","""2020""","""Yes""","""1""",2364
NA,"""South Carolina""","""45""","""2020""","""2020""","""No""","""2""",53335
NA,"""South Carolina""","""45""","""2021""","""2021""","""Yes""","""1""",2268
NA,"""South Carolina""","""45""","""2021""","""2021""","""No""","""2""",54850
NA,"""South Carolina""","""45""","""2021""","""2021""","""Unknown or Not Stated""","""9""",67
NA,"""South Dakota""","""46""","""2016""","""2016""","""Yes""","""1""",154
NA,"""South Dakota""","""46""","""2016""","""2016""","""No""","""2""",12120
NA,"""South Dakota""","""46""","""2017""","""2017""","""Yes""","""1""",155
NA,"""South Dakota""","""46""","""2017""","""2017""","""No""","""2""",11975
NA,"""South Dakota""","""46""","""2018""","""2018""","""Yes""","""1""",167
NA,"""South Dakota""","""46""","""2018""","""2018""","""No""","""2""",11714
NA,"""South Dakota""","""46""","""2018""","""2018""","""Unknown or Not Stated""","""9""",12
NA,"""South Dakota""","""46""","""2019""","""2019""","""Yes""","""1""",163
NA,"""South Dakota""","""46""","""2019""","""2019""","""No""","""2""",11283
NA,"""South Dakota""","""46""","""2020""","""2020""","""Yes""","""1""",213
NA,"""South Dakota""","""46""","""2020""","""2020""","""No""","""2""",10738
NA,"""South Dakota""","""46""","""2021""","""2021""","""Yes""","""1""",217
NA,"""South Dakota""","""46""","""2021""","""2021""","""No""","""2""",11147
NA,"""Tennessee""","""47""","""2016""","""2016""","""Yes""","""1""",2110
NA,"""Tennessee""","""47""","""2016""","""2016""","""No""","""2""",78693
NA,"""Tennessee""","""47""","""2017""","""2017""","""Yes""","""1""",2546
NA,"""Tennessee""","""47""","""2017""","""2017""","""No""","""2""",78402
NA,"""Tennessee""","""47""","""2017""","""2017""","""Unknown or Not Stated""","""9""",68
NA,"""Tennessee""","""47""","""2018""","""2018""","""Yes""","""1""",2589
NA,"""Tennessee""","""47""","""2018""","""2018""","""No""","""2""",78121
NA,"""Tennessee""","""47""","""2018""","""2018""","""Unknown or Not Stated""","""9""",41
NA,"""Tennessee""","""47""","""2019""","""2019""","""Yes""","""1""",2572
NA,"""Tennessee""","""47""","""2019""","""2019""","""No""","""2""",77874
NA,"""Tennessee""","""47""","""2020""","""2020""","""Yes""","""1""",2564
NA,"""Tennessee""","""47""","""2020""","""2020""","""No""","""2""",76123
NA,"""Tennessee""","""47""","""2021""","""2021""","""Yes""","""1""",3073
NA,"""Tennessee""","""47""","""2021""","""2021""","""No""","""2""",78639
NA,"""Texas""","""48""","""2016""","""2016""","""Yes""","""1""",4952
NA,"""Texas""","""48""","""2016""","""2016""","""No""","""2""",393093
NA,"""Texas""","""48""","""2017""","""2017""","""Yes""","""1""",5284
NA,"""Texas""","""48""","""2017""","""2017""","""No""","""2""",376765
NA,"""Texas""","""48""","""2018""","""2018""","""Yes""","""1""",5743
NA,"""Texas""","""48""","""2018""","""2018""","""No""","""2""",372848
NA,"""Texas""","""48""","""2018""","""2018""","""Unknown or Not Stated""","""9""",33
NA,"""Texas""","""48""","""2019""","""2019""","""Yes""","""1""",5434
NA,"""Texas""","""48""","""2019""","""2019""","""No""","""2""",371765
NA,"""Texas""","""48""","""2019""","""2019""","""Unknown or Not Stated""","""9""",400
NA,"""Texas""","""48""","""2020""","""2020""","""Yes""","""1""",6294
NA,"""Texas""","""48""","""2020""","""2020""","""No""","""2""",361399
NA,"""Texas""","""48""","""2020""","""2020""","""Unknown or Not Stated""","""9""",497
NA,"""Texas""","""48""","""2021""","""2021""","""Yes""","""1""",6567
NA,"""Texas""","""48""","""2021""","""2021""","""No""","""2""",366469
NA,"""Texas""","""48""","""2021""","""2021""","""Unknown or Not Stated""","""9""",558
NA,"""Utah""","""49""","""2016""","""2016""","""Yes""","""1""",601
NA,"""Utah""","""49""","""2016""","""2016""","""No""","""2""",49863
NA,"""Utah""","""49""","""2017""","""2017""","""Yes""","""1""",617
NA,"""Utah""","""49""","""2017""","""2017""","""No""","""2""",47967
NA,"""Utah""","""49""","""2018""","""2018""","""Yes""","""1""",671
NA,"""Utah""","""49""","""2018""","""2018""","""No""","""2""",46537
NA,"""Utah""","""49""","""2019""","""2019""","""Yes""","""1""",715
NA,"""Utah""","""49""","""2019""","""2019""","""No""","""2""",46111
NA,"""Utah""","""49""","""2020""","""2020""","""Yes""","""1""",821
NA,"""Utah""","""49""","""2020""","""2020""","""No""","""2""",44881
NA,"""Utah""","""49""","""2021""","""2021""","""Yes""","""1""",993
NA,"""Utah""","""49""","""2021""","""2021""","""No""","""2""",45719
NA,"""Vermont""","""50""","""2016""","""2016""","""Yes""","""1""",133
NA,"""Vermont""","""50""","""2016""","""2016""","""No""","""2""",5623
NA,"""Vermont""","""50""","""2017""","""2017""","""Yes""","""1""",116
NA,"""Vermont""","""50""","""2017""","""2017""","""No""","""2""",5539
NA,"""Vermont""","""50""","""2018""","""2018""","""Yes""","""1""",178
NA,"""Vermont""","""50""","""2018""","""2018""","""No""","""2""",5252
NA,"""Vermont""","""50""","""2019""","""2019""","""Yes""","""1""",152
NA,"""Vermont""","""50""","""2019""","""2019""","""No""","""2""",5208
NA,"""Vermont""","""50""","""2020""","""2020""","""Yes""","""1""",186
NA,"""Vermont""","""50""","""2020""","""2020""","""No""","""2""",4947
NA,"""Vermont""","""50""","""2021""","""2021""","""Yes""","""1""",207
NA,"""Vermont""","""50""","""2021""","""2021""","""No""","""2""",5177
NA,"""Virginia""","""51""","""2016""","""2016""","""Yes""","""1""",1670
NA,"""Virginia""","""51""","""2016""","""2016""","""No""","""2""",100786
NA,"""Virginia""","""51""","""2017""","""2017""","""Yes""","""1""",1785
NA,"""Virginia""","""51""","""2017""","""2017""","""No""","""2""",98605
NA,"""Virginia""","""51""","""2018""","""2018""","""Yes""","""1""",2049
NA,"""Virginia""","""51""","""2018""","""2018""","""No""","""2""",97793
NA,"""Virginia""","""51""","""2019""","""2019""","""Yes""","""1""",2317
NA,"""Virginia""","""51""","""2019""","""2019""","""No""","""2""",95106
NA,"""Virginia""","""51""","""2020""","""2020""","""Yes""","""1""",2615
NA,"""Virginia""","""51""","""2020""","""2020""","""No""","""2""",92131
NA,"""Virginia""","""51""","""2021""","""2021""","""Yes""","""1""",2622
NA,"""Virginia""","""51""","""2021""","""2021""","""No""","""2""",93199
NA,"""Washington""","""53""","""2016""","""2016""","""Yes""","""1""",1418
NA,"""Washington""","""53""","""2016""","""2016""","""No""","""2""",88654
NA,"""Washington""","""53""","""2016""","""2016""","""Unknown or Not Stated""","""9""",433
NA,"""Washington""","""53""","""2017""","""2017""","""Yes""","""1""",1688
NA,"""Washington""","""53""","""2017""","""2017""","""No""","""2""",85497
NA,"""Washington""","""53""","""2017""","""2017""","""Unknown or Not Stated""","""9""",377
NA,"""Washington""","""53""","""2018""","""2018""","""Yes""","""1""",1744
NA,"""Washington""","""53""","""2018""","""2018""","""No""","""2""",84341
NA,"""Washington""","""53""","""2019""","""2019""","""Yes""","""1""",1825
NA,"""Washington""","""53""","""2019""","""2019""","""No""","""2""",83043
NA,"""Washington""","""53""","""2019""","""2019""","""Unknown or Not Stated""","""9""",27
NA,"""Washington""","""53""","""2020""","""2020""","""Yes""","""1""",1921
NA,"""Washington""","""53""","""2020""","""2020""","""No""","""2""",80587
NA,"""Washington""","""53""","""2020""","""2020""","""Unknown or Not Stated""","""9""",578
NA,"""Washington""","""53""","""2021""","""2021""","""Yes""","""1""",1873
NA,"""Washington""","""53""","""2021""","""2021""","""No""","""2""",81057
NA,"""Washington""","""53""","""2021""","""2021""","""Unknown or Not Stated""","""9""",981
NA,"""West Virginia""","""54""","""2016""","""2016""","""Yes""","""1""",611
NA,"""West Virginia""","""54""","""2016""","""2016""","""No""","""2""",18370
NA,"""West Virginia""","""54""","""2016""","""2016""","""Unknown or Not Stated""","""9""",98
NA,"""West Virginia""","""54""","""2017""","""2017""","""Yes""","""1""",517
NA,"""West Virginia""","""54""","""2017""","""2017""","""No""","""2""",18062
NA,"""West Virginia""","""54""","""2017""","""2017""","""Unknown or Not Stated""","""9""",96
NA,"""West Virginia""","""54""","""2018""","""2018""","""Yes""","""1""",545
NA,"""West Virginia""","""54""","""2018""","""2018""","""No""","""2""",17627
NA,"""West Virginia""","""54""","""2018""","""2018""","""Unknown or Not Stated""","""9""",76
NA,"""West Virginia""","""54""","""2019""","""2019""","""Yes""","""1""",626
NA,"""West Virginia""","""54""","""2019""","""2019""","""No""","""2""",17419
NA,"""West Virginia""","""54""","""2019""","""2019""","""Unknown or Not Stated""","""9""",91
NA,"""West Virginia""","""54""","""2020""","""2020""","""Yes""","""1""",630
NA,"""West Virginia""","""54""","""2020""","""2020""","""No""","""2""",16600
NA,"""West Virginia""","""54""","""2020""","""2020""","""Unknown or Not Stated""","""9""",93
NA,"""West Virginia""","""54""","""2021""","""2021""","""Yes""","""1""",661
NA,"""West Virginia""","""54""","""2021""","""2021""","""No""","""2""",16442
NA,"""West Virginia""","""54""","""2021""","""2021""","""Unknown or Not Stated""","""9""",95
NA,"""Wisconsin""","""55""","""2016""","""2016""","""Yes""","""1""",1346
NA,"""Wisconsin""","""55""","""2016""","""2016""","""No""","""2""",65056
NA,"""Wisconsin""","""55""","""2016""","""2016""","""Unknown or Not Stated""","""9""",213
NA,"""Wisconsin""","""55""","""2017""","""2017""","""Yes""","""1""",1434
NA,"""Wisconsin""","""55""","""2017""","""2017""","""No""","""2""",63367
NA,"""Wisconsin""","""55""","""2017""","""2017""","""Unknown or Not Stated""","""9""",174
NA,"""Wisconsin""","""55""","""2018""","""2018""","""Yes""","""1""",1482
NA,"""Wisconsin""","""55""","""2018""","""2018""","""No""","""2""",62428
NA,"""Wisconsin""","""55""","""2018""","""2018""","""Unknown or Not Stated""","""9""",188
NA,"""Wisconsin""","""55""","""2019""","""2019""","""Yes""","""1""",1625
NA,"""Wisconsin""","""55""","""2019""","""2019""","""No""","""2""",61434
NA,"""Wisconsin""","""55""","""2019""","""2019""","""Unknown or Not Stated""","""9""",211
NA,"""Wisconsin""","""55""","""2020""","""2020""","""Yes""","""1""",1677
NA,"""Wisconsin""","""55""","""2020""","""2020""","""No""","""2""",58851
NA,"""Wisconsin""","""55""","""2020""","""2020""","""Unknown or Not Stated""","""9""",66
NA,"""Wisconsin""","""55""","""2021""","""2021""","""Yes""","""1""",1774
NA,"""Wisconsin""","""55""","""2021""","""2021""","""No""","""2""",59912
NA,"""Wisconsin""","""55""","""2021""","""2021""","""Unknown or Not Stated""","""9""",95
NA,"""Wyoming""","""56""","""2016""","""2016""","""Yes""","""1""",68
NA,"""Wyoming""","""56""","""2016""","""2016""","""No""","""2""",7318
NA,"""Wyoming""","""56""","""2017""","""2017""","""Yes""","""1""",69
NA,"""Wyoming""","""56""","""2017""","""2017""","""No""","""2""",6833
NA,"""Wyoming""","""56""","""2018""","""2018""","""Yes""","""1""",77
NA,"""Wyoming""","""56""","""2018""","""2018""","""No""","""2""",6485
NA,"""Wyoming""","""56""","""2019""","""2019""","""Yes""","""1""",67
NA,"""Wyoming""","""56""","""2019""","""2019""","""No""","""2""",6498
NA,"""Wyoming""","""56""","""2020""","""2020""","""Yes""","""1""",74
NA,"""Wyoming""","""56""","""2020""","""2020""","""No""","""2""",6053
NA,"""Wyoming""","""56""","""2021""","""2021""","""Yes""","""1""",112
NA,"""Wyoming""","""56""","""2021""","""2021""","""No""","""2""",6123
