"""Notes""","""State of Residence""","""State of Residence Code""","""Year""","""Year Code""","""Previous Preterm Birth""","""Previous Preterm Birth Code""","Births"
NA,"""Alabama""","""01""","""2016""","""2016""","""Yes""","""1""",1064
NA,"""Alabama""","""01""","""2016""","""2016""","""No""","""2""",58084
NA,"""Alabama""","""01""","""2017""","""2017""","""Yes""","""1""",1195
NA,"""Alabama""","""01""","""2017""","""2017""","""No""","""2""",57743
NA,"""Alabama""","""01""","""2018""","""2018""","""Yes""","""1""",1430
NA,"""Alabama""","""01""","""2018""","""2018""","""No""","""2""",56327
NA,"""Alabama""","""01""","""2019""","""2019""","""Yes""","""1""",2407
NA,"""Alabama""","""01""","""2019""","""2019""","""No""","""2""",56204
NA,"""Alabama""","""01""","""2020""","""2020""","""Yes""","""1""",2730
NA,"""Alabama""","""01""","""2020""","""2020""","""No""","""2""",54915
NA,"""Alabama""","""01""","""2021""","""2021""","""Yes""","""1""",3138
NA,"""Alabama""","""01""","""2021""","""2021""","""No""","""2""",54916
NA,"""Alaska""","""02""","""2016""","""2016""","""Yes""","""1""",573
NA,"""Alaska""","""02""","""2016""","""2016""","""No""","""2""",10561
NA,"""Alaska""","""02""","""2016""","""2016""","""Unknown or Not Stated""","""9""",75
NA,"""Alaska""","""02""","""2017""","""2017""","""Yes""","""1""",543
NA,"""Alaska""","""02""","""2017""","""2017""","""No""","""2""",9799
NA,"""Alaska""","""02""","""2017""","""2017""","""Unknown or Not Stated""","""9""",103
NA,"""Alaska""","""02""","""2018""","""2018""","""Yes""","""1""",516
NA,"""Alaska""","""02""","""2018""","""2018""","""No""","""2""",9451
NA,"""Alaska""","""02""","""2018""","""2018""","""Unknown or Not Stated""","""9""",119
NA,"""Alaska""","""02""","""2019""","""2019""","""Yes""","""1""",533
NA,"""Alaska""","""02""","""2019""","""2019""","""No""","""2""",9207
NA,"""Alaska""","""02""","""2019""","""2019""","""Unknown or Not Stated""","""9""",82
NA,"""Alaska""","""02""","""2020""","""2020""","""Yes""","""1""",494
NA,"""Alaska""","""02""","""2020""","""2020""","""No""","""2""",8896
NA,"""Alaska""","""02""","""2020""","""2020""","""Unknown or Not Stated""","""9""",79
NA,"""Alaska""","""02""","""2021""","""2021""","""Yes""","""1""",563
NA,"""Alaska""","""02""","""2021""","""2021""","""No""","""2""",8747
NA,"""Alaska""","""02""","""2021""","""2021""","""Unknown or Not Stated""","""9""",57
NA,"""Arizona""","""04""","""2016""","""2016""","""Yes""","""1""",3326
NA,"""Arizona""","""04""","""2016""","""2016""","""No""","""2""",81194
NA,"""Arizona""","""04""","""2017""","""2017""","""Yes""","""1""",3405
NA,"""Arizona""","""04""","""2017""","""2017""","""No""","""2""",78467
NA,"""Arizona""","""04""","""2018""","""2018""","""Yes""","""1""",3429
NA,"""Arizona""","""04""","""2018""","""2018""","""No""","""2""",77294
NA,"""Arizona""","""04""","""2019""","""2019""","""Yes""","""1""",3209
NA,"""Arizona""","""04""","""2019""","""2019""","""No""","""2""",76164
NA,"""Arizona""","""04""","""2020""","""2020""","""Yes""","""1""",3171
NA,"""Arizona""","""04""","""2020""","""2020""","""No""","""2""",73775
NA,"""Arizona""","""04""","""2021""","""2021""","""Yes""","""1""",3418
NA,"""Arizona""","""04""","""2021""","""2021""","""No""","""2""",74498
NA,"""Arkansas""","""05""","""2016""","""2016""","""Yes""","""1""",1184
NA,"""Arkansas""","""05""","""2016""","""2016""","""No""","""2""",37090
NA,"""Arkansas""","""05""","""2017""","""2017""","""Yes""","""1""",1219
NA,"""Arkansas""","""05""","""2017""","""2017""","""No""","""2""",36298
NA,"""Arkansas""","""05""","""2018""","""2018""","""Yes""","""1""",1638
NA,"""Arkansas""","""05""","""2018""","""2018""","""No""","""2""",35377
NA,"""Arkansas""","""05""","""2019""","""2019""","""Yes""","""1""",1956
NA,"""Arkansas""","""05""","""2019""","""2019""","""No""","""2""",34607
NA,"""Arkansas""","""05""","""2020""","""2020""","""Yes""","""1""",1672
NA,"""Arkansas""","""05""","""2020""","""2020""","""No""","""2""",33579
NA,"""Arkansas""","""05""","""2021""","""2021""","""Yes""","""1""",1595
NA,"""Arkansas""","""05""","""2021""","""2021""","""No""","""2""",34369
NA,"""California""","""06""","""2016""","""2016""","""Yes""","""1""",5337
NA,"""California""","""06""","""2016""","""2016""","""No""","""2""",483487
NA,"""California""","""06""","""2017""","""2017""","""Yes""","""1""",5477
NA,"""California""","""06""","""2017""","""2017""","""No""","""2""",466178
NA,"""California""","""06""","""2018""","""2018""","""Yes""","""1""",6249
NA,"""California""","""06""","""2018""","""2018""","""No""","""2""",448662
NA,"""California""","""06""","""2019""","""2019""","""Yes""","""1""",6816
NA,"""California""","""06""","""2019""","""2019""","""No""","""2""",439318
NA,"""California""","""06""","""2019""","""2019""","""Unknown or Not Stated""","""9""",345
NA,"""California""","""06""","""2020""","""2020""","""Yes""","""1""",7168
NA,"""California""","""06""","""2020""","""2020""","""No""","""2""",412872
NA,"""California""","""06""","""2020""","""2020""","""Unknown or Not Stated""","""9""",219
NA,"""California""","""06""","""2021""","""2021""","""Yes""","""1""",7602
NA,"""California""","""06""","""2021""","""2021""","""No""","""2""",412765
NA,"""California""","""06""","""2021""","""2021""","""Unknown or Not Stated""","""9""",241
NA,"""Colorado""","""08""","""2016""","""2016""","""Yes""","""1""",1969
NA,"""Colorado""","""08""","""2016""","""2016""","""No""","""2""",64632
NA,"""Colorado""","""08""","""2016""","""2016""","""Unknown or Not Stated""","""9""",12
NA,"""Colorado""","""08""","""2017""","""2017""","""Yes""","""1""",2010
NA,"""Colorado""","""08""","""2017""","""2017""","""No""","""2""",62363
NA,"""Colorado""","""08""","""2018""","""2018""","""Yes""","""1""",1863
NA,"""Colorado""","""08""","""2018""","""2018""","""No""","""2""",61014
NA,"""Colorado""","""08""","""2019""","""2019""","""Yes""","""1""",1910
NA,"""Colorado""","""08""","""2019""","""2019""","""No""","""2""",60949
NA,"""Colorado""","""08""","""2019""","""2019""","""Unknown or Not Stated""","""9""",10
NA,"""Colorado""","""08""","""2020""","""2020""","""Yes""","""1""",2065
NA,"""Colorado""","""08""","""2020""","""2020""","""No""","""2""",59414
NA,"""Colorado""","""08""","""2020""","""2020""","""Unknown or Not Stated""","""9""",15
NA,"""Colorado""","""08""","""2021""","""2021""","""Yes""","""1""",1949
NA,"""Colorado""","""08""","""2021""","""2021""","""No""","""2""",60991
NA,"""Connecticut""","""09""","""2016""","""2016""","""Yes""","""1""",1128
NA,"""Connecticut""","""09""","""2016""","""2016""","""No""","""2""",34193
NA,"""Connecticut""","""09""","""2016""","""2016""","""Unknown or Not Stated""","""9""",694
NA,"""Connecticut""","""09""","""2017""","""2017""","""Yes""","""1""",1388
NA,"""Connecticut""","""09""","""2017""","""2017""","""No""","""2""",33560
NA,"""Connecticut""","""09""","""2017""","""2017""","""Unknown or Not Stated""","""9""",273
NA,"""Connecticut""","""09""","""2018""","""2018""","""Yes""","""1""",1472
NA,"""Connecticut""","""09""","""2018""","""2018""","""No""","""2""",33142
NA,"""Connecticut""","""09""","""2018""","""2018""","""Unknown or Not Stated""","""9""",111
NA,"""Connecticut""","""09""","""2019""","""2019""","""Yes""","""1""",1470
NA,"""Connecticut""","""09""","""2019""","""2019""","""No""","""2""",32667
NA,"""Connecticut""","""09""","""2019""","""2019""","""Unknown or Not Stated""","""9""",121
NA,"""Connecticut""","""09""","""2020""","""2020""","""Yes""","""1""",1389
NA,"""Connecticut""","""09""","""2020""","""2020""","""No""","""2""",31932
NA,"""Connecticut""","""09""","""2020""","""2020""","""Unknown or Not Stated""","""9""",139
NA,"""Connecticut""","""09""","""2021""","""2021""","""Yes""","""1""",1480
NA,"""Connecticut""","""09""","""2021""","""2021""","""No""","""2""",34165
NA,"""Connecticut""","""09""","""2021""","""2021""","""Unknown or Not Stated""","""9""",25
NA,"""Delaware""","""10""","""2016""","""2016""","""Yes""","""1""",605
NA,"""Delaware""","""10""","""2016""","""2016""","""No""","""2""",10386
NA,"""Delaware""","""10""","""2017""","""2017""","""Yes""","""1""",592
NA,"""Delaware""","""10""","""2017""","""2017""","""No""","""2""",10262
NA,"""Delaware""","""10""","""2018""","""2018""","""Yes""","""1""",571
NA,"""Delaware""","""10""","""2018""","""2018""","""No""","""2""",10046
NA,"""Delaware""","""10""","""2019""","""2019""","""Yes""","""1""",482
NA,"""Delaware""","""10""","""2019""","""2019""","""No""","""2""",10065
NA,"""Delaware""","""10""","""2019""","""2019""","""Unknown or Not Stated""","""9""",15
NA,"""Delaware""","""10""","""2020""","""2020""","""Yes""","""1""",442
NA,"""Delaware""","""10""","""2020""","""2020""","""No""","""2""",9918
NA,"""Delaware""","""10""","""2020""","""2020""","""Unknown or Not Stated""","""9""",32
NA,"""Delaware""","""10""","""2021""","""2021""","""Yes""","""1""",207
NA,"""Delaware""","""10""","""2021""","""2021""","""No""","""2""",10249
NA,"""Delaware""","""10""","""2021""","""2021""","""Unknown or Not Stated""","""9""",26
NA,"""District of Columbia""","""11""","""2016""","""2016""","""Yes""","""1""",297
NA,"""District of Columbia""","""11""","""2016""","""2016""","""No""","""2""",9546
NA,"""District of Columbia""","""11""","""2016""","""2016""","""Unknown or Not Stated""","""9""",15
NA,"""District of Columbia""","""11""","""2017""","""2017""","""Yes""","""1""",326
NA,"""District of Columbia""","""11""","""2017""","""2017""","""No""","""2""",9233
NA,"""District of Columbia""","""11""","""2018""","""2018""","""Yes""","""1""",405
NA,"""District of Columbia""","""11""","""2018""","""2018""","""No""","""2""",8805
NA,"""District of Columbia""","""11""","""2019""","""2019""","""Yes""","""1""",495
NA,"""District of Columbia""","""11""","""2019""","""2019""","""No""","""2""",8580
NA,"""District of Columbia""","""11""","""2020""","""2020""","""Yes""","""1""",386
NA,"""District of Columbia""","""11""","""2020""","""2020""","""No""","""2""",8484
NA,"""District of Columbia""","""11""","""2021""","""2021""","""Yes""","""1""",266
NA,"""District of Columbia""","""11""","""2021""","""2021""","""No""","""2""",8388
NA,"""Florida""","""12""","""2016""","""2016""","""Yes""","""1""",2513
NA,"""Florida""","""12""","""2016""","""2016""","""No""","""2""",222093
NA,"""Florida""","""12""","""2016""","""2016""","""Unknown or Not Stated""","""9""",416
NA,"""Florida""","""12""","""2017""","""2017""","""Yes""","""1""",2785
NA,"""Florida""","""12""","""2017""","""2017""","""No""","""2""",220341
NA,"""Florida""","""12""","""2017""","""2017""","""Unknown or Not Stated""","""9""",504
NA,"""Florida""","""12""","""2018""","""2018""","""Yes""","""1""",4067
NA,"""Florida""","""12""","""2018""","""2018""","""No""","""2""",217003
NA,"""Florida""","""12""","""2018""","""2018""","""Unknown or Not Stated""","""9""",472
NA,"""Florida""","""12""","""2019""","""2019""","""Yes""","""1""",3913
NA,"""Florida""","""12""","""2019""","""2019""","""No""","""2""",215772
NA,"""Florida""","""12""","""2019""","""2019""","""Unknown or Not Stated""","""9""",317
NA,"""Florida""","""12""","""2020""","""2020""","""Yes""","""1""",3870
NA,"""Florida""","""12""","""2020""","""2020""","""No""","""2""",205507
NA,"""Florida""","""12""","""2020""","""2020""","""Unknown or Not Stated""","""9""",294
NA,"""Florida""","""12""","""2021""","""2021""","""Yes""","""1""",4231
NA,"""Florida""","""12""","""2021""","""2021""","""No""","""2""",211350
NA,"""Florida""","""12""","""2021""","""2021""","""Unknown or Not Stated""","""9""",679
NA,"""Georgia""","""13""","""2016""","""2016""","""Yes""","""1""",3112
NA,"""Georgia""","""13""","""2016""","""2016""","""No""","""2""",126582
NA,"""Georgia""","""13""","""2016""","""2016""","""Unknown or Not Stated""","""9""",348
NA,"""Georgia""","""13""","""2017""","""2017""","""Yes""","""1""",3232
NA,"""Georgia""","""13""","""2017""","""2017""","""No""","""2""",125629
NA,"""Georgia""","""13""","""2017""","""2017""","""Unknown or Not Stated""","""9""",382
NA,"""Georgia""","""13""","""2018""","""2018""","""Yes""","""1""",3267
NA,"""Georgia""","""13""","""2018""","""2018""","""No""","""2""",122644
NA,"""Georgia""","""13""","""2018""","""2018""","""Unknown or Not Stated""","""9""",261
NA,"""Georgia""","""13""","""2019""","""2019""","""Yes""","""1""",3363
NA,"""Georgia""","""13""","""2019""","""2019""","""No""","""2""",122807
NA,"""Georgia""","""13""","""2019""","""2019""","""Unknown or Not Stated""","""9""",201
NA,"""Georgia""","""13""","""2020""","""2020""","""Yes""","""1""",3432
NA,"""Georgia""","""13""","""2020""","""2020""","""No""","""2""",118898
NA,"""Georgia""","""13""","""2020""","""2020""","""Unknown or Not Stated""","""9""",143
NA,"""Georgia""","""13""","""2021""","""2021""","""Yes""","""1""",3447
NA,"""Georgia""","""13""","""2021""","""2021""","""No""","""2""",120457
NA,"""Georgia""","""13""","""2021""","""2021""","""Unknown or Not Stated""","""9""",169
NA,"""Hawaii""","""15""","""2016""","""2016""","""Yes""","""1""",657
NA,"""Hawaii""","""15""","""2016""","""2016""","""No""","""2""",17402
NA,"""Hawaii""","""15""","""2017""","""2017""","""Yes""","""1""",671
NA,"""Hawaii""","""15""","""2017""","""2017""","""No""","""2""",16846
NA,"""Hawaii""","""15""","""2018""","""2018""","""Yes""","""1""",664
NA,"""Hawaii""","""15""","""2018""","""2018""","""No""","""2""",16308
NA,"""Hawaii""","""15""","""2019""","""2019""","""Yes""","""1""",686
NA,"""Hawaii""","""15""","""2019""","""2019""","""No""","""2""",16111
NA,"""Hawaii""","""15""","""2020""","""2020""","""Yes""","""1""",562
NA,"""Hawaii""","""15""","""2020""","""2020""","""No""","""2""",15222
NA,"""Hawaii""","""15""","""2021""","""2021""","""Yes""","""1""",557
NA,"""Hawaii""","""15""","""2021""","""2021""","""No""","""2""",15063
NA,"""Idaho""","""16""","""2016""","""2016""","""Yes""","""1""",765
NA,"""Idaho""","""16""","""2016""","""2016""","""No""","""2""",21693
NA,"""Idaho""","""16""","""2016""","""2016""","""Unknown or Not Stated""","""9""",24
NA,"""Idaho""","""16""","""2017""","""2017""","""Yes""","""1""",720
NA,"""Idaho""","""16""","""2017""","""2017""","""No""","""2""",21444
NA,"""Idaho""","""16""","""2017""","""2017""","""Unknown or Not Stated""","""9""",17
NA,"""Idaho""","""16""","""2018""","""2018""","""Yes""","""1""",720
NA,"""Idaho""","""16""","""2018""","""2018""","""No""","""2""",20662
NA,"""Idaho""","""16""","""2018""","""2018""","""Unknown or Not Stated""","""9""",21
NA,"""Idaho""","""16""","""2019""","""2019""","""Yes""","""1""",825
NA,"""Idaho""","""16""","""2019""","""2019""","""No""","""2""",21225
NA,"""Idaho""","""16""","""2019""","""2019""","""Unknown or Not Stated""","""9""",13
NA,"""Idaho""","""16""","""2020""","""2020""","""Yes""","""1""",806
NA,"""Idaho""","""16""","""2020""","""2020""","""No""","""2""",20709
NA,"""Idaho""","""16""","""2020""","""2020""","""Unknown or Not Stated""","""9""",18
NA,"""Idaho""","""16""","""2021""","""2021""","""Yes""","""1""",809
NA,"""Idaho""","""16""","""2021""","""2021""","""No""","""2""",21599
NA,"""Idaho""","""16""","""2021""","""2021""","""Unknown or Not Stated""","""9""",19
NA,"""Illinois""","""17""","""2016""","""2016""","""Yes""","""1""",6960
NA,"""Illinois""","""17""","""2016""","""2016""","""No""","""2""",147259
NA,"""Illinois""","""17""","""2016""","""2016""","""Unknown or Not Stated""","""9""",226
NA,"""Illinois""","""17""","""2017""","""2017""","""Yes""","""1""",6804
NA,"""Illinois""","""17""","""2017""","""2017""","""No""","""2""",142221
NA,"""Illinois""","""17""","""2017""","""2017""","""Unknown or Not Stated""","""9""",365
NA,"""Illinois""","""17""","""2018""","""2018""","""Yes""","""1""",7148
NA,"""Illinois""","""17""","""2018""","""2018""","""No""","""2""",137414
NA,"""Illinois""","""17""","""2018""","""2018""","""Unknown or Not Stated""","""9""",253
NA,"""Illinois""","""17""","""2019""","""2019""","""Yes""","""1""",6751
NA,"""Illinois""","""17""","""2019""","""2019""","""No""","""2""",133255
NA,"""Illinois""","""17""","""2019""","""2019""","""Unknown or Not Stated""","""9""",122
NA,"""Illinois""","""17""","""2020""","""2020""","""Yes""","""1""",6507
NA,"""Illinois""","""17""","""2020""","""2020""","""No""","""2""",126623
NA,"""Illinois""","""17""","""2020""","""2020""","""Unknown or Not Stated""","""9""",168
NA,"""Illinois""","""17""","""2021""","""2021""","""Yes""","""1""",6845
NA,"""Illinois""","""17""","""2021""","""2021""","""No""","""2""",125221
NA,"""Illinois""","""17""","""2021""","""2021""","""Unknown or Not Stated""","""9""",123
NA,"""Indiana""","""18""","""2016""","""2016""","""Yes""","""1""",2864
NA,"""Indiana""","""18""","""2016""","""2016""","""No""","""2""",80223
NA,"""Indiana""","""18""","""2017""","""2017""","""Yes""","""1""",3017
NA,"""Indiana""","""18""","""2017""","""2017""","""No""","""2""",79143
NA,"""Indiana""","""18""","""2017""","""2017""","""Unknown or Not Stated""","""9""",10
NA,"""Indiana""","""18""","""2018""","""2018""","""Yes""","""1""",3230
NA,"""Indiana""","""18""","""2018""","""2018""","""No""","""2""",78407
NA,"""Indiana""","""18""","""2019""","""2019""","""Yes""","""1""",3230
NA,"""Indiana""","""18""","""2019""","""2019""","""No""","""2""",77625
NA,"""Indiana""","""18""","""2020""","""2020""","""Yes""","""1""",3339
NA,"""Indiana""","""18""","""2020""","""2020""","""No""","""2""",75230
NA,"""Indiana""","""18""","""2020""","""2020""","""Unknown or Not Stated""","""9""",47
NA,"""Indiana""","""18""","""2021""","""2021""","""Yes""","""1""",3250
NA,"""Indiana""","""18""","""2021""","""2021""","""No""","""2""",76235
NA,"""Indiana""","""18""","""2021""","""2021""","""Unknown or Not Stated""","""9""",461
NA,"""Iowa""","""19""","""2016""","""2016""","""Yes""","""1""",1482
NA,"""Iowa""","""19""","""2016""","""2016""","""No""","""2""",37920
NA,"""Iowa""","""19""","""2017""","""2017""","""Yes""","""1""",1479
NA,"""Iowa""","""19""","""2017""","""2017""","""No""","""2""",36949
NA,"""Iowa""","""19""","""2018""","""2018""","""Yes""","""1""",1564
NA,"""Iowa""","""19""","""2018""","""2018""","""No""","""2""",36221
NA,"""Iowa""","""19""","""2019""","""2019""","""Yes""","""1""",1513
NA,"""Iowa""","""19""","""2019""","""2019""","""No""","""2""",36134
NA,"""Iowa""","""19""","""2020""","""2020""","""Yes""","""1""",1385
NA,"""Iowa""","""19""","""2020""","""2020""","""No""","""2""",34728
NA,"""Iowa""","""19""","""2021""","""2021""","""Yes""","""1""",1484
NA,"""Iowa""","""19""","""2021""","""2021""","""No""","""2""",35343
NA,"""Kansas""","""20""","""2016""","""2016""","""Yes""","""1""",1091
NA,"""Kansas""","""20""","""2016""","""2016""","""No""","""2""",36962
NA,"""Kansas""","""20""","""2017""","""2017""","""Yes""","""1""",953
NA,"""Kansas""","""20""","""2017""","""2017""","""No""","""2""",35566
NA,"""Kansas""","""20""","""2018""","""2018""","""Yes""","""1""",898
NA,"""Kansas""","""20""","""2018""","""2018""","""No""","""2""",35363
NA,"""Kansas""","""20""","""2019""","""2019""","""Yes""","""1""",1088
NA,"""Kansas""","""20""","""2019""","""2019""","""No""","""2""",34307
NA,"""Kansas""","""20""","""2020""","""2020""","""Yes""","""1""",1005
NA,"""Kansas""","""20""","""2020""","""2020""","""No""","""2""",33370
NA,"""Kansas""","""20""","""2021""","""2021""","""Yes""","""1""",1006
NA,"""Kansas""","""20""","""2021""","""2021""","""No""","""2""",33697
NA,"""Kentucky""","""21""","""2016""","""2016""","""Yes""","""1""",2171
NA,"""Kentucky""","""21""","""2016""","""2016""","""No""","""2""",52997
NA,"""Kentucky""","""21""","""2016""","""2016""","""Unknown or Not Stated""","""9""",281
NA,"""Kentucky""","""21""","""2017""","""2017""","""Yes""","""1""",2265
NA,"""Kentucky""","""21""","""2017""","""2017""","""No""","""2""",52295
NA,"""Kentucky""","""21""","""2017""","""2017""","""Unknown or Not Stated""","""9""",192
NA,"""Kentucky""","""21""","""2018""","""2018""","""Yes""","""1""",2294
NA,"""Kentucky""","""21""","""2018""","""2018""","""No""","""2""",51488
NA,"""Kentucky""","""21""","""2018""","""2018""","""Unknown or Not Stated""","""9""",140
NA,"""Kentucky""","""21""","""2019""","""2019""","""Yes""","""1""",2224
NA,"""Kentucky""","""21""","""2019""","""2019""","""No""","""2""",50699
NA,"""Kentucky""","""21""","""2019""","""2019""","""Unknown or Not Stated""","""9""",146
NA,"""Kentucky""","""21""","""2020""","""2020""","""Yes""","""1""",2428
NA,"""Kentucky""","""21""","""2020""","""2020""","""No""","""2""",48697
NA,"""Kentucky""","""21""","""2020""","""2020""","""Unknown or Not Stated""","""9""",543
NA,"""Kentucky""","""21""","""2021""","""2021""","""Yes""","""1""",2665
NA,"""Kentucky""","""21""","""2021""","""2021""","""No""","""2""",49310
NA,"""Kentucky""","""21""","""2021""","""2021""","""Unknown or Not Stated""","""9""",239
NA,"""Louisiana""","""22""","""2016""","""2016""","""Yes""","""1""",1910
NA,"""Louisiana""","""22""","""2016""","""2016""","""No""","""2""",61268
NA,"""Louisiana""","""22""","""2017""","""2017""","""Yes""","""1""",1940
NA,"""Louisiana""","""22""","""2017""","""2017""","""No""","""2""",59078
NA,"""Louisiana""","""22""","""2018""","""2018""","""Yes""","""1""",2016
NA,"""Louisiana""","""22""","""2018""","""2018""","""No""","""2""",57599
NA,"""Louisiana""","""22""","""2019""","""2019""","""Yes""","""1""",1986
NA,"""Louisiana""","""22""","""2019""","""2019""","""No""","""2""",56954
NA,"""Louisiana""","""22""","""2020""","""2020""","""Yes""","""1""",2237
NA,"""Louisiana""","""22""","""2020""","""2020""","""No""","""2""",55090
NA,"""Louisiana""","""22""","""2021""","""2021""","""Yes""","""1""",2276
NA,"""Louisiana""","""22""","""2021""","""2021""","""No""","""2""",55159
NA,"""Maine""","""23""","""2016""","""2016""","""Yes""","""1""",348
NA,"""Maine""","""23""","""2016""","""2016""","""No""","""2""",12342
NA,"""Maine""","""23""","""2016""","""2016""","""Unknown or Not Stated""","""9""",15
NA,"""Maine""","""23""","""2017""","""2017""","""Yes""","""1""",337
NA,"""Maine""","""23""","""2017""","""2017""","""No""","""2""",11959
NA,"""Maine""","""23""","""2018""","""2018""","""Yes""","""1""",431
NA,"""Maine""","""23""","""2018""","""2018""","""No""","""2""",11879
NA,"""Maine""","""23""","""2019""","""2019""","""Yes""","""1""",415
NA,"""Maine""","""23""","""2019""","""2019""","""No""","""2""",11362
NA,"""Maine""","""23""","""2020""","""2020""","""Yes""","""1""",382
NA,"""Maine""","""23""","""2020""","""2020""","""No""","""2""",11157
NA,"""Maine""","""23""","""2021""","""2021""","""Yes""","""1""",476
NA,"""Maine""","""23""","""2021""","""2021""","""No""","""2""",11530
NA,"""Maryland""","""24""","""2016""","""2016""","""Yes""","""1""",2649
NA,"""Maryland""","""24""","""2016""","""2016""","""No""","""2""",70476
NA,"""Maryland""","""24""","""2016""","""2016""","""Unknown or Not Stated""","""9""",11
NA,"""Maryland""","""24""","""2017""","""2017""","""Yes""","""1""",2944
NA,"""Maryland""","""24""","""2017""","""2017""","""No""","""2""",68628
NA,"""Maryland""","""24""","""2017""","""2017""","""Unknown or Not Stated""","""9""",69
NA,"""Maryland""","""24""","""2018""","""2018""","""Yes""","""1""",3044
NA,"""Maryland""","""24""","""2018""","""2018""","""No""","""2""",67994
NA,"""Maryland""","""24""","""2018""","""2018""","""Unknown or Not Stated""","""9""",42
NA,"""Maryland""","""24""","""2019""","""2019""","""Yes""","""1""",3030
NA,"""Maryland""","""24""","""2019""","""2019""","""No""","""2""",67108
NA,"""Maryland""","""24""","""2019""","""2019""","""Unknown or Not Stated""","""9""",40
NA,"""Maryland""","""24""","""2020""","""2020""","""Yes""","""1""",3078
NA,"""Maryland""","""24""","""2020""","""2020""","""No""","""2""",65437
NA,"""Maryland""","""24""","""2020""","""2020""","""Unknown or Not Stated""","""9""",39
NA,"""Maryland""","""24""","""2021""","""2021""","""Yes""","""1""",3202
NA,"""Maryland""","""24""","""2021""","""2021""","""No""","""2""",65041
NA,"""Maryland""","""24""","""2021""","""2021""","""Unknown or Not Stated""","""9""",42
NA,"""Massachusetts""","""25""","""2016""","""2016""","""Yes""","""1""",1174
NA,"""Massachusetts""","""25""","""2016""","""2016""","""No""","""2""",70047
NA,"""Massachusetts""","""25""","""2016""","""2016""","""Unknown or Not Stated""","""9""",96
NA,"""Massachusetts""","""25""","""2017""","""2017""","""Yes""","""1""",1669
NA,"""Massachusetts""","""25""","""2017""","""2017""","""No""","""2""",68962
NA,"""Massachusetts""","""25""","""2017""","""2017""","""Unknown or Not Stated""","""9""",71
NA,"""Massachusetts""","""25""","""2018""","""2018""","""Yes""","""1""",1755
NA,"""Massachusetts""","""25""","""2018""","""2018""","""No""","""2""",67278
NA,"""Massachusetts""","""25""","""2018""","""2018""","""Unknown or Not Stated""","""9""",76
NA,"""Massachusetts""","""25""","""2019""","""2019""","""Yes""","""1""",1819
NA,"""Massachusetts""","""25""","""2019""","""2019""","""No""","""2""",67161
NA,"""Massachusetts""","""25""","""2019""","""2019""","""Unknown or Not Stated""","""9""",137
NA,"""Massachusetts""","""25""","""2020""","""2020""","""Yes""","""1""",1964
NA,"""Massachusetts""","""25""","""2020""","""2020""","""No""","""2""",64231
NA,"""Massachusetts""","""25""","""2020""","""2020""","""Unknown or Not Stated""","""9""",233
NA,"""Massachusetts""","""25""","""2021""","""2021""","""Yes""","""1""",2004
NA,"""Massachusetts""","""25""","""2021""","""2021""","""No""","""2""",66921
NA,"""Massachusetts""","""25""","""2021""","""2021""","""Unknown or Not Stated""","""9""",212
NA,"""Michigan""","""26""","""2016""","""2016""","""Yes""","""1""",3308
NA,"""Michigan""","""26""","""2016""","""2016""","""No""","""2""",109739
NA,"""Michigan""","""26""","""2016""","""2016""","""Unknown or Not Stated""","""9""",268
NA,"""Michigan""","""26""","""2017""","""2017""","""Yes""","""1""",3420
NA,"""Michigan""","""26""","""2017""","""2017""","""No""","""2""",107694
NA,"""Michigan""","""26""","""2017""","""2017""","""Unknown or Not Stated""","""9""",312
NA,"""Michigan""","""26""","""2018""","""2018""","""Yes""","""1""",3656
NA,"""Michigan""","""26""","""2018""","""2018""","""No""","""2""",106107
NA,"""Michigan""","""26""","""2018""","""2018""","""Unknown or Not Stated""","""9""",269
NA,"""Michigan""","""26""","""2019""","""2019""","""Yes""","""1""",3919
NA,"""Michigan""","""26""","""2019""","""2019""","""No""","""2""",103728
NA,"""Michigan""","""26""","""2019""","""2019""","""Unknown or Not Stated""","""9""",239
NA,"""Michigan""","""26""","""2020""","""2020""","""Yes""","""1""",3904
NA,"""Michigan""","""26""","""2020""","""2020""","""No""","""2""",99988
NA,"""Michigan""","""26""","""2020""","""2020""","""Unknown or Not Stated""","""9""",182
NA,"""Michigan""","""26""","""2021""","""2021""","""Yes""","""1""",4367
NA,"""Michigan""","""26""","""2021""","""2021""","""No""","""2""",100468
NA,"""Michigan""","""26""","""2021""","""2021""","""Unknown or Not Stated""","""9""",145
NA,"""Minnesota""","""27""","""2016""","""2016""","""Yes""","""1""",2989
NA,"""Minnesota""","""27""","""2016""","""2016""","""No""","""2""",66696
NA,"""Minnesota""","""27""","""2016""","""2016""","""Unknown or Not Stated""","""9""",64
NA,"""Minnesota""","""27""","""2017""","""2017""","""Yes""","""1""",3039
NA,"""Minnesota""","""27""","""2017""","""2017""","""No""","""2""",65453
NA,"""Minnesota""","""27""","""2017""","""2017""","""Unknown or Not Stated""","""9""",103
NA,"""Minnesota""","""27""","""2018""","""2018""","""Yes""","""1""",3030
NA,"""Minnesota""","""27""","""2018""","""2018""","""No""","""2""",64271
NA,"""Minnesota""","""27""","""2018""","""2018""","""Unknown or Not Stated""","""9""",43
NA,"""Minnesota""","""27""","""2019""","""2019""","""Yes""","""1""",3105
NA,"""Minnesota""","""27""","""2019""","""2019""","""No""","""2""",62843
NA,"""Minnesota""","""27""","""2019""","""2019""","""Unknown or Not Stated""","""9""",79
NA,"""Minnesota""","""27""","""2020""","""2020""","""Yes""","""1""",2891
NA,"""Minnesota""","""27""","""2020""","""2020""","""No""","""2""",60498
NA,"""Minnesota""","""27""","""2020""","""2020""","""Unknown or Not Stated""","""9""",54
NA,"""Minnesota""","""27""","""2021""","""2021""","""Yes""","""1""",3009
NA,"""Minnesota""","""27""","""2021""","""2021""","""No""","""2""",61371
NA,"""Minnesota""","""27""","""2021""","""2021""","""Unknown or Not Stated""","""9""",45
NA,"""Mississippi""","""28""","""2016""","""2016""","""Yes""","""1""",1473
NA,"""Mississippi""","""28""","""2016""","""2016""","""No""","""2""",36444
NA,"""Mississippi""","""28""","""2016""","""2016""","""Unknown or Not Stated""","""9""",11
NA,"""Mississippi""","""28""","""2017""","""2017""","""Yes""","""1""",1428
NA,"""Mississippi""","""28""","""2017""","""2017""","""No""","""2""",35919
NA,"""Mississippi""","""28""","""2017""","""2017""","""Unknown or Not Stated""","""9""",10
NA,"""Mississippi""","""28""","""2018""","""2018""","""Yes""","""1""",1320
NA,"""Mississippi""","""28""","""2018""","""2018""","""No""","""2""",35663
NA,"""Mississippi""","""28""","""2018""","""2018""","""Unknown or Not Stated""","""9""",17
NA,"""Mississippi""","""28""","""2019""","""2019""","""Yes""","""1""",1398
NA,"""Mississippi""","""28""","""2019""","""2019""","""No""","""2""",35227
NA,"""Mississippi""","""28""","""2019""","""2019""","""Unknown or Not Stated""","""9""",11
NA,"""Mississippi""","""28""","""2020""","""2020""","""Yes""","""1""",1572
NA,"""Mississippi""","""28""","""2020""","""2020""","""No""","""2""",33896
NA,"""Mississippi""","""28""","""2021""","""2021""","""Yes""","""1""",1549
NA,"""Mississippi""","""28""","""2021""","""2021""","""No""","""2""",33598
NA,"""Missouri""","""29""","""2016""","""2016""","""Yes""","""1""",2773
NA,"""Missouri""","""29""","""2016""","""2016""","""No""","""2""",71931
NA,"""Missouri""","""29""","""2017""","""2017""","""Yes""","""1""",2906
NA,"""Missouri""","""29""","""2017""","""2017""","""No""","""2""",70128
NA,"""Missouri""","""29""","""2018""","""2018""","""Yes""","""1""",3166
NA,"""Missouri""","""29""","""2018""","""2018""","""No""","""2""",70103
NA,"""Missouri""","""29""","""2019""","""2019""","""Yes""","""1""",3442
NA,"""Missouri""","""29""","""2019""","""2019""","""No""","""2""",68682
NA,"""Missouri""","""29""","""2020""","""2020""","""Yes""","""1""",3332
NA,"""Missouri""","""29""","""2020""","""2020""","""No""","""2""",65951
NA,"""Missouri""","""29""","""2021""","""2021""","""Yes""","""1""",3408
NA,"""Missouri""","""29""","""2021""","""2021""","""No""","""2""",66043
NA,"""Montana""","""30""","""2016""","""2016""","""Yes""","""1""",399
NA,"""Montana""","""30""","""2016""","""2016""","""No""","""2""",11871
NA,"""Montana""","""30""","""2016""","""2016""","""Unknown or Not Stated""","""9""",12
NA,"""Montana""","""30""","""2017""","""2017""","""Yes""","""1""",365
NA,"""Montana""","""30""","""2017""","""2017""","""No""","""2""",11427
NA,"""Montana""","""30""","""2018""","""2018""","""Yes""","""1""",396
NA,"""Montana""","""30""","""2018""","""2018""","""No""","""2""",11111
NA,"""Montana""","""30""","""2019""","""2019""","""Yes""","""1""",481
NA,"""Montana""","""30""","""2019""","""2019""","""No""","""2""",10596
NA,"""Montana""","""30""","""2020""","""2020""","""Yes""","""1""",432
NA,"""Montana""","""30""","""2020""","""2020""","""No""","""2""",10358
NA,"""Montana""","""30""","""2021""","""2021""","""Yes""","""1""",482
NA,"""Montana""","""30""","""2021""","""2021""","""No""","""2""",10749
NA,"""Nebraska""","""31""","""2016""","""2016""","""Yes""","""1""",1376
NA,"""Nebraska""","""31""","""2016""","""2016""","""No""","""2""",25176
NA,"""Nebraska""","""31""","""2016""","""2016""","""Unknown or Not Stated""","""9""",37
NA,"""Nebraska""","""31""","""2017""","""2017""","""Yes""","""1""",1319
NA,"""Nebraska""","""31""","""2017""","""2017""","""No""","""2""",24476
NA,"""Nebraska""","""31""","""2017""","""2017""","""Unknown or Not Stated""","""9""",26
NA,"""Nebraska""","""31""","""2018""","""2018""","""Yes""","""1""",1337
NA,"""Nebraska""","""31""","""2018""","""2018""","""No""","""2""",24124
NA,"""Nebraska""","""31""","""2018""","""2018""","""Unknown or Not Stated""","""9""",27
NA,"""Nebraska""","""31""","""2019""","""2019""","""Yes""","""1""",1333
NA,"""Nebraska""","""31""","""2019""","""2019""","""No""","""2""",23392
NA,"""Nebraska""","""31""","""2019""","""2019""","""Unknown or Not Stated""","""9""",30
NA,"""Nebraska""","""31""","""2020""","""2020""","""Yes""","""1""",1149
NA,"""Nebraska""","""31""","""2020""","""2020""","""No""","""2""",23090
NA,"""Nebraska""","""31""","""2020""","""2020""","""Unknown or Not Stated""","""9""",52
NA,"""Nebraska""","""31""","""2021""","""2021""","""Yes""","""1""",1141
NA,"""Nebraska""","""31""","""2021""","""2021""","""No""","""2""",23431
NA,"""Nebraska""","""31""","""2021""","""2021""","""Unknown or Not Stated""","""9""",37
NA,"""Nevada""","""32""","""2016""","""2016""","""Yes""","""1""",1366
NA,"""Nevada""","""32""","""2016""","""2016""","""No""","""2""",34894
NA,"""Nevada""","""32""","""2017""","""2017""","""Yes""","""1""",1196
NA,"""Nevada""","""32""","""2017""","""2017""","""No""","""2""",34560
NA,"""Nevada""","""32""","""2018""","""2018""","""Yes""","""1""",1443
NA,"""Nevada""","""32""","""2018""","""2018""","""No""","""2""",34237
NA,"""Nevada""","""32""","""2019""","""2019""","""Yes""","""1""",1389
NA,"""Nevada""","""32""","""2019""","""2019""","""No""","""2""",33682
NA,"""Nevada""","""32""","""2020""","""2020""","""Yes""","""1""",1436
NA,"""Nevada""","""32""","""2020""","""2020""","""No""","""2""",32217
NA,"""Nevada""","""32""","""2021""","""2021""","""Yes""","""1""",1457
NA,"""Nevada""","""32""","""2021""","""2021""","""No""","""2""",32229
NA,"""New Hampshire""","""33""","""2016""","""2016""","""Yes""","""1""",333
NA,"""New Hampshire""","""33""","""2016""","""2016""","""No""","""2""",11827
NA,"""New Hampshire""","""33""","""2016""","""2016""","""Unknown or Not Stated""","""9""",107
NA,"""New Hampshire""","""33""","""2017""","""2017""","""Yes""","""1""",350
NA,"""New Hampshire""","""33""","""2017""","""2017""","""No""","""2""",11719
NA,"""New Hampshire""","""33""","""2017""","""2017""","""Unknown or Not Stated""","""9""",47
NA,"""New Hampshire""","""33""","""2018""","""2018""","""Yes""","""1""",355
NA,"""New Hampshire""","""33""","""2018""","""2018""","""No""","""2""",11593
NA,"""New Hampshire""","""33""","""2018""","""2018""","""Unknown or Not Stated""","""9""",47
NA,"""New Hampshire""","""33""","""2019""","""2019""","""Yes""","""1""",400
NA,"""New Hampshire""","""33""","""2019""","""2019""","""No""","""2""",11395
NA,"""New Hampshire""","""33""","""2019""","""2019""","""Unknown or Not Stated""","""9""",44
NA,"""New Hampshire""","""33""","""2020""","""2020""","""Yes""","""1""",324
NA,"""New Hampshire""","""33""","""2020""","""2020""","""No""","""2""",11431
NA,"""New Hampshire""","""33""","""2020""","""2020""","""Unknown or Not Stated""","""9""",36
NA,"""New Hampshire""","""33""","""2021""","""2021""","""Yes""","""1""",362
NA,"""New Hampshire""","""33""","""2021""","""2021""","""No""","""2""",12226
NA,"""New Hampshire""","""33""","""2021""","""2021""","""Unknown or Not Stated""","""9""",37
NA,"""New Jersey""","""34""","""2016""","""2016""","""Yes""","""1""",3020
NA,"""New Jersey""","""34""","""2016""","""2016""","""No""","""2""",99620
NA,"""New Jersey""","""34""","""2017""","""2017""","""Yes""","""1""",2923
NA,"""New Jersey""","""34""","""2017""","""2017""","""No""","""2""",98320
NA,"""New Jersey""","""34""","""2018""","""2018""","""Yes""","""1""",2916
NA,"""New Jersey""","""34""","""2018""","""2018""","""No""","""2""",98300
NA,"""New Jersey""","""34""","""2019""","""2019""","""Yes""","""1""",2920
NA,"""New Jersey""","""34""","""2019""","""2019""","""No""","""2""",96659
NA,"""New Jersey""","""34""","""2020""","""2020""","""Yes""","""1""",2767
NA,"""New Jersey""","""34""","""2020""","""2020""","""No""","""2""",95179
NA,"""New Jersey""","""34""","""2021""","""2021""","""Yes""","""1""",3811
NA,"""New Jersey""","""34""","""2021""","""2021""","""No""","""2""",97677
NA,"""New Mexico""","""35""","""2016""","""2016""","""Yes""","""1""",1372
NA,"""New Mexico""","""35""","""2016""","""2016""","""No""","""2""",23320
NA,"""New Mexico""","""35""","""2017""","""2017""","""Yes""","""1""",1389
NA,"""New Mexico""","""35""","""2017""","""2017""","""No""","""2""",22378
NA,"""New Mexico""","""35""","""2018""","""2018""","""Yes""","""1""",1489
NA,"""New Mexico""","""35""","""2018""","""2018""","""No""","""2""",21550
NA,"""New Mexico""","""35""","""2019""","""2019""","""Yes""","""1""",1441
NA,"""New Mexico""","""35""","""2019""","""2019""","""No""","""2""",21514
NA,"""New Mexico""","""35""","""2020""","""2020""","""Yes""","""1""",1131
NA,"""New Mexico""","""35""","""2020""","""2020""","""No""","""2""",20770
NA,"""New Mexico""","""35""","""2021""","""2021""","""Yes""","""1""",1241
NA,"""New Mexico""","""35""","""2021""","""2021""","""No""","""2""",20148
NA,"""New York""","""36""","""2016""","""2016""","""Yes""","""1""",8734
NA,"""New York""","""36""","""2016""","""2016""","""No""","""2""",225331
NA,"""New York""","""36""","""2016""","""2016""","""Unknown or Not Stated""","""9""",218
NA,"""New York""","""36""","""2017""","""2017""","""Yes""","""1""",8917
NA,"""New York""","""36""","""2017""","""2017""","""No""","""2""",220414
NA,"""New York""","""36""","""2017""","""2017""","""Unknown or Not Stated""","""9""",406
NA,"""New York""","""36""","""2018""","""2018""","""Yes""","""1""",9135
NA,"""New York""","""36""","""2018""","""2018""","""No""","""2""",216609
NA,"""New York""","""36""","""2018""","""2018""","""Unknown or Not Stated""","""9""",494
NA,"""New York""","""36""","""2019""","""2019""","""Yes""","""1""",9253
NA,"""New York""","""36""","""2019""","""2019""","""No""","""2""",211802
NA,"""New York""","""36""","""2019""","""2019""","""Unknown or Not Stated""","""9""",484
NA,"""New York""","""36""","""2020""","""2020""","""Yes""","""1""",8439
NA,"""New York""","""36""","""2020""","""2020""","""No""","""2""",200501
NA,"""New York""","""36""","""2020""","""2020""","""Unknown or Not Stated""","""9""",398
NA,"""New York""","""36""","""2021""","""2021""","""Yes""","""1""",8250
NA,"""New York""","""36""","""2021""","""2021""","""No""","""2""",202041
NA,"""New York""","""36""","""2021""","""2021""","""Unknown or Not Stated""","""9""",451
NA,"""North Carolina""","""37""","""2016""","""2016""","""Yes""","""1""",4774
NA,"""North Carolina""","""37""","""2016""","""2016""","""No""","""2""",115989
NA,"""North Carolina""","""37""","""2016""","""2016""","""Unknown or Not Stated""","""9""",16
NA,"""North Carolina""","""37""","""2017""","""2017""","""Yes""","""1""",5369
NA,"""North Carolina""","""37""","""2017""","""2017""","""No""","""2""",114746
NA,"""North Carolina""","""37""","""2017""","""2017""","""Unknown or Not Stated""","""9""",10
NA,"""North Carolina""","""37""","""2018""","""2018""","""Yes""","""1""",5629
NA,"""North Carolina""","""37""","""2018""","""2018""","""No""","""2""",113305
NA,"""North Carolina""","""37""","""2018""","""2018""","""Unknown or Not Stated""","""9""",20
NA,"""North Carolina""","""37""","""2019""","""2019""","""Yes""","""1""",5935
NA,"""North Carolina""","""37""","""2019""","""2019""","""No""","""2""",112784
NA,"""North Carolina""","""37""","""2020""","""2020""","""Yes""","""1""",6202
NA,"""North Carolina""","""37""","""2020""","""2020""","""No""","""2""",110519
NA,"""North Carolina""","""37""","""2021""","""2021""","""Yes""","""1""",6498
NA,"""North Carolina""","""37""","""2021""","""2021""","""No""","""2""",113945
NA,"""North Carolina""","""37""","""2021""","""2021""","""Unknown or Not Stated""","""9""",23
NA,"""North Dakota""","""38""","""2016""","""2016""","""Yes""","""1""",479
NA,"""North Dakota""","""38""","""2016""","""2016""","""No""","""2""",10904
NA,"""North Dakota""","""38""","""2017""","""2017""","""Yes""","""1""",424
NA,"""North Dakota""","""38""","""2017""","""2017""","""No""","""2""",10312
NA,"""North Dakota""","""38""","""2018""","""2018""","""Yes""","""1""",467
NA,"""North Dakota""","""38""","""2018""","""2018""","""No""","""2""",10167
NA,"""North Dakota""","""38""","""2019""","""2019""","""Yes""","""1""",501
NA,"""North Dakota""","""38""","""2019""","""2019""","""No""","""2""",9953
NA,"""North Dakota""","""38""","""2020""","""2020""","""Yes""","""1""",484
NA,"""North Dakota""","""38""","""2020""","""2020""","""No""","""2""",9575
NA,"""North Dakota""","""38""","""2021""","""2021""","""Yes""","""1""",472
NA,"""North Dakota""","""38""","""2021""","""2021""","""No""","""2""",9640
NA,"""Ohio""","""39""","""2016""","""2016""","""Yes""","""1""",7940
NA,"""Ohio""","""39""","""2016""","""2016""","""No""","""2""",130118
NA,"""Ohio""","""39""","""2016""","""2016""","""Unknown or Not Stated""","""9""",27
NA,"""Ohio""","""39""","""2017""","""2017""","""Yes""","""1""",7976
NA,"""Ohio""","""39""","""2017""","""2017""","""No""","""2""",128842
NA,"""Ohio""","""39""","""2017""","""2017""","""Unknown or Not Stated""","""9""",14
NA,"""Ohio""","""39""","""2018""","""2018""","""Yes""","""1""",8463
NA,"""Ohio""","""39""","""2018""","""2018""","""No""","""2""",126659
NA,"""Ohio""","""39""","""2018""","""2018""","""Unknown or Not Stated""","""9""",12
NA,"""Ohio""","""39""","""2019""","""2019""","""Yes""","""1""",8435
NA,"""Ohio""","""39""","""2019""","""2019""","""No""","""2""",126018
NA,"""Ohio""","""39""","""2020""","""2020""","""Yes""","""1""",7929
NA,"""Ohio""","""39""","""2020""","""2020""","""No""","""2""",121246
NA,"""Ohio""","""39""","""2020""","""2020""","""Unknown or Not Stated""","""9""",16
NA,"""Ohio""","""39""","""2021""","""2021""","""Yes""","""1""",7682
NA,"""Ohio""","""39""","""2021""","""2021""","""No""","""2""",122090
NA,"""Ohio""","""39""","""2021""","""2021""","""Unknown or Not Stated""","""9""",19
NA,"""Oklahoma""","""40""","""2016""","""2016""","""Yes""","""1""",1623
NA,"""Oklahoma""","""40""","""2016""","""2016""","""No""","""2""",50968
NA,"""Oklahoma""","""40""","""2017""","""2017""","""Yes""","""1""",1734
NA,"""Oklahoma""","""40""","""2017""","""2017""","""No""","""2""",48479
NA,"""Oklahoma""","""40""","""2018""","""2018""","""Yes""","""1""",2111
NA,"""Oklahoma""","""40""","""2018""","""2018""","""No""","""2""",47689
NA,"""Oklahoma""","""40""","""2019""","""2019""","""Yes""","""1""",2216
NA,"""Oklahoma""","""40""","""2019""","""2019""","""No""","""2""",46925
NA,"""Oklahoma""","""40""","""2020""","""2020""","""Yes""","""1""",2173
NA,"""Oklahoma""","""40""","""2020""","""2020""","""No""","""2""",45450
NA,"""Oklahoma""","""40""","""2021""","""2021""","""Yes""","""1""",2120
NA,"""Oklahoma""","""40""","""2021""","""2021""","""No""","""2""",46284
NA,"""Oregon""","""41""","""2016""","""2016""","""Yes""","""1""",1748
NA,"""Oregon""","""41""","""2016""","""2016""","""No""","""2""",43785
NA,"""Oregon""","""41""","""2017""","""2017""","""Yes""","""1""",1569
NA,"""Oregon""","""41""","""2017""","""2017""","""No""","""2""",42062
NA,"""Oregon""","""41""","""2018""","""2018""","""Yes""","""1""",1569
NA,"""Oregon""","""41""","""2018""","""2018""","""No""","""2""",40619
NA,"""Oregon""","""41""","""2019""","""2019""","""Yes""","""1""",1487
NA,"""Oregon""","""41""","""2019""","""2019""","""No""","""2""",40369
NA,"""Oregon""","""41""","""2020""","""2020""","""Yes""","""1""",1470
NA,"""Oregon""","""41""","""2020""","""2020""","""No""","""2""",38348
NA,"""Oregon""","""41""","""2021""","""2021""","""Yes""","""1""",1452
NA,"""Oregon""","""41""","""2021""","""2021""","""No""","""2""",39462
NA,"""Pennsylvania""","""42""","""2016""","""2016""","""Yes""","""1""",5469
NA,"""Pennsylvania""","""42""","""2016""","""2016""","""No""","""2""",133919
NA,"""Pennsylvania""","""42""","""2016""","""2016""","""Unknown or Not Stated""","""9""",21
NA,"""Pennsylvania""","""42""","""2017""","""2017""","""Yes""","""1""",5847
NA,"""Pennsylvania""","""42""","""2017""","""2017""","""No""","""2""",131870
NA,"""Pennsylvania""","""42""","""2017""","""2017""","""Unknown or Not Stated""","""9""",28
NA,"""Pennsylvania""","""42""","""2018""","""2018""","""Yes""","""1""",6170
NA,"""Pennsylvania""","""42""","""2018""","""2018""","""No""","""2""",129465
NA,"""Pennsylvania""","""42""","""2018""","""2018""","""Unknown or Not Stated""","""9""",38
NA,"""Pennsylvania""","""42""","""2019""","""2019""","""Yes""","""1""",6053
NA,"""Pennsylvania""","""42""","""2019""","""2019""","""No""","""2""",128145
NA,"""Pennsylvania""","""42""","""2019""","""2019""","""Unknown or Not Stated""","""9""",32
NA,"""Pennsylvania""","""42""","""2020""","""2020""","""Yes""","""1""",6203
NA,"""Pennsylvania""","""42""","""2020""","""2020""","""No""","""2""",124445
NA,"""Pennsylvania""","""42""","""2020""","""2020""","""Unknown or Not Stated""","""9""",45
NA,"""Pennsylvania""","""42""","""2021""","""2021""","""Yes""","""1""",6737
NA,"""Pennsylvania""","""42""","""2021""","""2021""","""No""","""2""",125612
NA,"""Pennsylvania""","""42""","""2021""","""2021""","""Unknown or Not Stated""","""9""",273
NA,"""Rhode Island""","""44""","""2016""","""2016""","""Yes""","""1""",287
NA,"""Rhode Island""","""44""","""2016""","""2016""","""No""","""2""",10504
NA,"""Rhode Island""","""44""","""2017""","""2017""","""Yes""","""1""",265
NA,"""Rhode Island""","""44""","""2017""","""2017""","""No""","""2""",10370
NA,"""Rhode Island""","""44""","""2018""","""2018""","""Yes""","""1""",236
NA,"""Rhode Island""","""44""","""2018""","""2018""","""No""","""2""",10265
NA,"""Rhode Island""","""44""","""2019""","""2019""","""Yes""","""1""",275
NA,"""Rhode Island""","""44""","""2019""","""2019""","""No""","""2""",9886
NA,"""Rhode Island""","""44""","""2019""","""2019""","""Unknown or Not Stated""","""9""",14
NA,"""Rhode Island""","""44""","""2020""","""2020""","""Yes""","""1""",277
NA,"""Rhode Island""","""44""","""2020""","""2020""","""No""","""2""",9807
NA,"""Rhode Island""","""44""","""2020""","""2020""","""Unknown or Not Stated""","""9""",17
NA,"""Rhode Island""","""44""","""2021""","""2021""","""Yes""","""1""",272
NA,"""Rhode Island""","""44""","""2021""","""2021""","""No""","""2""",10178
NA,"""Rhode Island""","""44""","""2021""","""2021""","""Unknown or Not Stated""","""9""",14
NA,"""South Carolina""","""45""","""2016""","""2016""","""Yes""","""1""",2685
NA,"""South Carolina""","""45""","""2016""","""2016""","""No""","""2""",54655
NA,"""South Carolina""","""45""","""2017""","""2017""","""Yes""","""1""",2899
NA,"""South Carolina""","""45""","""2017""","""2017""","""No""","""2""",54127
NA,"""South Carolina""","""45""","""2018""","""2018""","""Yes""","""1""",2946
NA,"""South Carolina""","""45""","""2018""","""2018""","""No""","""2""",53719
NA,"""South Carolina""","""45""","""2019""","""2019""","""Yes""","""1""",2960
NA,"""South Carolina""","""45""","""2019""","""2019""","""No""","""2""",54074
NA,"""South Carolina""","""45""","""2020""","""2020""","""Yes""","""1""",2831
NA,"""South Carolina""","""45""","""2020""","""2020""","""No""","""2""",52868
NA,"""South Carolina""","""45""","""2021""","""2021""","""Yes""","""1""",2980
NA,"""South Carolina""","""45""","""2021""","""2021""","""No""","""2""",54138
NA,"""South Carolina""","""45""","""2021""","""2021""","""Unknown or Not Stated""","""9""",67
NA,"""South Dakota""","""46""","""2016""","""2016""","""Yes""","""1""",403
NA,"""South Dakota""","""46""","""2016""","""2016""","""No""","""2""",11871
NA,"""South Dakota""","""46""","""2017""","""2017""","""Yes""","""1""",382
NA,"""South Dakota""","""46""","""2017""","""2017""","""No""","""2""",11748
NA,"""South Dakota""","""46""","""2018""","""2018""","""Yes""","""1""",460
NA,"""South Dakota""","""46""","""2018""","""2018""","""No""","""2""",11421
NA,"""South Dakota""","""46""","""2018""","""2018""","""Unknown or Not Stated""","""9""",12
NA,"""South Dakota""","""46""","""2019""","""2019""","""Yes""","""1""",429
NA,"""South Dakota""","""46""","""2019""","""2019""","""No""","""2""",11017
NA,"""South Dakota""","""46""","""2020""","""2020""","""Yes""","""1""",430
NA,"""South Dakota""","""46""","""2020""","""2020""","""No""","""2""",10521
NA,"""South Dakota""","""46""","""2021""","""2021""","""Yes""","""1""",427
NA,"""South Dakota""","""46""","""2021""","""2021""","""No""","""2""",10937
NA,"""Tennessee""","""47""","""2016""","""2016""","""Yes""","""1""",2521
NA,"""Tennessee""","""47""","""2016""","""2016""","""No""","""2""",78282
NA,"""Tennessee""","""47""","""2017""","""2017""","""Yes""","""1""",2672
NA,"""Tennessee""","""47""","""2017""","""2017""","""No""","""2""",78276
NA,"""Tennessee""","""47""","""2017""","""2017""","""Unknown or Not Stated""","""9""",68
NA,"""Tennessee""","""47""","""2018""","""2018""","""Yes""","""1""",3030
NA,"""Tennessee""","""47""","""2018""","""2018""","""No""","""2""",77680
NA,"""Tennessee""","""47""","""2018""","""2018""","""Unknown or Not Stated""","""9""",41
NA,"""Tennessee""","""47""","""2019""","""2019""","""Yes""","""1""",3460
NA,"""Tennessee""","""47""","""2019""","""2019""","""No""","""2""",76986
NA,"""Tennessee""","""47""","""2020""","""2020""","""Yes""","""1""",3208
NA,"""Tennessee""","""47""","""2020""","""2020""","""No""","""2""",75479
NA,"""Tennessee""","""47""","""2021""","""2021""","""Yes""","""1""",3413
NA,"""Tennessee""","""47""","""2021""","""2021""","""No""","""2""",78299
NA,"""Texas""","""48""","""2016""","""2016""","""Yes""","""1""",10989
NA,"""Texas""","""48""","""2016""","""2016""","""No""","""2""",387056
NA,"""Texas""","""48""","""2017""","""2017""","""Yes""","""1""",12023
NA,"""Texas""","""48""","""2017""","""2017""","""No""","""2""",370026
NA,"""Texas""","""48""","""2018""","""2018""","""Yes""","""1""",12485
NA,"""Texas""","""48""","""2018""","""2018""","""No""","""2""",366106
NA,"""Texas""","""48""","""2018""","""2018""","""Unknown or Not Stated""","""9""",33
NA,"""Texas""","""48""","""2019""","""2019""","""Yes""","""1""",11698
NA,"""Texas""","""48""","""2019""","""2019""","""No""","""2""",365501
NA,"""Texas""","""48""","""2019""","""2019""","""Unknown or Not Stated""","""9""",400
NA,"""Texas""","""48""","""2020""","""2020""","""Yes""","""1""",11641
NA,"""Texas""","""48""","""2020""","""2020""","""No""","""2""",356052
NA,"""Texas""","""48""","""2020""","""2020""","""Unknown or Not Stated""","""9""",497
NA,"""Texas""","""48""","""2021""","""2021""","""Yes""","""1""",12221
NA,"""Texas""","""48""","""2021""","""2021""","""No""","""2""",360815
NA,"""Texas""","""48""","""2021""","""2021""","""Unknown or Not Stated""","""9""",558
NA,"""Utah""","""49""","""2016""","""2016""","""Yes""","""1""",2853
NA,"""Utah""","""49""","""2016""","""2016""","""No""","""2""",47611
NA,"""Utah""","""49""","""2017""","""2017""","""Yes""","""1""",2844
NA,"""Utah""","""49""","""2017""","""2017""","""No""","""2""",45740
NA,"""Utah""","""49""","""2018""","""2018""","""Yes""","""1""",2695
NA,"""Utah""","""49""","""2018""","""2018""","""No""","""2""",44513
NA,"""Utah""","""49""","""2019""","""2019""","""Yes""","""1""",2720
NA,"""Utah""","""49""","""2019""","""2019""","""No""","""2""",44106
NA,"""Utah""","""49""","""2020""","""2020""","""Yes""","""1""",2521
NA,"""Utah""","""49""","""2020""","""2020""","""No""","""2""",43181
NA,"""Utah""","""49""","""2021""","""2021""","""Yes""","""1""",2743
NA,"""Utah""","""49""","""2021""","""2021""","""No""","""2""",43969
NA,"""Vermont""","""50""","""2016""","""2016""","""Yes""","""1""",260
NA,"""Vermont""","""50""","""2016""","""2016""","""No""","""2""",5496
NA,"""Vermont""","""50""","""2017""","""2017""","""Yes""","""1""",229
NA,"""Vermont""","""50""","""2017""","""2017""","""No""","""2""",5426
NA,"""Vermont""","""50""","""2018""","""2018""","""Yes""","""1""",252
NA,"""Vermont""","""50""","""2018""","""2018""","""No""","""2""",5178
NA,"""Vermont""","""50""","""2019""","""2019""","""Yes""","""1""",242
NA,"""Vermont""","""50""","""2019""","""2019""","""No""","""2""",5118
NA,"""Vermont""","""50""","""2020""","""2020""","""Yes""","""1""",197
NA,"""Vermont""","""50""","""2020""","""2020""","""No""","""2""",4936
NA,"""Vermont""","""50""","""2021""","""2021""","""Yes""","""1""",206
NA,"""Vermont""","""50""","""2021""","""2021""","""No""","""2""",5178
NA,"""Virginia""","""51""","""2016""","""2016""","""Yes""","""1""",1657
NA,"""Virginia""","""51""","""2016""","""2016""","""No""","""2""",100799
NA,"""Virginia""","""51""","""2017""","""2017""","""Yes""","""1""",1476
NA,"""Virginia""","""51""","""2017""","""2017""","""No""","""2""",98914
NA,"""Virginia""","""51""","""2018""","""2018""","""Yes""","""1""",2417
NA,"""Virginia""","""51""","""2018""","""2018""","""No""","""2""",97425
NA,"""Virginia""","""51""","""2019""","""2019""","""Yes""","""1""",2455
NA,"""Virginia""","""51""","""2019""","""2019""","""No""","""2""",94968
NA,"""Virginia""","""51""","""2020""","""2020""","""Yes""","""1""",2157
NA,"""Virginia""","""51""","""2020""","""2020""","""No""","""2""",92589
NA,"""Virginia""","""51""","""2021""","""2021""","""Yes""","""1""",2433
NA,"""Virginia""","""51""","""2021""","""2021""","""No""","""2""",93388
NA,"""Washington""","""53""","""2016""","""2016""","""Yes""","""1""",3305
NA,"""Washington""","""53""","""2016""","""2016""","""No""","""2""",86767
NA,"""Washington""","""53""","""2016""","""2016""","""Unknown or Not Stated""","""9""",433
NA,"""Washington""","""53""","""2017""","""2017""","""Yes""","""1""",3365
NA,"""Washington""","""53""","""2017""","""2017""","""No""","""2""",83820
NA,"""Washington""","""53""","""2017""","""2017""","""Unknown or Not Stated""","""9""",377
NA,"""Washington""","""53""","""2018""","""2018""","""Yes""","""1""",3292
NA,"""Washington""","""53""","""2018""","""2018""","""No""","""2""",82793
NA,"""Washington""","""53""","""2019""","""2019""","""Yes""","""1""",3381
NA,"""Washington""","""53""","""2019""","""2019""","""No""","""2""",81487
NA,"""Washington""","""53""","""2019""","""2019""","""Unknown or Not Stated""","""9""",27
NA,"""Washington""","""53""","""2020""","""2020""","""Yes""","""1""",3134
NA,"""Washington""","""53""","""2020""","""2020""","""No""","""2""",79374
NA,"""Washington""","""53""","""2020""","""2020""","""Unknown or Not Stated""","""9""",578
NA,"""Washington""","""53""","""2021""","""2021""","""Yes""","""1""",3222
NA,"""Washington""","""53""","""2021""","""2021""","""No""","""2""",79708
NA,"""Washington""","""53""","""2021""","""2021""","""Unknown or Not Stated""","""9""",981
NA,"""West Virginia""","""54""","""2016""","""2016""","""Yes""","""1""",641
NA,"""West Virginia""","""54""","""2016""","""2016""","""No""","""2""",18340
NA,"""West Virginia""","""54""","""2016""","""2016""","""Unknown or Not Stated""","""9""",98
NA,"""West Virginia""","""54""","""2017""","""2017""","""Yes""","""1""",847
NA,"""West Virginia""","""54""","""2017""","""2017""","""No""","""2""",17732
NA,"""West Virginia""","""54""","""2017""","""2017""","""Unknown or Not Stated""","""9""",96
NA,"""West Virginia""","""54""","""2018""","""2018""","""Yes""","""1""",850
NA,"""West Virginia""","""54""","""2018""","""2018""","""No""","""2""",17322
NA,"""West Virginia""","""54""","""2018""","""2018""","""Unknown or Not Stated""","""9""",76
NA,"""West Virginia""","""54""","""2019""","""2019""","""Yes""","""1""",821
NA,"""West Virginia""","""54""","""2019""","""2019""","""No""","""2""",17224
NA,"""West Virginia""","""54""","""2019""","""2019""","""Unknown or Not Stated""","""9""",91
NA,"""West Virginia""","""54""","""2020""","""2020""","""Yes""","""1""",825
NA,"""West Virginia""","""54""","""2020""","""2020""","""No""","""2""",16405
NA,"""West Virginia""","""54""","""2020""","""2020""","""Unknown or Not Stated""","""9""",93
NA,"""West Virginia""","""54""","""2021""","""2021""","""Yes""","""1""",862
NA,"""West Virginia""","""54""","""2021""","""2021""","""No""","""2""",16241
NA,"""West Virginia""","""54""","""2021""","""2021""","""Unknown or Not Stated""","""9""",95
NA,"""Wisconsin""","""55""","""2016""","""2016""","""Yes""","""1""",3765
NA,"""Wisconsin""","""55""","""2016""","""2016""","""No""","""2""",62637
NA,"""Wisconsin""","""55""","""2016""","""2016""","""Unknown or Not Stated""","""9""",213
NA,"""Wisconsin""","""55""","""2017""","""2017""","""Yes""","""1""",4034
NA,"""Wisconsin""","""55""","""2017""","""2017""","""No""","""2""",60767
NA,"""Wisconsin""","""55""","""2017""","""2017""","""Unknown or Not Stated""","""9""",174
NA,"""Wisconsin""","""55""","""2018""","""2018""","""Yes""","""1""",3818
NA,"""Wisconsin""","""55""","""2018""","""2018""","""No""","""2""",60092
NA,"""Wisconsin""","""55""","""2018""","""2018""","""Unknown or Not Stated""","""9""",188
NA,"""Wisconsin""","""55""","""2019""","""2019""","""Yes""","""1""",3933
NA,"""Wisconsin""","""55""","""2019""","""2019""","""No""","""2""",59126
NA,"""Wisconsin""","""55""","""2019""","""2019""","""Unknown or Not Stated""","""9""",211
NA,"""Wisconsin""","""55""","""2020""","""2020""","""Yes""","""1""",3711
NA,"""Wisconsin""","""55""","""2020""","""2020""","""No""","""2""",56817
NA,"""Wisconsin""","""55""","""2020""","""2020""","""Unknown or Not Stated""","""9""",66
NA,"""Wisconsin""","""55""","""2021""","""2021""","""Yes""","""1""",3599
NA,"""Wisconsin""","""55""","""2021""","""2021""","""No""","""2""",58087
NA,"""Wisconsin""","""55""","""2021""","""2021""","""Unknown or Not Stated""","""9""",95
NA,"""Wyoming""","""56""","""2016""","""2016""","""Yes""","""1""",321
NA,"""Wyoming""","""56""","""2016""","""2016""","""No""","""2""",7065
NA,"""Wyoming""","""56""","""2017""","""2017""","""Yes""","""1""",322
NA,"""Wyoming""","""56""","""2017""","""2017""","""No""","""2""",6580
NA,"""Wyoming""","""56""","""2018""","""2018""","""Yes""","""1""",234
NA,"""Wyoming""","""56""","""2018""","""2018""","""No""","""2""",6328
NA,"""Wyoming""","""56""","""2019""","""2019""","""Yes""","""1""",251
NA,"""Wyoming""","""56""","""2019""","""2019""","""No""","""2""",6314
NA,"""Wyoming""","""56""","""2020""","""2020""","""Yes""","""1""",234
NA,"""Wyoming""","""56""","""2020""","""2020""","""No""","""2""",5893
NA,"""Wyoming""","""56""","""2021""","""2021""","""Yes""","""1""",223
NA,"""Wyoming""","""56""","""2021""","""2021""","""No""","""2""",6012
