"""Notes""","""State of Residence""","""State of Residence Code""","""Year""","""Year Code""","""Risk Factors Checked""","""Risk Factors Checked Code""","Births"
NA,"""Alabama""","""01""","""2016""","""2016""","""At least one checked""","""0""",16521
NA,"""Alabama""","""01""","""2016""","""2016""","""None checked""","""1""",42627
NA,"""Alabama""","""01""","""2017""","""2017""","""At least one checked""","""0""",17405
NA,"""Alabama""","""01""","""2017""","""2017""","""None checked""","""1""",41533
NA,"""Alabama""","""01""","""2018""","""2018""","""At least one checked""","""0""",17314
NA,"""Alabama""","""01""","""2018""","""2018""","""None checked""","""1""",40443
NA,"""Alabama""","""01""","""2019""","""2019""","""At least one checked""","""0""",19399
NA,"""Alabama""","""01""","""2019""","""2019""","""None checked""","""1""",39212
NA,"""Alabama""","""01""","""2020""","""2020""","""At least one checked""","""0""",19523
NA,"""Alabama""","""01""","""2020""","""2020""","""None checked""","""1""",38122
NA,"""Alabama""","""01""","""2021""","""2021""","""At least one checked""","""0""",20860
NA,"""Alabama""","""01""","""2021""","""2021""","""None checked""","""1""",37194
NA,"""Alaska""","""02""","""2016""","""2016""","""At least one checked""","""0""",3681
NA,"""Alaska""","""02""","""2016""","""2016""","""None checked""","""1""",7453
NA,"""Alaska""","""02""","""2016""","""2016""","""Unknown or Not Stated""","""9""",75
NA,"""Alaska""","""02""","""2017""","""2017""","""At least one checked""","""0""",3460
NA,"""Alaska""","""02""","""2017""","""2017""","""None checked""","""1""",6882
NA,"""Alaska""","""02""","""2017""","""2017""","""Unknown or Not Stated""","""9""",103
NA,"""Alaska""","""02""","""2018""","""2018""","""At least one checked""","""0""",3594
NA,"""Alaska""","""02""","""2018""","""2018""","""None checked""","""1""",6373
NA,"""Alaska""","""02""","""2018""","""2018""","""Unknown or Not Stated""","""9""",119
NA,"""Alaska""","""02""","""2019""","""2019""","""At least one checked""","""0""",3522
NA,"""Alaska""","""02""","""2019""","""2019""","""None checked""","""1""",6218
NA,"""Alaska""","""02""","""2019""","""2019""","""Unknown or Not Stated""","""9""",82
NA,"""Alaska""","""02""","""2020""","""2020""","""At least one checked""","""0""",3501
NA,"""Alaska""","""02""","""2020""","""2020""","""None checked""","""1""",5889
NA,"""Alaska""","""02""","""2020""","""2020""","""Unknown or Not Stated""","""9""",79
NA,"""Alaska""","""02""","""2021""","""2021""","""At least one checked""","""0""",3653
NA,"""Alaska""","""02""","""2021""","""2021""","""None checked""","""1""",5657
NA,"""Alaska""","""02""","""2021""","""2021""","""Unknown or Not Stated""","""9""",57
NA,"""Arizona""","""04""","""2016""","""2016""","""At least one checked""","""0""",24811
NA,"""Arizona""","""04""","""2016""","""2016""","""None checked""","""1""",59709
NA,"""Arizona""","""04""","""2017""","""2017""","""At least one checked""","""0""",24252
NA,"""Arizona""","""04""","""2017""","""2017""","""None checked""","""1""",57620
NA,"""Arizona""","""04""","""2018""","""2018""","""At least one checked""","""0""",25586
NA,"""Arizona""","""04""","""2018""","""2018""","""None checked""","""1""",55137
NA,"""Arizona""","""04""","""2019""","""2019""","""At least one checked""","""0""",25381
NA,"""Arizona""","""04""","""2019""","""2019""","""None checked""","""1""",53992
NA,"""Arizona""","""04""","""2020""","""2020""","""At least one checked""","""0""",25272
NA,"""Arizona""","""04""","""2020""","""2020""","""None checked""","""1""",51674
NA,"""Arizona""","""04""","""2021""","""2021""","""At least one checked""","""0""",26217
NA,"""Arizona""","""04""","""2021""","""2021""","""None checked""","""1""",51699
NA,"""Arkansas""","""05""","""2016""","""2016""","""At least one checked""","""0""",10345
NA,"""Arkansas""","""05""","""2016""","""2016""","""None checked""","""1""",27929
NA,"""Arkansas""","""05""","""2017""","""2017""","""At least one checked""","""0""",10947
NA,"""Arkansas""","""05""","""2017""","""2017""","""None checked""","""1""",26570
NA,"""Arkansas""","""05""","""2018""","""2018""","""At least one checked""","""0""",11618
NA,"""Arkansas""","""05""","""2018""","""2018""","""None checked""","""1""",25397
NA,"""Arkansas""","""05""","""2019""","""2019""","""At least one checked""","""0""",12011
NA,"""Arkansas""","""05""","""2019""","""2019""","""None checked""","""1""",24552
NA,"""Arkansas""","""05""","""2020""","""2020""","""At least one checked""","""0""",11636
NA,"""Arkansas""","""05""","""2020""","""2020""","""None checked""","""1""",23615
NA,"""Arkansas""","""05""","""2021""","""2021""","""At least one checked""","""0""",12106
NA,"""Arkansas""","""05""","""2021""","""2021""","""None checked""","""1""",23858
NA,"""California""","""06""","""2016""","""2016""","""At least one checked""","""0""",127884
NA,"""California""","""06""","""2016""","""2016""","""None checked""","""1""",360940
NA,"""California""","""06""","""2017""","""2017""","""At least one checked""","""0""",128061
NA,"""California""","""06""","""2017""","""2017""","""None checked""","""1""",343594
NA,"""California""","""06""","""2018""","""2018""","""At least one checked""","""0""",127640
NA,"""California""","""06""","""2018""","""2018""","""None checked""","""1""",327271
NA,"""California""","""06""","""2019""","""2019""","""At least one checked""","""0""",129929
NA,"""California""","""06""","""2019""","""2019""","""None checked""","""1""",316205
NA,"""California""","""06""","""2019""","""2019""","""Unknown or Not Stated""","""9""",345
NA,"""California""","""06""","""2020""","""2020""","""At least one checked""","""0""",128235
NA,"""California""","""06""","""2020""","""2020""","""None checked""","""1""",291805
NA,"""California""","""06""","""2020""","""2020""","""Unknown or Not Stated""","""9""",219
NA,"""California""","""06""","""2021""","""2021""","""At least one checked""","""0""",131405
NA,"""California""","""06""","""2021""","""2021""","""None checked""","""1""",288962
NA,"""California""","""06""","""2021""","""2021""","""Unknown or Not Stated""","""9""",241
NA,"""Colorado""","""08""","""2016""","""2016""","""At least one checked""","""0""",17030
NA,"""Colorado""","""08""","""2016""","""2016""","""None checked""","""1""",49571
NA,"""Colorado""","""08""","""2016""","""2016""","""Unknown or Not Stated""","""9""",12
NA,"""Colorado""","""08""","""2017""","""2017""","""At least one checked""","""0""",17392
NA,"""Colorado""","""08""","""2017""","""2017""","""None checked""","""1""",46981
NA,"""Colorado""","""08""","""2018""","""2018""","""At least one checked""","""0""",17671
NA,"""Colorado""","""08""","""2018""","""2018""","""None checked""","""1""",45206
NA,"""Colorado""","""08""","""2019""","""2019""","""At least one checked""","""0""",18133
NA,"""Colorado""","""08""","""2019""","""2019""","""None checked""","""1""",44726
NA,"""Colorado""","""08""","""2019""","""2019""","""Unknown or Not Stated""","""9""",10
NA,"""Colorado""","""08""","""2020""","""2020""","""At least one checked""","""0""",18740
NA,"""Colorado""","""08""","""2020""","""2020""","""None checked""","""1""",42739
NA,"""Colorado""","""08""","""2020""","""2020""","""Unknown or Not Stated""","""9""",15
NA,"""Colorado""","""08""","""2021""","""2021""","""At least one checked""","""0""",19706
NA,"""Colorado""","""08""","""2021""","""2021""","""None checked""","""1""",43234
NA,"""Connecticut""","""09""","""2016""","""2016""","""At least one checked""","""0""",11132
NA,"""Connecticut""","""09""","""2016""","""2016""","""None checked""","""1""",24189
NA,"""Connecticut""","""09""","""2016""","""2016""","""Unknown or Not Stated""","""9""",694
NA,"""Connecticut""","""09""","""2017""","""2017""","""At least one checked""","""0""",11536
NA,"""Connecticut""","""09""","""2017""","""2017""","""None checked""","""1""",23412
NA,"""Connecticut""","""09""","""2017""","""2017""","""Unknown or Not Stated""","""9""",273
NA,"""Connecticut""","""09""","""2018""","""2018""","""At least one checked""","""0""",11809
NA,"""Connecticut""","""09""","""2018""","""2018""","""None checked""","""1""",22805
NA,"""Connecticut""","""09""","""2018""","""2018""","""Unknown or Not Stated""","""9""",111
NA,"""Connecticut""","""09""","""2019""","""2019""","""At least one checked""","""0""",12258
NA,"""Connecticut""","""09""","""2019""","""2019""","""None checked""","""1""",21879
NA,"""Connecticut""","""09""","""2019""","""2019""","""Unknown or Not Stated""","""9""",121
NA,"""Connecticut""","""09""","""2020""","""2020""","""At least one checked""","""0""",11664
NA,"""Connecticut""","""09""","""2020""","""2020""","""None checked""","""1""",21657
NA,"""Connecticut""","""09""","""2020""","""2020""","""Unknown or Not Stated""","""9""",139
NA,"""Connecticut""","""09""","""2021""","""2021""","""At least one checked""","""0""",13034
NA,"""Connecticut""","""09""","""2021""","""2021""","""None checked""","""1""",22611
NA,"""Connecticut""","""09""","""2021""","""2021""","""Unknown or Not Stated""","""9""",25
NA,"""Delaware""","""10""","""2016""","""2016""","""At least one checked""","""0""",3986
NA,"""Delaware""","""10""","""2016""","""2016""","""None checked""","""1""",7005
NA,"""Delaware""","""10""","""2017""","""2017""","""At least one checked""","""0""",3955
NA,"""Delaware""","""10""","""2017""","""2017""","""None checked""","""1""",6899
NA,"""Delaware""","""10""","""2018""","""2018""","""At least one checked""","""0""",3979
NA,"""Delaware""","""10""","""2018""","""2018""","""None checked""","""1""",6638
NA,"""Delaware""","""10""","""2019""","""2019""","""At least one checked""","""0""",3790
NA,"""Delaware""","""10""","""2019""","""2019""","""None checked""","""1""",6757
NA,"""Delaware""","""10""","""2019""","""2019""","""Unknown or Not Stated""","""9""",15
NA,"""Delaware""","""10""","""2020""","""2020""","""At least one checked""","""0""",3788
NA,"""Delaware""","""10""","""2020""","""2020""","""None checked""","""1""",6572
NA,"""Delaware""","""10""","""2020""","""2020""","""Unknown or Not Stated""","""9""",32
NA,"""Delaware""","""10""","""2021""","""2021""","""At least one checked""","""0""",3570
NA,"""Delaware""","""10""","""2021""","""2021""","""None checked""","""1""",6886
NA,"""Delaware""","""10""","""2021""","""2021""","""Unknown or Not Stated""","""9""",26
NA,"""District of Columbia""","""11""","""2016""","""2016""","""At least one checked""","""0""",2675
NA,"""District of Columbia""","""11""","""2016""","""2016""","""None checked""","""1""",7168
NA,"""District of Columbia""","""11""","""2016""","""2016""","""Unknown or Not Stated""","""9""",15
NA,"""District of Columbia""","""11""","""2017""","""2017""","""At least one checked""","""0""",2632
NA,"""District of Columbia""","""11""","""2017""","""2017""","""None checked""","""1""",6927
NA,"""District of Columbia""","""11""","""2018""","""2018""","""At least one checked""","""0""",2796
NA,"""District of Columbia""","""11""","""2018""","""2018""","""None checked""","""1""",6414
NA,"""District of Columbia""","""11""","""2019""","""2019""","""At least one checked""","""0""",3156
NA,"""District of Columbia""","""11""","""2019""","""2019""","""None checked""","""1""",5919
NA,"""District of Columbia""","""11""","""2020""","""2020""","""At least one checked""","""0""",3088
NA,"""District of Columbia""","""11""","""2020""","""2020""","""None checked""","""1""",5782
NA,"""District of Columbia""","""11""","""2021""","""2021""","""At least one checked""","""0""",2861
NA,"""District of Columbia""","""11""","""2021""","""2021""","""None checked""","""1""",5793
NA,"""Florida""","""12""","""2016""","""2016""","""At least one checked""","""0""",57855
NA,"""Florida""","""12""","""2016""","""2016""","""None checked""","""1""",166751
NA,"""Florida""","""12""","""2016""","""2016""","""Unknown or Not Stated""","""9""",416
NA,"""Florida""","""12""","""2017""","""2017""","""At least one checked""","""0""",59526
NA,"""Florida""","""12""","""2017""","""2017""","""None checked""","""1""",163600
NA,"""Florida""","""12""","""2017""","""2017""","""Unknown or Not Stated""","""9""",504
NA,"""Florida""","""12""","""2018""","""2018""","""At least one checked""","""0""",64522
NA,"""Florida""","""12""","""2018""","""2018""","""None checked""","""1""",156548
NA,"""Florida""","""12""","""2018""","""2018""","""Unknown or Not Stated""","""9""",472
NA,"""Florida""","""12""","""2019""","""2019""","""At least one checked""","""0""",66086
NA,"""Florida""","""12""","""2019""","""2019""","""None checked""","""1""",153599
NA,"""Florida""","""12""","""2019""","""2019""","""Unknown or Not Stated""","""9""",317
NA,"""Florida""","""12""","""2020""","""2020""","""At least one checked""","""0""",65337
NA,"""Florida""","""12""","""2020""","""2020""","""None checked""","""1""",144040
NA,"""Florida""","""12""","""2020""","""2020""","""Unknown or Not Stated""","""9""",294
NA,"""Florida""","""12""","""2021""","""2021""","""At least one checked""","""0""",66651
NA,"""Florida""","""12""","""2021""","""2021""","""None checked""","""1""",148930
NA,"""Florida""","""12""","""2021""","""2021""","""Unknown or Not Stated""","""9""",679
NA,"""Georgia""","""13""","""2016""","""2016""","""At least one checked""","""0""",33866
NA,"""Georgia""","""13""","""2016""","""2016""","""None checked""","""1""",95828
NA,"""Georgia""","""13""","""2016""","""2016""","""Unknown or Not Stated""","""9""",348
NA,"""Georgia""","""13""","""2017""","""2017""","""At least one checked""","""0""",34485
NA,"""Georgia""","""13""","""2017""","""2017""","""None checked""","""1""",94376
NA,"""Georgia""","""13""","""2017""","""2017""","""Unknown or Not Stated""","""9""",382
NA,"""Georgia""","""13""","""2018""","""2018""","""At least one checked""","""0""",34252
NA,"""Georgia""","""13""","""2018""","""2018""","""None checked""","""1""",91659
NA,"""Georgia""","""13""","""2018""","""2018""","""Unknown or Not Stated""","""9""",261
NA,"""Georgia""","""13""","""2019""","""2019""","""At least one checked""","""0""",35270
NA,"""Georgia""","""13""","""2019""","""2019""","""None checked""","""1""",90900
NA,"""Georgia""","""13""","""2019""","""2019""","""Unknown or Not Stated""","""9""",201
NA,"""Georgia""","""13""","""2020""","""2020""","""At least one checked""","""0""",35227
NA,"""Georgia""","""13""","""2020""","""2020""","""None checked""","""1""",87103
NA,"""Georgia""","""13""","""2020""","""2020""","""Unknown or Not Stated""","""9""",143
NA,"""Georgia""","""13""","""2021""","""2021""","""At least one checked""","""0""",38629
NA,"""Georgia""","""13""","""2021""","""2021""","""None checked""","""1""",85275
NA,"""Georgia""","""13""","""2021""","""2021""","""Unknown or Not Stated""","""9""",169
NA,"""Hawaii""","""15""","""2016""","""2016""","""At least one checked""","""0""",4947
NA,"""Hawaii""","""15""","""2016""","""2016""","""None checked""","""1""",13112
NA,"""Hawaii""","""15""","""2017""","""2017""","""At least one checked""","""0""",4973
NA,"""Hawaii""","""15""","""2017""","""2017""","""None checked""","""1""",12544
NA,"""Hawaii""","""15""","""2018""","""2018""","""At least one checked""","""0""",5114
NA,"""Hawaii""","""15""","""2018""","""2018""","""None checked""","""1""",11858
NA,"""Hawaii""","""15""","""2019""","""2019""","""At least one checked""","""0""",5236
NA,"""Hawaii""","""15""","""2019""","""2019""","""None checked""","""1""",11561
NA,"""Hawaii""","""15""","""2020""","""2020""","""At least one checked""","""0""",5243
NA,"""Hawaii""","""15""","""2020""","""2020""","""None checked""","""1""",10541
NA,"""Hawaii""","""15""","""2021""","""2021""","""At least one checked""","""0""",5232
NA,"""Hawaii""","""15""","""2021""","""2021""","""None checked""","""1""",10388
NA,"""Idaho""","""16""","""2016""","""2016""","""At least one checked""","""0""",6189
NA,"""Idaho""","""16""","""2016""","""2016""","""None checked""","""1""",16269
NA,"""Idaho""","""16""","""2016""","""2016""","""Unknown or Not Stated""","""9""",24
NA,"""Idaho""","""16""","""2017""","""2017""","""At least one checked""","""0""",5909
NA,"""Idaho""","""16""","""2017""","""2017""","""None checked""","""1""",16255
NA,"""Idaho""","""16""","""2017""","""2017""","""Unknown or Not Stated""","""9""",17
NA,"""Idaho""","""16""","""2018""","""2018""","""At least one checked""","""0""",5920
NA,"""Idaho""","""16""","""2018""","""2018""","""None checked""","""1""",15462
NA,"""Idaho""","""16""","""2018""","""2018""","""Unknown or Not Stated""","""9""",21
NA,"""Idaho""","""16""","""2019""","""2019""","""At least one checked""","""0""",6336
NA,"""Idaho""","""16""","""2019""","""2019""","""None checked""","""1""",15714
NA,"""Idaho""","""16""","""2019""","""2019""","""Unknown or Not Stated""","""9""",13
NA,"""Idaho""","""16""","""2020""","""2020""","""At least one checked""","""0""",6138
NA,"""Idaho""","""16""","""2020""","""2020""","""None checked""","""1""",15377
NA,"""Idaho""","""16""","""2020""","""2020""","""Unknown or Not Stated""","""9""",18
NA,"""Idaho""","""16""","""2021""","""2021""","""At least one checked""","""0""",6665
NA,"""Idaho""","""16""","""2021""","""2021""","""None checked""","""1""",15743
NA,"""Idaho""","""16""","""2021""","""2021""","""Unknown or Not Stated""","""9""",19
NA,"""Illinois""","""17""","""2016""","""2016""","""At least one checked""","""0""",49430
NA,"""Illinois""","""17""","""2016""","""2016""","""None checked""","""1""",104789
NA,"""Illinois""","""17""","""2016""","""2016""","""Unknown or Not Stated""","""9""",226
NA,"""Illinois""","""17""","""2017""","""2017""","""At least one checked""","""0""",49755
NA,"""Illinois""","""17""","""2017""","""2017""","""None checked""","""1""",99270
NA,"""Illinois""","""17""","""2017""","""2017""","""Unknown or Not Stated""","""9""",365
NA,"""Illinois""","""17""","""2018""","""2018""","""At least one checked""","""0""",50283
NA,"""Illinois""","""17""","""2018""","""2018""","""None checked""","""1""",94279
NA,"""Illinois""","""17""","""2018""","""2018""","""Unknown or Not Stated""","""9""",253
NA,"""Illinois""","""17""","""2019""","""2019""","""At least one checked""","""0""",50110
NA,"""Illinois""","""17""","""2019""","""2019""","""None checked""","""1""",89896
NA,"""Illinois""","""17""","""2019""","""2019""","""Unknown or Not Stated""","""9""",122
NA,"""Illinois""","""17""","""2020""","""2020""","""At least one checked""","""0""",48751
NA,"""Illinois""","""17""","""2020""","""2020""","""None checked""","""1""",84379
NA,"""Illinois""","""17""","""2020""","""2020""","""Unknown or Not Stated""","""9""",168
NA,"""Illinois""","""17""","""2021""","""2021""","""At least one checked""","""0""",49892
NA,"""Illinois""","""17""","""2021""","""2021""","""None checked""","""1""",82174
NA,"""Illinois""","""17""","""2021""","""2021""","""Unknown or Not Stated""","""9""",123
NA,"""Indiana""","""18""","""2016""","""2016""","""At least one checked""","""0""",23223
NA,"""Indiana""","""18""","""2016""","""2016""","""None checked""","""1""",59864
NA,"""Indiana""","""18""","""2017""","""2017""","""At least one checked""","""0""",24106
NA,"""Indiana""","""18""","""2017""","""2017""","""None checked""","""1""",58054
NA,"""Indiana""","""18""","""2017""","""2017""","""Unknown or Not Stated""","""9""",10
NA,"""Indiana""","""18""","""2018""","""2018""","""At least one checked""","""0""",24966
NA,"""Indiana""","""18""","""2018""","""2018""","""None checked""","""1""",56671
NA,"""Indiana""","""18""","""2019""","""2019""","""At least one checked""","""0""",25616
NA,"""Indiana""","""18""","""2019""","""2019""","""None checked""","""1""",55239
NA,"""Indiana""","""18""","""2020""","""2020""","""At least one checked""","""0""",25981
NA,"""Indiana""","""18""","""2020""","""2020""","""None checked""","""1""",52588
NA,"""Indiana""","""18""","""2020""","""2020""","""Unknown or Not Stated""","""9""",47
NA,"""Indiana""","""18""","""2021""","""2021""","""At least one checked""","""0""",26877
NA,"""Indiana""","""18""","""2021""","""2021""","""None checked""","""1""",52608
NA,"""Indiana""","""18""","""2021""","""2021""","""Unknown or Not Stated""","""9""",461
NA,"""Iowa""","""19""","""2016""","""2016""","""At least one checked""","""0""",12414
NA,"""Iowa""","""19""","""2016""","""2016""","""None checked""","""1""",26988
NA,"""Iowa""","""19""","""2017""","""2017""","""At least one checked""","""0""",12690
NA,"""Iowa""","""19""","""2017""","""2017""","""None checked""","""1""",25738
NA,"""Iowa""","""19""","""2018""","""2018""","""At least one checked""","""0""",13014
NA,"""Iowa""","""19""","""2018""","""2018""","""None checked""","""1""",24771
NA,"""Iowa""","""19""","""2019""","""2019""","""At least one checked""","""0""",13269
NA,"""Iowa""","""19""","""2019""","""2019""","""None checked""","""1""",24378
NA,"""Iowa""","""19""","""2020""","""2020""","""At least one checked""","""0""",12503
NA,"""Iowa""","""19""","""2020""","""2020""","""None checked""","""1""",23610
NA,"""Iowa""","""19""","""2021""","""2021""","""At least one checked""","""0""",13649
NA,"""Iowa""","""19""","""2021""","""2021""","""None checked""","""1""",23178
NA,"""Kansas""","""20""","""2016""","""2016""","""At least one checked""","""0""",10907
NA,"""Kansas""","""20""","""2016""","""2016""","""None checked""","""1""",27146
NA,"""Kansas""","""20""","""2017""","""2017""","""At least one checked""","""0""",10653
NA,"""Kansas""","""20""","""2017""","""2017""","""None checked""","""1""",25866
NA,"""Kansas""","""20""","""2018""","""2018""","""At least one checked""","""0""",10794
NA,"""Kansas""","""20""","""2018""","""2018""","""None checked""","""1""",25467
NA,"""Kansas""","""20""","""2019""","""2019""","""At least one checked""","""0""",11308
NA,"""Kansas""","""20""","""2019""","""2019""","""None checked""","""1""",24087
NA,"""Kansas""","""20""","""2020""","""2020""","""At least one checked""","""0""",11513
NA,"""Kansas""","""20""","""2020""","""2020""","""None checked""","""1""",22862
NA,"""Kansas""","""20""","""2021""","""2021""","""At least one checked""","""0""",11941
NA,"""Kansas""","""20""","""2021""","""2021""","""None checked""","""1""",22762
NA,"""Kentucky""","""21""","""2016""","""2016""","""At least one checked""","""0""",17596
NA,"""Kentucky""","""21""","""2016""","""2016""","""None checked""","""1""",37572
NA,"""Kentucky""","""21""","""2016""","""2016""","""Unknown or Not Stated""","""9""",281
NA,"""Kentucky""","""21""","""2017""","""2017""","""At least one checked""","""0""",18004
NA,"""Kentucky""","""21""","""2017""","""2017""","""None checked""","""1""",36556
NA,"""Kentucky""","""21""","""2017""","""2017""","""Unknown or Not Stated""","""9""",192
NA,"""Kentucky""","""21""","""2018""","""2018""","""At least one checked""","""0""",17975
NA,"""Kentucky""","""21""","""2018""","""2018""","""None checked""","""1""",35807
NA,"""Kentucky""","""21""","""2018""","""2018""","""Unknown or Not Stated""","""9""",140
NA,"""Kentucky""","""21""","""2019""","""2019""","""At least one checked""","""0""",18055
NA,"""Kentucky""","""21""","""2019""","""2019""","""None checked""","""1""",34868
NA,"""Kentucky""","""21""","""2019""","""2019""","""Unknown or Not Stated""","""9""",146
NA,"""Kentucky""","""21""","""2020""","""2020""","""At least one checked""","""0""",17966
NA,"""Kentucky""","""21""","""2020""","""2020""","""None checked""","""1""",33159
NA,"""Kentucky""","""21""","""2020""","""2020""","""Unknown or Not Stated""","""9""",543
NA,"""Kentucky""","""21""","""2021""","""2021""","""At least one checked""","""0""",19326
NA,"""Kentucky""","""21""","""2021""","""2021""","""None checked""","""1""",32649
NA,"""Kentucky""","""21""","""2021""","""2021""","""Unknown or Not Stated""","""9""",239
NA,"""Louisiana""","""22""","""2016""","""2016""","""At least one checked""","""0""",21049
NA,"""Louisiana""","""22""","""2016""","""2016""","""None checked""","""1""",42129
NA,"""Louisiana""","""22""","""2017""","""2017""","""At least one checked""","""0""",21562
NA,"""Louisiana""","""22""","""2017""","""2017""","""None checked""","""1""",39456
NA,"""Louisiana""","""22""","""2018""","""2018""","""At least one checked""","""0""",21529
NA,"""Louisiana""","""22""","""2018""","""2018""","""None checked""","""1""",38086
NA,"""Louisiana""","""22""","""2019""","""2019""","""At least one checked""","""0""",21439
NA,"""Louisiana""","""22""","""2019""","""2019""","""None checked""","""1""",37501
NA,"""Louisiana""","""22""","""2020""","""2020""","""At least one checked""","""0""",22161
NA,"""Louisiana""","""22""","""2020""","""2020""","""None checked""","""1""",35166
NA,"""Louisiana""","""22""","""2021""","""2021""","""At least one checked""","""0""",22516
NA,"""Louisiana""","""22""","""2021""","""2021""","""None checked""","""1""",34919
NA,"""Maine""","""23""","""2016""","""2016""","""At least one checked""","""0""",3477
NA,"""Maine""","""23""","""2016""","""2016""","""None checked""","""1""",9213
NA,"""Maine""","""23""","""2016""","""2016""","""Unknown or Not Stated""","""9""",15
NA,"""Maine""","""23""","""2017""","""2017""","""At least one checked""","""0""",3574
NA,"""Maine""","""23""","""2017""","""2017""","""None checked""","""1""",8722
NA,"""Maine""","""23""","""2018""","""2018""","""At least one checked""","""0""",3806
NA,"""Maine""","""23""","""2018""","""2018""","""None checked""","""1""",8504
NA,"""Maine""","""23""","""2019""","""2019""","""At least one checked""","""0""",3913
NA,"""Maine""","""23""","""2019""","""2019""","""None checked""","""1""",7864
NA,"""Maine""","""23""","""2020""","""2020""","""At least one checked""","""0""",4043
NA,"""Maine""","""23""","""2020""","""2020""","""None checked""","""1""",7496
NA,"""Maine""","""23""","""2021""","""2021""","""At least one checked""","""0""",4577
NA,"""Maine""","""23""","""2021""","""2021""","""None checked""","""1""",7429
NA,"""Maryland""","""24""","""2016""","""2016""","""At least one checked""","""0""",24464
NA,"""Maryland""","""24""","""2016""","""2016""","""None checked""","""1""",48661
NA,"""Maryland""","""24""","""2016""","""2016""","""Unknown or Not Stated""","""9""",11
NA,"""Maryland""","""24""","""2017""","""2017""","""At least one checked""","""0""",25050
NA,"""Maryland""","""24""","""2017""","""2017""","""None checked""","""1""",46522
NA,"""Maryland""","""24""","""2017""","""2017""","""Unknown or Not Stated""","""9""",69
NA,"""Maryland""","""24""","""2018""","""2018""","""At least one checked""","""0""",25502
NA,"""Maryland""","""24""","""2018""","""2018""","""None checked""","""1""",45536
NA,"""Maryland""","""24""","""2018""","""2018""","""Unknown or Not Stated""","""9""",42
NA,"""Maryland""","""24""","""2019""","""2019""","""At least one checked""","""0""",24815
NA,"""Maryland""","""24""","""2019""","""2019""","""None checked""","""1""",45323
NA,"""Maryland""","""24""","""2019""","""2019""","""Unknown or Not Stated""","""9""",40
NA,"""Maryland""","""24""","""2020""","""2020""","""At least one checked""","""0""",25801
NA,"""Maryland""","""24""","""2020""","""2020""","""None checked""","""1""",42714
NA,"""Maryland""","""24""","""2020""","""2020""","""Unknown or Not Stated""","""9""",39
NA,"""Maryland""","""24""","""2021""","""2021""","""At least one checked""","""0""",26461
NA,"""Maryland""","""24""","""2021""","""2021""","""None checked""","""1""",41782
NA,"""Maryland""","""24""","""2021""","""2021""","""Unknown or Not Stated""","""9""",42
NA,"""Massachusetts""","""25""","""2016""","""2016""","""At least one checked""","""0""",20853
NA,"""Massachusetts""","""25""","""2016""","""2016""","""None checked""","""1""",50368
NA,"""Massachusetts""","""25""","""2016""","""2016""","""Unknown or Not Stated""","""9""",96
NA,"""Massachusetts""","""25""","""2017""","""2017""","""At least one checked""","""0""",22006
NA,"""Massachusetts""","""25""","""2017""","""2017""","""None checked""","""1""",48625
NA,"""Massachusetts""","""25""","""2017""","""2017""","""Unknown or Not Stated""","""9""",71
NA,"""Massachusetts""","""25""","""2018""","""2018""","""At least one checked""","""0""",22124
NA,"""Massachusetts""","""25""","""2018""","""2018""","""None checked""","""1""",46909
NA,"""Massachusetts""","""25""","""2018""","""2018""","""Unknown or Not Stated""","""9""",76
NA,"""Massachusetts""","""25""","""2019""","""2019""","""At least one checked""","""0""",22389
NA,"""Massachusetts""","""25""","""2019""","""2019""","""None checked""","""1""",46591
NA,"""Massachusetts""","""25""","""2019""","""2019""","""Unknown or Not Stated""","""9""",137
NA,"""Massachusetts""","""25""","""2020""","""2020""","""At least one checked""","""0""",22892
NA,"""Massachusetts""","""25""","""2020""","""2020""","""None checked""","""1""",43303
NA,"""Massachusetts""","""25""","""2020""","""2020""","""Unknown or Not Stated""","""9""",233
NA,"""Massachusetts""","""25""","""2021""","""2021""","""At least one checked""","""0""",24451
NA,"""Massachusetts""","""25""","""2021""","""2021""","""None checked""","""1""",44474
NA,"""Massachusetts""","""25""","""2021""","""2021""","""Unknown or Not Stated""","""9""",212
NA,"""Michigan""","""26""","""2016""","""2016""","""At least one checked""","""0""",31036
NA,"""Michigan""","""26""","""2016""","""2016""","""None checked""","""1""",82011
NA,"""Michigan""","""26""","""2016""","""2016""","""Unknown or Not Stated""","""9""",268
NA,"""Michigan""","""26""","""2017""","""2017""","""At least one checked""","""0""",31376
NA,"""Michigan""","""26""","""2017""","""2017""","""None checked""","""1""",79738
NA,"""Michigan""","""26""","""2017""","""2017""","""Unknown or Not Stated""","""9""",312
NA,"""Michigan""","""26""","""2018""","""2018""","""At least one checked""","""0""",32319
NA,"""Michigan""","""26""","""2018""","""2018""","""None checked""","""1""",77444
NA,"""Michigan""","""26""","""2018""","""2018""","""Unknown or Not Stated""","""9""",269
NA,"""Michigan""","""26""","""2019""","""2019""","""At least one checked""","""0""",33428
NA,"""Michigan""","""26""","""2019""","""2019""","""None checked""","""1""",74219
NA,"""Michigan""","""26""","""2019""","""2019""","""Unknown or Not Stated""","""9""",239
NA,"""Michigan""","""26""","""2020""","""2020""","""At least one checked""","""0""",32358
NA,"""Michigan""","""26""","""2020""","""2020""","""None checked""","""1""",71534
NA,"""Michigan""","""26""","""2020""","""2020""","""Unknown or Not Stated""","""9""",182
NA,"""Michigan""","""26""","""2021""","""2021""","""At least one checked""","""0""",34593
NA,"""Michigan""","""26""","""2021""","""2021""","""None checked""","""1""",70242
NA,"""Michigan""","""26""","""2021""","""2021""","""Unknown or Not Stated""","""9""",145
NA,"""Minnesota""","""27""","""2016""","""2016""","""At least one checked""","""0""",20718
NA,"""Minnesota""","""27""","""2016""","""2016""","""None checked""","""1""",48967
NA,"""Minnesota""","""27""","""2016""","""2016""","""Unknown or Not Stated""","""9""",64
NA,"""Minnesota""","""27""","""2017""","""2017""","""At least one checked""","""0""",21218
NA,"""Minnesota""","""27""","""2017""","""2017""","""None checked""","""1""",47274
NA,"""Minnesota""","""27""","""2017""","""2017""","""Unknown or Not Stated""","""9""",103
NA,"""Minnesota""","""27""","""2018""","""2018""","""At least one checked""","""0""",21415
NA,"""Minnesota""","""27""","""2018""","""2018""","""None checked""","""1""",45886
NA,"""Minnesota""","""27""","""2018""","""2018""","""Unknown or Not Stated""","""9""",43
NA,"""Minnesota""","""27""","""2019""","""2019""","""At least one checked""","""0""",22103
NA,"""Minnesota""","""27""","""2019""","""2019""","""None checked""","""1""",43845
NA,"""Minnesota""","""27""","""2019""","""2019""","""Unknown or Not Stated""","""9""",79
NA,"""Minnesota""","""27""","""2020""","""2020""","""At least one checked""","""0""",22317
NA,"""Minnesota""","""27""","""2020""","""2020""","""None checked""","""1""",41072
NA,"""Minnesota""","""27""","""2020""","""2020""","""Unknown or Not Stated""","""9""",54
NA,"""Minnesota""","""27""","""2021""","""2021""","""At least one checked""","""0""",23777
NA,"""Minnesota""","""27""","""2021""","""2021""","""None checked""","""1""",40603
NA,"""Minnesota""","""27""","""2021""","""2021""","""Unknown or Not Stated""","""9""",45
NA,"""Mississippi""","""28""","""2016""","""2016""","""At least one checked""","""0""",11533
NA,"""Mississippi""","""28""","""2016""","""2016""","""None checked""","""1""",26384
NA,"""Mississippi""","""28""","""2016""","""2016""","""Unknown or Not Stated""","""9""",11
NA,"""Mississippi""","""28""","""2017""","""2017""","""At least one checked""","""0""",11708
NA,"""Mississippi""","""28""","""2017""","""2017""","""None checked""","""1""",25639
NA,"""Mississippi""","""28""","""2017""","""2017""","""Unknown or Not Stated""","""9""",10
NA,"""Mississippi""","""28""","""2018""","""2018""","""At least one checked""","""0""",12078
NA,"""Mississippi""","""28""","""2018""","""2018""","""None checked""","""1""",24905
NA,"""Mississippi""","""28""","""2018""","""2018""","""Unknown or Not Stated""","""9""",17
NA,"""Mississippi""","""28""","""2019""","""2019""","""At least one checked""","""0""",12863
NA,"""Mississippi""","""28""","""2019""","""2019""","""None checked""","""1""",23762
NA,"""Mississippi""","""28""","""2019""","""2019""","""Unknown or Not Stated""","""9""",11
NA,"""Mississippi""","""28""","""2020""","""2020""","""At least one checked""","""0""",12490
NA,"""Mississippi""","""28""","""2020""","""2020""","""None checked""","""1""",22978
NA,"""Mississippi""","""28""","""2021""","""2021""","""At least one checked""","""0""",12971
NA,"""Mississippi""","""28""","""2021""","""2021""","""None checked""","""1""",22176
NA,"""Missouri""","""29""","""2016""","""2016""","""At least one checked""","""0""",21811
NA,"""Missouri""","""29""","""2016""","""2016""","""None checked""","""1""",52893
NA,"""Missouri""","""29""","""2017""","""2017""","""At least one checked""","""0""",22501
NA,"""Missouri""","""29""","""2017""","""2017""","""None checked""","""1""",50533
NA,"""Missouri""","""29""","""2018""","""2018""","""At least one checked""","""0""",23100
NA,"""Missouri""","""29""","""2018""","""2018""","""None checked""","""1""",50169
NA,"""Missouri""","""29""","""2019""","""2019""","""At least one checked""","""0""",23861
NA,"""Missouri""","""29""","""2019""","""2019""","""None checked""","""1""",48263
NA,"""Missouri""","""29""","""2020""","""2020""","""At least one checked""","""0""",23653
NA,"""Missouri""","""29""","""2020""","""2020""","""None checked""","""1""",45630
NA,"""Missouri""","""29""","""2021""","""2021""","""At least one checked""","""0""",24582
NA,"""Missouri""","""29""","""2021""","""2021""","""None checked""","""1""",44869
NA,"""Montana""","""30""","""2016""","""2016""","""At least one checked""","""0""",3279
NA,"""Montana""","""30""","""2016""","""2016""","""None checked""","""1""",8991
NA,"""Montana""","""30""","""2016""","""2016""","""Unknown or Not Stated""","""9""",12
NA,"""Montana""","""30""","""2017""","""2017""","""At least one checked""","""0""",3158
NA,"""Montana""","""30""","""2017""","""2017""","""None checked""","""1""",8634
NA,"""Montana""","""30""","""2018""","""2018""","""At least one checked""","""0""",3207
NA,"""Montana""","""30""","""2018""","""2018""","""None checked""","""1""",8300
NA,"""Montana""","""30""","""2019""","""2019""","""At least one checked""","""0""",3331
NA,"""Montana""","""30""","""2019""","""2019""","""None checked""","""1""",7746
NA,"""Montana""","""30""","""2020""","""2020""","""At least one checked""","""0""",3369
NA,"""Montana""","""30""","""2020""","""2020""","""None checked""","""1""",7421
NA,"""Montana""","""30""","""2021""","""2021""","""At least one checked""","""0""",3466
NA,"""Montana""","""30""","""2021""","""2021""","""None checked""","""1""",7765
NA,"""Nebraska""","""31""","""2016""","""2016""","""At least one checked""","""0""",8276
NA,"""Nebraska""","""31""","""2016""","""2016""","""None checked""","""1""",18276
NA,"""Nebraska""","""31""","""2016""","""2016""","""Unknown or Not Stated""","""9""",37
NA,"""Nebraska""","""31""","""2017""","""2017""","""At least one checked""","""0""",8330
NA,"""Nebraska""","""31""","""2017""","""2017""","""None checked""","""1""",17465
NA,"""Nebraska""","""31""","""2017""","""2017""","""Unknown or Not Stated""","""9""",26
NA,"""Nebraska""","""31""","""2018""","""2018""","""At least one checked""","""0""",8425
NA,"""Nebraska""","""31""","""2018""","""2018""","""None checked""","""1""",17036
NA,"""Nebraska""","""31""","""2018""","""2018""","""Unknown or Not Stated""","""9""",27
NA,"""Nebraska""","""31""","""2019""","""2019""","""At least one checked""","""0""",8469
NA,"""Nebraska""","""31""","""2019""","""2019""","""None checked""","""1""",16256
NA,"""Nebraska""","""31""","""2019""","""2019""","""Unknown or Not Stated""","""9""",30
NA,"""Nebraska""","""31""","""2020""","""2020""","""At least one checked""","""0""",8593
NA,"""Nebraska""","""31""","""2020""","""2020""","""None checked""","""1""",15646
NA,"""Nebraska""","""31""","""2020""","""2020""","""Unknown or Not Stated""","""9""",52
NA,"""Nebraska""","""31""","""2021""","""2021""","""At least one checked""","""0""",8758
NA,"""Nebraska""","""31""","""2021""","""2021""","""None checked""","""1""",15814
NA,"""Nebraska""","""31""","""2021""","""2021""","""Unknown or Not Stated""","""9""",37
NA,"""Nevada""","""32""","""2016""","""2016""","""At least one checked""","""0""",10006
NA,"""Nevada""","""32""","""2016""","""2016""","""None checked""","""1""",26254
NA,"""Nevada""","""32""","""2017""","""2017""","""At least one checked""","""0""",9791
NA,"""Nevada""","""32""","""2017""","""2017""","""None checked""","""1""",25965
NA,"""Nevada""","""32""","""2018""","""2018""","""At least one checked""","""0""",10595
NA,"""Nevada""","""32""","""2018""","""2018""","""None checked""","""1""",25085
NA,"""Nevada""","""32""","""2019""","""2019""","""At least one checked""","""0""",10178
NA,"""Nevada""","""32""","""2019""","""2019""","""None checked""","""1""",24893
NA,"""Nevada""","""32""","""2020""","""2020""","""At least one checked""","""0""",10473
NA,"""Nevada""","""32""","""2020""","""2020""","""None checked""","""1""",23180
NA,"""Nevada""","""32""","""2021""","""2021""","""At least one checked""","""0""",10972
NA,"""Nevada""","""32""","""2021""","""2021""","""None checked""","""1""",22714
NA,"""New Hampshire""","""33""","""2016""","""2016""","""At least one checked""","""0""",3455
NA,"""New Hampshire""","""33""","""2016""","""2016""","""None checked""","""1""",8705
NA,"""New Hampshire""","""33""","""2016""","""2016""","""Unknown or Not Stated""","""9""",107
NA,"""New Hampshire""","""33""","""2017""","""2017""","""At least one checked""","""0""",3724
NA,"""New Hampshire""","""33""","""2017""","""2017""","""None checked""","""1""",8345
NA,"""New Hampshire""","""33""","""2017""","""2017""","""Unknown or Not Stated""","""9""",47
NA,"""New Hampshire""","""33""","""2018""","""2018""","""At least one checked""","""0""",4008
NA,"""New Hampshire""","""33""","""2018""","""2018""","""None checked""","""1""",7940
NA,"""New Hampshire""","""33""","""2018""","""2018""","""Unknown or Not Stated""","""9""",47
NA,"""New Hampshire""","""33""","""2019""","""2019""","""At least one checked""","""0""",3943
NA,"""New Hampshire""","""33""","""2019""","""2019""","""None checked""","""1""",7852
NA,"""New Hampshire""","""33""","""2019""","""2019""","""Unknown or Not Stated""","""9""",44
NA,"""New Hampshire""","""33""","""2020""","""2020""","""At least one checked""","""0""",4174
NA,"""New Hampshire""","""33""","""2020""","""2020""","""None checked""","""1""",7581
NA,"""New Hampshire""","""33""","""2020""","""2020""","""Unknown or Not Stated""","""9""",36
NA,"""New Hampshire""","""33""","""2021""","""2021""","""At least one checked""","""0""",4530
NA,"""New Hampshire""","""33""","""2021""","""2021""","""None checked""","""1""",8058
NA,"""New Hampshire""","""33""","""2021""","""2021""","""Unknown or Not Stated""","""9""",37
NA,"""New Jersey""","""34""","""2016""","""2016""","""At least one checked""","""0""",32804
NA,"""New Jersey""","""34""","""2016""","""2016""","""None checked""","""1""",69836
NA,"""New Jersey""","""34""","""2017""","""2017""","""At least one checked""","""0""",33242
NA,"""New Jersey""","""34""","""2017""","""2017""","""None checked""","""1""",68001
NA,"""New Jersey""","""34""","""2018""","""2018""","""At least one checked""","""0""",34599
NA,"""New Jersey""","""34""","""2018""","""2018""","""None checked""","""1""",66617
NA,"""New Jersey""","""34""","""2019""","""2019""","""At least one checked""","""0""",34739
NA,"""New Jersey""","""34""","""2019""","""2019""","""None checked""","""1""",64840
NA,"""New Jersey""","""34""","""2020""","""2020""","""At least one checked""","""0""",35089
NA,"""New Jersey""","""34""","""2020""","""2020""","""None checked""","""1""",62857
NA,"""New Jersey""","""34""","""2021""","""2021""","""At least one checked""","""0""",36904
NA,"""New Jersey""","""34""","""2021""","""2021""","""None checked""","""1""",64584
NA,"""New Mexico""","""35""","""2016""","""2016""","""At least one checked""","""0""",6919
NA,"""New Mexico""","""35""","""2016""","""2016""","""None checked""","""1""",17773
NA,"""New Mexico""","""35""","""2017""","""2017""","""At least one checked""","""0""",6680
NA,"""New Mexico""","""35""","""2017""","""2017""","""None checked""","""1""",17087
NA,"""New Mexico""","""35""","""2018""","""2018""","""At least one checked""","""0""",7110
NA,"""New Mexico""","""35""","""2018""","""2018""","""None checked""","""1""",15929
NA,"""New Mexico""","""35""","""2019""","""2019""","""At least one checked""","""0""",6928
NA,"""New Mexico""","""35""","""2019""","""2019""","""None checked""","""1""",16027
NA,"""New Mexico""","""35""","""2020""","""2020""","""At least one checked""","""0""",6657
NA,"""New Mexico""","""35""","""2020""","""2020""","""None checked""","""1""",15244
NA,"""New Mexico""","""35""","""2021""","""2021""","""At least one checked""","""0""",6917
NA,"""New Mexico""","""35""","""2021""","""2021""","""None checked""","""1""",14472
NA,"""New York""","""36""","""2016""","""2016""","""At least one checked""","""0""",76196
NA,"""New York""","""36""","""2016""","""2016""","""None checked""","""1""",157869
NA,"""New York""","""36""","""2016""","""2016""","""Unknown or Not Stated""","""9""",218
NA,"""New York""","""36""","""2017""","""2017""","""At least one checked""","""0""",75312
NA,"""New York""","""36""","""2017""","""2017""","""None checked""","""1""",154019
NA,"""New York""","""36""","""2017""","""2017""","""Unknown or Not Stated""","""9""",406
NA,"""New York""","""36""","""2018""","""2018""","""At least one checked""","""0""",75766
NA,"""New York""","""36""","""2018""","""2018""","""None checked""","""1""",149978
NA,"""New York""","""36""","""2018""","""2018""","""Unknown or Not Stated""","""9""",494
NA,"""New York""","""36""","""2019""","""2019""","""At least one checked""","""0""",75236
NA,"""New York""","""36""","""2019""","""2019""","""None checked""","""1""",145819
NA,"""New York""","""36""","""2019""","""2019""","""Unknown or Not Stated""","""9""",484
NA,"""New York""","""36""","""2020""","""2020""","""At least one checked""","""0""",73874
NA,"""New York""","""36""","""2020""","""2020""","""None checked""","""1""",135066
NA,"""New York""","""36""","""2020""","""2020""","""Unknown or Not Stated""","""9""",398
NA,"""New York""","""36""","""2021""","""2021""","""At least one checked""","""0""",75372
NA,"""New York""","""36""","""2021""","""2021""","""None checked""","""1""",134919
NA,"""New York""","""36""","""2021""","""2021""","""Unknown or Not Stated""","""9""",451
NA,"""North Carolina""","""37""","""2016""","""2016""","""At least one checked""","""0""",34749
NA,"""North Carolina""","""37""","""2016""","""2016""","""None checked""","""1""",86014
NA,"""North Carolina""","""37""","""2016""","""2016""","""Unknown or Not Stated""","""9""",16
NA,"""North Carolina""","""37""","""2017""","""2017""","""At least one checked""","""0""",36625
NA,"""North Carolina""","""37""","""2017""","""2017""","""None checked""","""1""",83490
NA,"""North Carolina""","""37""","""2017""","""2017""","""Unknown or Not Stated""","""9""",10
NA,"""North Carolina""","""37""","""2018""","""2018""","""At least one checked""","""0""",37294
NA,"""North Carolina""","""37""","""2018""","""2018""","""None checked""","""1""",81640
NA,"""North Carolina""","""37""","""2018""","""2018""","""Unknown or Not Stated""","""9""",20
NA,"""North Carolina""","""37""","""2019""","""2019""","""At least one checked""","""0""",37628
NA,"""North Carolina""","""37""","""2019""","""2019""","""None checked""","""1""",81091
NA,"""North Carolina""","""37""","""2020""","""2020""","""At least one checked""","""0""",39259
NA,"""North Carolina""","""37""","""2020""","""2020""","""None checked""","""1""",77462
NA,"""North Carolina""","""37""","""2021""","""2021""","""At least one checked""","""0""",42138
NA,"""North Carolina""","""37""","""2021""","""2021""","""None checked""","""1""",78305
NA,"""North Carolina""","""37""","""2021""","""2021""","""Unknown or Not Stated""","""9""",23
NA,"""North Dakota""","""38""","""2016""","""2016""","""At least one checked""","""0""",3212
NA,"""North Dakota""","""38""","""2016""","""2016""","""None checked""","""1""",8171
NA,"""North Dakota""","""38""","""2017""","""2017""","""At least one checked""","""0""",3104
NA,"""North Dakota""","""38""","""2017""","""2017""","""None checked""","""1""",7632
NA,"""North Dakota""","""38""","""2018""","""2018""","""At least one checked""","""0""",3191
NA,"""North Dakota""","""38""","""2018""","""2018""","""None checked""","""1""",7443
NA,"""North Dakota""","""38""","""2019""","""2019""","""At least one checked""","""0""",3278
NA,"""North Dakota""","""38""","""2019""","""2019""","""None checked""","""1""",7176
NA,"""North Dakota""","""38""","""2020""","""2020""","""At least one checked""","""0""",3348
NA,"""North Dakota""","""38""","""2020""","""2020""","""None checked""","""1""",6711
NA,"""North Dakota""","""38""","""2021""","""2021""","""At least one checked""","""0""",3452
NA,"""North Dakota""","""38""","""2021""","""2021""","""None checked""","""1""",6660
NA,"""Ohio""","""39""","""2016""","""2016""","""At least one checked""","""0""",47443
NA,"""Ohio""","""39""","""2016""","""2016""","""None checked""","""1""",90615
NA,"""Ohio""","""39""","""2016""","""2016""","""Unknown or Not Stated""","""9""",27
NA,"""Ohio""","""39""","""2017""","""2017""","""At least one checked""","""0""",47947
NA,"""Ohio""","""39""","""2017""","""2017""","""None checked""","""1""",88871
NA,"""Ohio""","""39""","""2017""","""2017""","""Unknown or Not Stated""","""9""",14
NA,"""Ohio""","""39""","""2018""","""2018""","""At least one checked""","""0""",49136
NA,"""Ohio""","""39""","""2018""","""2018""","""None checked""","""1""",85986
NA,"""Ohio""","""39""","""2018""","""2018""","""Unknown or Not Stated""","""9""",12
NA,"""Ohio""","""39""","""2019""","""2019""","""At least one checked""","""0""",50041
NA,"""Ohio""","""39""","""2019""","""2019""","""None checked""","""1""",84412
NA,"""Ohio""","""39""","""2020""","""2020""","""At least one checked""","""0""",49701
NA,"""Ohio""","""39""","""2020""","""2020""","""None checked""","""1""",79474
NA,"""Ohio""","""39""","""2020""","""2020""","""Unknown or Not Stated""","""9""",16
NA,"""Ohio""","""39""","""2021""","""2021""","""At least one checked""","""0""",51278
NA,"""Ohio""","""39""","""2021""","""2021""","""None checked""","""1""",78494
NA,"""Ohio""","""39""","""2021""","""2021""","""Unknown or Not Stated""","""9""",19
NA,"""Oklahoma""","""40""","""2016""","""2016""","""At least one checked""","""0""",15245
NA,"""Oklahoma""","""40""","""2016""","""2016""","""None checked""","""1""",37346
NA,"""Oklahoma""","""40""","""2017""","""2017""","""At least one checked""","""0""",14995
NA,"""Oklahoma""","""40""","""2017""","""2017""","""None checked""","""1""",35218
NA,"""Oklahoma""","""40""","""2018""","""2018""","""At least one checked""","""0""",15839
NA,"""Oklahoma""","""40""","""2018""","""2018""","""None checked""","""1""",33961
NA,"""Oklahoma""","""40""","""2019""","""2019""","""At least one checked""","""0""",15805
NA,"""Oklahoma""","""40""","""2019""","""2019""","""None checked""","""1""",33336
NA,"""Oklahoma""","""40""","""2020""","""2020""","""At least one checked""","""0""",15667
NA,"""Oklahoma""","""40""","""2020""","""2020""","""None checked""","""1""",31956
NA,"""Oklahoma""","""40""","""2021""","""2021""","""At least one checked""","""0""",16037
NA,"""Oklahoma""","""40""","""2021""","""2021""","""None checked""","""1""",32367
NA,"""Oregon""","""41""","""2016""","""2016""","""At least one checked""","""0""",14166
NA,"""Oregon""","""41""","""2016""","""2016""","""None checked""","""1""",31367
NA,"""Oregon""","""41""","""2017""","""2017""","""At least one checked""","""0""",14164
NA,"""Oregon""","""41""","""2017""","""2017""","""None checked""","""1""",29467
NA,"""Oregon""","""41""","""2018""","""2018""","""At least one checked""","""0""",14293
NA,"""Oregon""","""41""","""2018""","""2018""","""None checked""","""1""",27895
NA,"""Oregon""","""41""","""2019""","""2019""","""At least one checked""","""0""",14338
NA,"""Oregon""","""41""","""2019""","""2019""","""None checked""","""1""",27518
NA,"""Oregon""","""41""","""2020""","""2020""","""At least one checked""","""0""",13952
NA,"""Oregon""","""41""","""2020""","""2020""","""None checked""","""1""",25866
NA,"""Oregon""","""41""","""2021""","""2021""","""At least one checked""","""0""",14990
NA,"""Oregon""","""41""","""2021""","""2021""","""None checked""","""1""",25924
NA,"""Pennsylvania""","""42""","""2016""","""2016""","""At least one checked""","""0""",40176
NA,"""Pennsylvania""","""42""","""2016""","""2016""","""None checked""","""1""",99212
NA,"""Pennsylvania""","""42""","""2016""","""2016""","""Unknown or Not Stated""","""9""",21
NA,"""Pennsylvania""","""42""","""2017""","""2017""","""At least one checked""","""0""",41612
NA,"""Pennsylvania""","""42""","""2017""","""2017""","""None checked""","""1""",96105
NA,"""Pennsylvania""","""42""","""2017""","""2017""","""Unknown or Not Stated""","""9""",28
NA,"""Pennsylvania""","""42""","""2018""","""2018""","""At least one checked""","""0""",42425
NA,"""Pennsylvania""","""42""","""2018""","""2018""","""None checked""","""1""",93210
NA,"""Pennsylvania""","""42""","""2018""","""2018""","""Unknown or Not Stated""","""9""",38
NA,"""Pennsylvania""","""42""","""2019""","""2019""","""At least one checked""","""0""",43717
NA,"""Pennsylvania""","""42""","""2019""","""2019""","""None checked""","""1""",90481
NA,"""Pennsylvania""","""42""","""2019""","""2019""","""Unknown or Not Stated""","""9""",32
NA,"""Pennsylvania""","""42""","""2020""","""2020""","""At least one checked""","""0""",44971
NA,"""Pennsylvania""","""42""","""2020""","""2020""","""None checked""","""1""",85677
NA,"""Pennsylvania""","""42""","""2020""","""2020""","""Unknown or Not Stated""","""9""",45
NA,"""Pennsylvania""","""42""","""2021""","""2021""","""At least one checked""","""0""",48471
NA,"""Pennsylvania""","""42""","""2021""","""2021""","""None checked""","""1""",83878
NA,"""Pennsylvania""","""42""","""2021""","""2021""","""Unknown or Not Stated""","""9""",273
NA,"""Rhode Island""","""44""","""2016""","""2016""","""At least one checked""","""0""",3272
NA,"""Rhode Island""","""44""","""2016""","""2016""","""None checked""","""1""",7519
NA,"""Rhode Island""","""44""","""2017""","""2017""","""At least one checked""","""0""",3357
NA,"""Rhode Island""","""44""","""2017""","""2017""","""None checked""","""1""",7278
NA,"""Rhode Island""","""44""","""2018""","""2018""","""At least one checked""","""0""",3430
NA,"""Rhode Island""","""44""","""2018""","""2018""","""None checked""","""1""",7071
NA,"""Rhode Island""","""44""","""2019""","""2019""","""At least one checked""","""0""",3401
NA,"""Rhode Island""","""44""","""2019""","""2019""","""None checked""","""1""",6760
NA,"""Rhode Island""","""44""","""2019""","""2019""","""Unknown or Not Stated""","""9""",14
NA,"""Rhode Island""","""44""","""2020""","""2020""","""At least one checked""","""0""",3480
NA,"""Rhode Island""","""44""","""2020""","""2020""","""None checked""","""1""",6604
NA,"""Rhode Island""","""44""","""2020""","""2020""","""Unknown or Not Stated""","""9""",17
NA,"""Rhode Island""","""44""","""2021""","""2021""","""At least one checked""","""0""",3761
NA,"""Rhode Island""","""44""","""2021""","""2021""","""None checked""","""1""",6689
NA,"""Rhode Island""","""44""","""2021""","""2021""","""Unknown or Not Stated""","""9""",14
NA,"""South Carolina""","""45""","""2016""","""2016""","""At least one checked""","""0""",18776
NA,"""South Carolina""","""45""","""2016""","""2016""","""None checked""","""1""",38564
NA,"""South Carolina""","""45""","""2017""","""2017""","""At least one checked""","""0""",19171
NA,"""South Carolina""","""45""","""2017""","""2017""","""None checked""","""1""",37855
NA,"""South Carolina""","""45""","""2018""","""2018""","""At least one checked""","""0""",19351
NA,"""South Carolina""","""45""","""2018""","""2018""","""None checked""","""1""",37314
NA,"""South Carolina""","""45""","""2019""","""2019""","""At least one checked""","""0""",19217
NA,"""South Carolina""","""45""","""2019""","""2019""","""None checked""","""1""",37817
NA,"""South Carolina""","""45""","""2020""","""2020""","""At least one checked""","""0""",19727
NA,"""South Carolina""","""45""","""2020""","""2020""","""None checked""","""1""",35972
NA,"""South Carolina""","""45""","""2021""","""2021""","""At least one checked""","""0""",19430
NA,"""South Carolina""","""45""","""2021""","""2021""","""None checked""","""1""",37688
NA,"""South Carolina""","""45""","""2021""","""2021""","""Unknown or Not Stated""","""9""",67
NA,"""South Dakota""","""46""","""2016""","""2016""","""At least one checked""","""0""",3681
NA,"""South Dakota""","""46""","""2016""","""2016""","""None checked""","""1""",8593
NA,"""South Dakota""","""46""","""2017""","""2017""","""At least one checked""","""0""",3621
NA,"""South Dakota""","""46""","""2017""","""2017""","""None checked""","""1""",8509
NA,"""South Dakota""","""46""","""2018""","""2018""","""At least one checked""","""0""",3753
NA,"""South Dakota""","""46""","""2018""","""2018""","""None checked""","""1""",8128
NA,"""South Dakota""","""46""","""2018""","""2018""","""Unknown or Not Stated""","""9""",12
NA,"""South Dakota""","""46""","""2019""","""2019""","""At least one checked""","""0""",3630
NA,"""South Dakota""","""46""","""2019""","""2019""","""None checked""","""1""",7816
NA,"""South Dakota""","""46""","""2020""","""2020""","""At least one checked""","""0""",3549
NA,"""South Dakota""","""46""","""2020""","""2020""","""None checked""","""1""",7402
NA,"""South Dakota""","""46""","""2021""","""2021""","""At least one checked""","""0""",3878
NA,"""South Dakota""","""46""","""2021""","""2021""","""None checked""","""1""",7486
NA,"""Tennessee""","""47""","""2016""","""2016""","""At least one checked""","""0""",22745
NA,"""Tennessee""","""47""","""2016""","""2016""","""None checked""","""1""",58058
NA,"""Tennessee""","""47""","""2017""","""2017""","""At least one checked""","""0""",23500
NA,"""Tennessee""","""47""","""2017""","""2017""","""None checked""","""1""",57448
NA,"""Tennessee""","""47""","""2017""","""2017""","""Unknown or Not Stated""","""9""",68
NA,"""Tennessee""","""47""","""2018""","""2018""","""At least one checked""","""0""",24391
NA,"""Tennessee""","""47""","""2018""","""2018""","""None checked""","""1""",56319
NA,"""Tennessee""","""47""","""2018""","""2018""","""Unknown or Not Stated""","""9""",41
NA,"""Tennessee""","""47""","""2019""","""2019""","""At least one checked""","""0""",26465
NA,"""Tennessee""","""47""","""2019""","""2019""","""None checked""","""1""",53981
NA,"""Tennessee""","""47""","""2020""","""2020""","""At least one checked""","""0""",26414
NA,"""Tennessee""","""47""","""2020""","""2020""","""None checked""","""1""",52273
NA,"""Tennessee""","""47""","""2021""","""2021""","""At least one checked""","""0""",28542
NA,"""Tennessee""","""47""","""2021""","""2021""","""None checked""","""1""",53170
NA,"""Texas""","""48""","""2016""","""2016""","""At least one checked""","""0""",110402
NA,"""Texas""","""48""","""2016""","""2016""","""None checked""","""1""",287643
NA,"""Texas""","""48""","""2017""","""2017""","""At least one checked""","""0""",112130
NA,"""Texas""","""48""","""2017""","""2017""","""None checked""","""1""",269919
NA,"""Texas""","""48""","""2018""","""2018""","""At least one checked""","""0""",114299
NA,"""Texas""","""48""","""2018""","""2018""","""None checked""","""1""",264292
NA,"""Texas""","""48""","""2018""","""2018""","""Unknown or Not Stated""","""9""",33
NA,"""Texas""","""48""","""2019""","""2019""","""At least one checked""","""0""",109919
NA,"""Texas""","""48""","""2019""","""2019""","""None checked""","""1""",267280
NA,"""Texas""","""48""","""2019""","""2019""","""Unknown or Not Stated""","""9""",400
NA,"""Texas""","""48""","""2020""","""2020""","""At least one checked""","""0""",112258
NA,"""Texas""","""48""","""2020""","""2020""","""None checked""","""1""",255435
NA,"""Texas""","""48""","""2020""","""2020""","""Unknown or Not Stated""","""9""",497
NA,"""Texas""","""48""","""2021""","""2021""","""At least one checked""","""0""",115713
NA,"""Texas""","""48""","""2021""","""2021""","""None checked""","""1""",257323
NA,"""Texas""","""48""","""2021""","""2021""","""Unknown or Not Stated""","""9""",558
NA,"""Utah""","""49""","""2016""","""2016""","""At least one checked""","""0""",15705
NA,"""Utah""","""49""","""2016""","""2016""","""None checked""","""1""",34759
NA,"""Utah""","""49""","""2017""","""2017""","""At least one checked""","""0""",15828
NA,"""Utah""","""49""","""2017""","""2017""","""None checked""","""1""",32756
NA,"""Utah""","""49""","""2018""","""2018""","""At least one checked""","""0""",15785
NA,"""Utah""","""49""","""2018""","""2018""","""None checked""","""1""",31423
NA,"""Utah""","""49""","""2019""","""2019""","""At least one checked""","""0""",15709
NA,"""Utah""","""49""","""2019""","""2019""","""None checked""","""1""",31117
NA,"""Utah""","""49""","""2020""","""2020""","""At least one checked""","""0""",15492
NA,"""Utah""","""49""","""2020""","""2020""","""None checked""","""1""",30210
NA,"""Utah""","""49""","""2021""","""2021""","""At least one checked""","""0""",16194
NA,"""Utah""","""49""","""2021""","""2021""","""None checked""","""1""",30518
NA,"""Vermont""","""50""","""2016""","""2016""","""At least one checked""","""0""",1771
NA,"""Vermont""","""50""","""2016""","""2016""","""None checked""","""1""",3985
NA,"""Vermont""","""50""","""2017""","""2017""","""At least one checked""","""0""",1798
NA,"""Vermont""","""50""","""2017""","""2017""","""None checked""","""1""",3857
NA,"""Vermont""","""50""","""2018""","""2018""","""At least one checked""","""0""",1798
NA,"""Vermont""","""50""","""2018""","""2018""","""None checked""","""1""",3632
NA,"""Vermont""","""50""","""2019""","""2019""","""At least one checked""","""0""",1831
NA,"""Vermont""","""50""","""2019""","""2019""","""None checked""","""1""",3529
NA,"""Vermont""","""50""","""2020""","""2020""","""At least one checked""","""0""",1773
NA,"""Vermont""","""50""","""2020""","""2020""","""None checked""","""1""",3360
NA,"""Vermont""","""50""","""2021""","""2021""","""At least one checked""","""0""",2023
NA,"""Vermont""","""50""","""2021""","""2021""","""None checked""","""1""",3361
NA,"""Virginia""","""51""","""2016""","""2016""","""At least one checked""","""0""",29460
NA,"""Virginia""","""51""","""2016""","""2016""","""None checked""","""1""",72996
NA,"""Virginia""","""51""","""2017""","""2017""","""At least one checked""","""0""",29101
NA,"""Virginia""","""51""","""2017""","""2017""","""None checked""","""1""",71289
NA,"""Virginia""","""51""","""2018""","""2018""","""At least one checked""","""0""",30709
NA,"""Virginia""","""51""","""2018""","""2018""","""None checked""","""1""",69133
NA,"""Virginia""","""51""","""2019""","""2019""","""At least one checked""","""0""",30662
NA,"""Virginia""","""51""","""2019""","""2019""","""None checked""","""1""",66761
NA,"""Virginia""","""51""","""2020""","""2020""","""At least one checked""","""0""",31657
NA,"""Virginia""","""51""","""2020""","""2020""","""None checked""","""1""",63089
NA,"""Virginia""","""51""","""2021""","""2021""","""At least one checked""","""0""",33435
NA,"""Virginia""","""51""","""2021""","""2021""","""None checked""","""1""",62386
NA,"""Washington""","""53""","""2016""","""2016""","""At least one checked""","""0""",27168
NA,"""Washington""","""53""","""2016""","""2016""","""None checked""","""1""",62904
NA,"""Washington""","""53""","""2016""","""2016""","""Unknown or Not Stated""","""9""",433
NA,"""Washington""","""53""","""2017""","""2017""","""At least one checked""","""0""",27476
NA,"""Washington""","""53""","""2017""","""2017""","""None checked""","""1""",59709
NA,"""Washington""","""53""","""2017""","""2017""","""Unknown or Not Stated""","""9""",377
NA,"""Washington""","""53""","""2018""","""2018""","""At least one checked""","""0""",28015
NA,"""Washington""","""53""","""2018""","""2018""","""None checked""","""1""",58070
NA,"""Washington""","""53""","""2019""","""2019""","""At least one checked""","""0""",28794
NA,"""Washington""","""53""","""2019""","""2019""","""None checked""","""1""",56074
NA,"""Washington""","""53""","""2019""","""2019""","""Unknown or Not Stated""","""9""",27
NA,"""Washington""","""53""","""2020""","""2020""","""At least one checked""","""0""",28911
NA,"""Washington""","""53""","""2020""","""2020""","""None checked""","""1""",53597
NA,"""Washington""","""53""","""2020""","""2020""","""Unknown or Not Stated""","""9""",578
NA,"""Washington""","""53""","""2021""","""2021""","""At least one checked""","""0""",29719
NA,"""Washington""","""53""","""2021""","""2021""","""None checked""","""1""",53211
NA,"""Washington""","""53""","""2021""","""2021""","""Unknown or Not Stated""","""9""",981
NA,"""West Virginia""","""54""","""2016""","""2016""","""At least one checked""","""0""",6034
NA,"""West Virginia""","""54""","""2016""","""2016""","""None checked""","""1""",12947
NA,"""West Virginia""","""54""","""2016""","""2016""","""Unknown or Not Stated""","""9""",98
NA,"""West Virginia""","""54""","""2017""","""2017""","""At least one checked""","""0""",6163
NA,"""West Virginia""","""54""","""2017""","""2017""","""None checked""","""1""",12416
NA,"""West Virginia""","""54""","""2017""","""2017""","""Unknown or Not Stated""","""9""",96
NA,"""West Virginia""","""54""","""2018""","""2018""","""At least one checked""","""0""",6115
NA,"""West Virginia""","""54""","""2018""","""2018""","""None checked""","""1""",12057
NA,"""West Virginia""","""54""","""2018""","""2018""","""Unknown or Not Stated""","""9""",76
NA,"""West Virginia""","""54""","""2019""","""2019""","""At least one checked""","""0""",6181
NA,"""West Virginia""","""54""","""2019""","""2019""","""None checked""","""1""",11864
NA,"""West Virginia""","""54""","""2019""","""2019""","""Unknown or Not Stated""","""9""",91
NA,"""West Virginia""","""54""","""2020""","""2020""","""At least one checked""","""0""",6003
NA,"""West Virginia""","""54""","""2020""","""2020""","""None checked""","""1""",11227
NA,"""West Virginia""","""54""","""2020""","""2020""","""Unknown or Not Stated""","""9""",93
NA,"""West Virginia""","""54""","""2021""","""2021""","""At least one checked""","""0""",6302
NA,"""West Virginia""","""54""","""2021""","""2021""","""None checked""","""1""",10801
NA,"""West Virginia""","""54""","""2021""","""2021""","""Unknown or Not Stated""","""9""",95
NA,"""Wisconsin""","""55""","""2016""","""2016""","""At least one checked""","""0""",19893
NA,"""Wisconsin""","""55""","""2016""","""2016""","""None checked""","""1""",46509
NA,"""Wisconsin""","""55""","""2016""","""2016""","""Unknown or Not Stated""","""9""",213
NA,"""Wisconsin""","""55""","""2017""","""2017""","""At least one checked""","""0""",20335
NA,"""Wisconsin""","""55""","""2017""","""2017""","""None checked""","""1""",44466
NA,"""Wisconsin""","""55""","""2017""","""2017""","""Unknown or Not Stated""","""9""",174
NA,"""Wisconsin""","""55""","""2018""","""2018""","""At least one checked""","""0""",21039
NA,"""Wisconsin""","""55""","""2018""","""2018""","""None checked""","""1""",42871
NA,"""Wisconsin""","""55""","""2018""","""2018""","""Unknown or Not Stated""","""9""",188
NA,"""Wisconsin""","""55""","""2019""","""2019""","""At least one checked""","""0""",21435
NA,"""Wisconsin""","""55""","""2019""","""2019""","""None checked""","""1""",41624
NA,"""Wisconsin""","""55""","""2019""","""2019""","""Unknown or Not Stated""","""9""",211
NA,"""Wisconsin""","""55""","""2020""","""2020""","""At least one checked""","""0""",20946
NA,"""Wisconsin""","""55""","""2020""","""2020""","""None checked""","""1""",39582
NA,"""Wisconsin""","""55""","""2020""","""2020""","""Unknown or Not Stated""","""9""",66
NA,"""Wisconsin""","""55""","""2021""","""2021""","""At least one checked""","""0""",21519
NA,"""Wisconsin""","""55""","""2021""","""2021""","""None checked""","""1""",40167
NA,"""Wisconsin""","""55""","""2021""","""2021""","""Unknown or Not Stated""","""9""",95
NA,"""Wyoming""","""56""","""2016""","""2016""","""At least one checked""","""0""",1967
NA,"""Wyoming""","""56""","""2016""","""2016""","""None checked""","""1""",5419
NA,"""Wyoming""","""56""","""2017""","""2017""","""At least one checked""","""0""",1911
NA,"""Wyoming""","""56""","""2017""","""2017""","""None checked""","""1""",4991
NA,"""Wyoming""","""56""","""2018""","""2018""","""At least one checked""","""0""",1875
NA,"""Wyoming""","""56""","""2018""","""2018""","""None checked""","""1""",4687
NA,"""Wyoming""","""56""","""2019""","""2019""","""At least one checked""","""0""",1878
NA,"""Wyoming""","""56""","""2019""","""2019""","""None checked""","""1""",4687
NA,"""Wyoming""","""56""","""2020""","""2020""","""At least one checked""","""0""",1892
NA,"""Wyoming""","""56""","""2020""","""2020""","""None checked""","""1""",4235
NA,"""Wyoming""","""56""","""2021""","""2021""","""At least one checked""","""0""",1924
NA,"""Wyoming""","""56""","""2021""","""2021""","""None checked""","""1""",4311
